"indicatorId","indicator","county","value","eventCount","denominator","unit","period","source","latitude","longitude","suppressed"
"adult-asthma","Age-adjusted percentage of adults with current asthma","Albany","12",,,"Percentage","2022","NYS Expanded Behavioral Risk Factor Surveillance System, data as of November 2022","42.678066","-73.814233","False"
"adult-asthma","Age-adjusted percentage of adults with current asthma","Allegany","14.8",,,"Percentage","2022","NYS Expanded Behavioral Risk Factor Surveillance System, data as of November 2022","42.226801","-78.020567","False"
"adult-asthma","Age-adjusted percentage of adults with current asthma","Bronx","12.5",,,"Percentage","2022","NYS Expanded Behavioral Risk Factor Surveillance System, data as of November 2022","40.85589","-73.868294","False"
"adult-asthma","Age-adjusted percentage of adults with current asthma","Broome","12.7",,,"Percentage","2022","NYS Expanded Behavioral Risk Factor Surveillance System, data as of November 2022","42.122015","-75.933191","False"
"adult-asthma","Age-adjusted percentage of adults with current asthma","Cattaraugus","15.9",,,"Percentage","2022","NYS Expanded Behavioral Risk Factor Surveillance System, data as of November 2022","42.224267","-78.606673","False"
"adult-asthma","Age-adjusted percentage of adults with current asthma","Cayuga","8.2",,,"Percentage","2022","NYS Expanded Behavioral Risk Factor Surveillance System, data as of November 2022","42.940095","-76.560755","False"
"adult-asthma","Age-adjusted percentage of adults with current asthma","Chautauqua","12.4",,,"Percentage","2022","NYS Expanded Behavioral Risk Factor Surveillance System, data as of November 2022","42.246904","-79.315313","False"
"adult-asthma","Age-adjusted percentage of adults with current asthma","Chemung","8.6",,,"Percentage","2022","NYS Expanded Behavioral Risk Factor Surveillance System, data as of November 2022","42.116644","-76.812331","False"
"adult-asthma","Age-adjusted percentage of adults with current asthma","Chenango","13.1",,,"Percentage","2022","NYS Expanded Behavioral Risk Factor Surveillance System, data as of November 2022","42.481798","-75.570013","False"
"adult-asthma","Age-adjusted percentage of adults with current asthma","Clinton","15",,,"Percentage","2022","NYS Expanded Behavioral Risk Factor Surveillance System, data as of November 2022","44.731944","-73.548883","False"
"adult-asthma","Age-adjusted percentage of adults with current asthma","Columbia","6.4",,,"Percentage","2022","NYS Expanded Behavioral Risk Factor Surveillance System, data as of November 2022","42.276913","-73.682168","False"
"adult-asthma","Age-adjusted percentage of adults with current asthma","Cortland","11.9",,,"Percentage","2022","NYS Expanded Behavioral Risk Factor Surveillance System, data as of November 2022","42.597101","-76.143291","False"
"adult-asthma","Age-adjusted percentage of adults with current asthma","Delaware","9.3",,,"Percentage","2022","NYS Expanded Behavioral Risk Factor Surveillance System, data as of November 2022","42.242972","-74.997944","False"
"adult-asthma","Age-adjusted percentage of adults with current asthma","Dutchess","11.3",,,"Percentage","2022","NYS Expanded Behavioral Risk Factor Surveillance System, data as of November 2022","41.686216","-73.840468","False"
"adult-asthma","Age-adjusted percentage of adults with current asthma","Erie","12.8",,,"Percentage","2022","NYS Expanded Behavioral Risk Factor Surveillance System, data as of November 2022","42.888143","-78.795544","False"
"adult-asthma","Age-adjusted percentage of adults with current asthma","Essex","17.5",,,"Percentage","2022","NYS Expanded Behavioral Risk Factor Surveillance System, data as of November 2022","44.166026","-73.685145","False"
"adult-asthma","Age-adjusted percentage of adults with current asthma","Franklin","8.4",,,"Percentage","2022","NYS Expanded Behavioral Risk Factor Surveillance System, data as of November 2022","44.705699","-74.340621","False"
"adult-asthma","Age-adjusted percentage of adults with current asthma","Fulton","15.4",,,"Percentage","2022","NYS Expanded Behavioral Risk Factor Surveillance System, data as of November 2022","43.06014","-74.331296","False"
"adult-asthma","Age-adjusted percentage of adults with current asthma","Genesee","9.7",,,"Percentage","2022","NYS Expanded Behavioral Risk Factor Surveillance System, data as of November 2022","43.000121","-78.172679","False"
"adult-asthma","Age-adjusted percentage of adults with current asthma","Greene","18.9",,,"Percentage","2022","NYS Expanded Behavioral Risk Factor Surveillance System, data as of November 2022","42.298326","-73.973376","False"
"adult-asthma","Age-adjusted percentage of adults with current asthma","Hamilton",,,,"Percentage","2022","NYS Expanded Behavioral Risk Factor Surveillance System, data as of November 2022","43.618468","-74.395268","True"
"adult-asthma","Age-adjusted percentage of adults with current asthma","Herkimer","13.6",,,"Percentage","2022","NYS Expanded Behavioral Risk Factor Surveillance System, data as of November 2022","43.070026","-74.994246","False"
"adult-asthma","Age-adjusted percentage of adults with current asthma","Jefferson","13.6",,,"Percentage","2022","NYS Expanded Behavioral Risk Factor Surveillance System, data as of November 2022","44.019295","-75.898971","False"
"adult-asthma","Age-adjusted percentage of adults with current asthma","Kings","9",,,"Percentage","2022","NYS Expanded Behavioral Risk Factor Surveillance System, data as of November 2022","40.65642","-73.950691","False"
"adult-asthma","Age-adjusted percentage of adults with current asthma","Lewis","9",,,"Percentage","2022","NYS Expanded Behavioral Risk Factor Surveillance System, data as of November 2022","43.785537","-75.446296","False"
"adult-asthma","Age-adjusted percentage of adults with current asthma","Livingston","12.1",,,"Percentage","2022","NYS Expanded Behavioral Risk Factor Surveillance System, data as of November 2022","42.763754","-77.765392","False"
"adult-asthma","Age-adjusted percentage of adults with current asthma","Madison","13.1",,,"Percentage","2022","NYS Expanded Behavioral Risk Factor Surveillance System, data as of November 2022","42.986917","-75.720031","False"
"adult-asthma","Age-adjusted percentage of adults with current asthma","Monroe","13.1",,,"Percentage","2022","NYS Expanded Behavioral Risk Factor Surveillance System, data as of November 2022","43.161748","-77.620143","False"
"adult-asthma","Age-adjusted percentage of adults with current asthma","Montgomery","11",,,"Percentage","2022","NYS Expanded Behavioral Risk Factor Surveillance System, data as of November 2022","42.933637","-74.341972","False"
"adult-asthma","Age-adjusted percentage of adults with current asthma","Nassau","8.6",,,"Percentage","2022","NYS Expanded Behavioral Risk Factor Surveillance System, data as of November 2022","40.715749","-73.601185","False"
"adult-asthma","Age-adjusted percentage of adults with current asthma","New York","9.7",,,"Percentage","2022","NYS Expanded Behavioral Risk Factor Surveillance System, data as of November 2022","40.726966","-74.005966","False"
"adult-asthma","Age-adjusted percentage of adults with current asthma","New York State","10.1",,,"Percentage","2022","NYS Expanded Behavioral Risk Factor Surveillance System, data as of November 2022",,,"False"
"adult-asthma","Age-adjusted percentage of adults with current asthma","Niagara","12.5",,,"Percentage","2022","NYS Expanded Behavioral Risk Factor Surveillance System, data as of November 2022","43.134634","-78.856419","False"
"adult-asthma","Age-adjusted percentage of adults with current asthma","Oneida","11",,,"Percentage","2022","NYS Expanded Behavioral Risk Factor Surveillance System, data as of November 2022","43.149482","-75.361773","False"
"adult-asthma","Age-adjusted percentage of adults with current asthma","Onondaga","11.7",,,"Percentage","2022","NYS Expanded Behavioral Risk Factor Surveillance System, data as of November 2022","43.065629","-76.168033","False"
"adult-asthma","Age-adjusted percentage of adults with current asthma","Ontario","15.7",,,"Percentage","2022","NYS Expanded Behavioral Risk Factor Surveillance System, data as of November 2022","42.894571","-77.252045","False"
"adult-asthma","Age-adjusted percentage of adults with current asthma","Orange","9.6",,,"Percentage","2022","NYS Expanded Behavioral Risk Factor Surveillance System, data as of November 2022","41.422459","-74.241929","False"
"adult-asthma","Age-adjusted percentage of adults with current asthma","Orleans","14.7",,,"Percentage","2022","NYS Expanded Behavioral Risk Factor Surveillance System, data as of November 2022","43.248394","-78.218438","False"
"adult-asthma","Age-adjusted percentage of adults with current asthma","Oswego","14.7",,,"Percentage","2022","NYS Expanded Behavioral Risk Factor Surveillance System, data as of November 2022","43.39123","-76.31133","False"
"adult-asthma","Age-adjusted percentage of adults with current asthma","Otsego","14.4",,,"Percentage","2022","NYS Expanded Behavioral Risk Factor Surveillance System, data as of November 2022","42.564852","-75.060334","False"
"adult-asthma","Age-adjusted percentage of adults with current asthma","Putnam","10.1",,,"Percentage","2022","NYS Expanded Behavioral Risk Factor Surveillance System, data as of November 2022","41.41131","-73.717443","False"
"adult-asthma","Age-adjusted percentage of adults with current asthma","Queens","7.2",,,"Percentage","2022","NYS Expanded Behavioral Risk Factor Surveillance System, data as of November 2022","40.749338","-73.789673","False"
"adult-asthma","Age-adjusted percentage of adults with current asthma","Rensselaer","9.8",,,"Percentage","2022","NYS Expanded Behavioral Risk Factor Surveillance System, data as of November 2022","42.70098","-73.628669","False"
"adult-asthma","Age-adjusted percentage of adults with current asthma","Richmond","7.1",,,"Percentage","2022","NYS Expanded Behavioral Risk Factor Surveillance System, data as of November 2022","40.566763","-74.148102","False"
"adult-asthma","Age-adjusted percentage of adults with current asthma","Rockland","7.4",,,"Percentage","2022","NYS Expanded Behavioral Risk Factor Surveillance System, data as of November 2022","41.127287","-74.017033","False"
"adult-asthma","Age-adjusted percentage of adults with current asthma","Saratoga","9.8",,,"Percentage","2022","NYS Expanded Behavioral Risk Factor Surveillance System, data as of November 2022","43.00894","-73.786779","False"
"adult-asthma","Age-adjusted percentage of adults with current asthma","Schenectady","14",,,"Percentage","2022","NYS Expanded Behavioral Risk Factor Surveillance System, data as of November 2022","42.809233","-73.946838","False"
"adult-asthma","Age-adjusted percentage of adults with current asthma","Schoharie","15",,,"Percentage","2022","NYS Expanded Behavioral Risk Factor Surveillance System, data as of November 2022","42.643426","-74.434606","False"
"adult-asthma","Age-adjusted percentage of adults with current asthma","Schuyler","7.6",,,"Percentage","2022","NYS Expanded Behavioral Risk Factor Surveillance System, data as of November 2022","42.38593","-76.872032","False"
"adult-asthma","Age-adjusted percentage of adults with current asthma","Seneca","15.6",,,"Percentage","2022","NYS Expanded Behavioral Risk Factor Surveillance System, data as of November 2022","42.833627","-76.82753","False"
"adult-asthma","Age-adjusted percentage of adults with current asthma","St. Lawrence","12.5",,,"Percentage","2022","NYS Expanded Behavioral Risk Factor Surveillance System, data as of November 2022","44.689468","-75.242045","False"
"adult-asthma","Age-adjusted percentage of adults with current asthma","Steuben","16.9",,,"Percentage","2022","NYS Expanded Behavioral Risk Factor Surveillance System, data as of November 2022","42.270053","-77.324618","False"
"adult-asthma","Age-adjusted percentage of adults with current asthma","Suffolk","8.8",,,"Percentage","2022","NYS Expanded Behavioral Risk Factor Surveillance System, data as of November 2022","40.820237","-73.119032","False"
"adult-asthma","Age-adjusted percentage of adults with current asthma","Sullivan","12.3",,,"Percentage","2022","NYS Expanded Behavioral Risk Factor Surveillance System, data as of November 2022","41.705166","-74.711705","False"
"adult-asthma","Age-adjusted percentage of adults with current asthma","Tioga","18.1",,,"Percentage","2022","NYS Expanded Behavioral Risk Factor Surveillance System, data as of November 2022","42.120252","-76.29595","False"
"adult-asthma","Age-adjusted percentage of adults with current asthma","Tompkins","13.7",,,"Percentage","2022","NYS Expanded Behavioral Risk Factor Surveillance System, data as of November 2022","42.461024","-76.478784","False"
"adult-asthma","Age-adjusted percentage of adults with current asthma","Ulster","11.8",,,"Percentage","2022","NYS Expanded Behavioral Risk Factor Surveillance System, data as of November 2022","41.848374","-74.099412","False"
"adult-asthma","Age-adjusted percentage of adults with current asthma","Warren","15.7",,,"Percentage","2022","NYS Expanded Behavioral Risk Factor Surveillance System, data as of November 2022","43.403024","-73.716044","False"
"adult-asthma","Age-adjusted percentage of adults with current asthma","Washington","13.2",,,"Percentage","2022","NYS Expanded Behavioral Risk Factor Surveillance System, data as of November 2022","43.289513","-73.454761","False"
"adult-asthma","Age-adjusted percentage of adults with current asthma","Wayne","13.4",,,"Percentage","2022","NYS Expanded Behavioral Risk Factor Surveillance System, data as of November 2022","43.144336","-77.117995","False"
"adult-asthma","Age-adjusted percentage of adults with current asthma","Westchester","7.9",,,"Percentage","2022","NYS Expanded Behavioral Risk Factor Surveillance System, data as of November 2022","41.039278","-73.805386","False"
"adult-asthma","Age-adjusted percentage of adults with current asthma","Wyoming","6.2",,,"Percentage","2022","NYS Expanded Behavioral Risk Factor Surveillance System, data as of November 2022","42.723641","-78.204473","False"
"adult-asthma","Age-adjusted percentage of adults with current asthma","Yates","4.7",,,"Percentage","2022","NYS Expanded Behavioral Risk Factor Surveillance System, data as of November 2022","42.634338","-77.078311","False"
"adult-binge-drinking","Age-adjusted percentage of adults binge drinking during the past month","Albany","15.8",,,"Percentage","2022","NYS Expanded Behavioral Risk Factor Surveillance System, data as of November 2022","42.678066","-73.814233","False"
"adult-binge-drinking","Age-adjusted percentage of adults binge drinking during the past month","Allegany","26.5",,,"Percentage","2022","NYS Expanded Behavioral Risk Factor Surveillance System, data as of November 2022","42.226801","-78.020567","False"
"adult-binge-drinking","Age-adjusted percentage of adults binge drinking during the past month","Bronx","12",,,"Percentage","2022","NYS Expanded Behavioral Risk Factor Surveillance System, data as of November 2022","40.85589","-73.868294","False"
"adult-binge-drinking","Age-adjusted percentage of adults binge drinking during the past month","Broome","13.6",,,"Percentage","2022","NYS Expanded Behavioral Risk Factor Surveillance System, data as of November 2022","42.122015","-75.933191","False"
"adult-binge-drinking","Age-adjusted percentage of adults binge drinking during the past month","Cattaraugus","18.7",,,"Percentage","2022","NYS Expanded Behavioral Risk Factor Surveillance System, data as of November 2022","42.224267","-78.606673","False"
"adult-binge-drinking","Age-adjusted percentage of adults binge drinking during the past month","Cayuga","17.2",,,"Percentage","2022","NYS Expanded Behavioral Risk Factor Surveillance System, data as of November 2022","42.940095","-76.560755","False"
"adult-binge-drinking","Age-adjusted percentage of adults binge drinking during the past month","Chautauqua","19.2",,,"Percentage","2022","NYS Expanded Behavioral Risk Factor Surveillance System, data as of November 2022","42.246904","-79.315313","False"
"adult-binge-drinking","Age-adjusted percentage of adults binge drinking during the past month","Chemung","20.8",,,"Percentage","2022","NYS Expanded Behavioral Risk Factor Surveillance System, data as of November 2022","42.116644","-76.812331","False"
"adult-binge-drinking","Age-adjusted percentage of adults binge drinking during the past month","Chenango","19.8",,,"Percentage","2022","NYS Expanded Behavioral Risk Factor Surveillance System, data as of November 2022","42.481798","-75.570013","False"
"adult-binge-drinking","Age-adjusted percentage of adults binge drinking during the past month","Clinton","17",,,"Percentage","2022","NYS Expanded Behavioral Risk Factor Surveillance System, data as of November 2022","44.731944","-73.548883","False"
"adult-binge-drinking","Age-adjusted percentage of adults binge drinking during the past month","Columbia","21.2",,,"Percentage","2022","NYS Expanded Behavioral Risk Factor Surveillance System, data as of November 2022","42.276913","-73.682168","False"
"adult-binge-drinking","Age-adjusted percentage of adults binge drinking during the past month","Cortland","11.9",,,"Percentage","2022","NYS Expanded Behavioral Risk Factor Surveillance System, data as of November 2022","42.597101","-76.143291","False"
"adult-binge-drinking","Age-adjusted percentage of adults binge drinking during the past month","Delaware","12",,,"Percentage","2022","NYS Expanded Behavioral Risk Factor Surveillance System, data as of November 2022","42.242972","-74.997944","False"
"adult-binge-drinking","Age-adjusted percentage of adults binge drinking during the past month","Dutchess","15.1",,,"Percentage","2022","NYS Expanded Behavioral Risk Factor Surveillance System, data as of November 2022","41.686216","-73.840468","False"
"adult-binge-drinking","Age-adjusted percentage of adults binge drinking during the past month","Erie","19.6",,,"Percentage","2022","NYS Expanded Behavioral Risk Factor Surveillance System, data as of November 2022","42.888143","-78.795544","False"
"adult-binge-drinking","Age-adjusted percentage of adults binge drinking during the past month","Essex","17.2",,,"Percentage","2022","NYS Expanded Behavioral Risk Factor Surveillance System, data as of November 2022","44.166026","-73.685145","False"
"adult-binge-drinking","Age-adjusted percentage of adults binge drinking during the past month","Franklin","21.6",,,"Percentage","2022","NYS Expanded Behavioral Risk Factor Surveillance System, data as of November 2022","44.705699","-74.340621","False"
"adult-binge-drinking","Age-adjusted percentage of adults binge drinking during the past month","Fulton","15.3",,,"Percentage","2022","NYS Expanded Behavioral Risk Factor Surveillance System, data as of November 2022","43.06014","-74.331296","False"
"adult-binge-drinking","Age-adjusted percentage of adults binge drinking during the past month","Genesee","19.9",,,"Percentage","2022","NYS Expanded Behavioral Risk Factor Surveillance System, data as of November 2022","43.000121","-78.172679","False"
"adult-binge-drinking","Age-adjusted percentage of adults binge drinking during the past month","Greene","20.9",,,"Percentage","2022","NYS Expanded Behavioral Risk Factor Surveillance System, data as of November 2022","42.298326","-73.973376","False"
"adult-binge-drinking","Age-adjusted percentage of adults binge drinking during the past month","Hamilton","40.5",,,"Percentage","2022","NYS Expanded Behavioral Risk Factor Surveillance System, data as of November 2022","43.618468","-74.395268","False"
"adult-binge-drinking","Age-adjusted percentage of adults binge drinking during the past month","Herkimer","19.1",,,"Percentage","2022","NYS Expanded Behavioral Risk Factor Surveillance System, data as of November 2022","43.070026","-74.994246","False"
"adult-binge-drinking","Age-adjusted percentage of adults binge drinking during the past month","Jefferson","20.5",,,"Percentage","2022","NYS Expanded Behavioral Risk Factor Surveillance System, data as of November 2022","44.019295","-75.898971","False"
"adult-binge-drinking","Age-adjusted percentage of adults binge drinking during the past month","Kings","16.6",,,"Percentage","2022","NYS Expanded Behavioral Risk Factor Surveillance System, data as of November 2022","40.65642","-73.950691","False"
"adult-binge-drinking","Age-adjusted percentage of adults binge drinking during the past month","Lewis","18.6",,,"Percentage","2022","NYS Expanded Behavioral Risk Factor Surveillance System, data as of November 2022","43.785537","-75.446296","False"
"adult-binge-drinking","Age-adjusted percentage of adults binge drinking during the past month","Livingston","17.8",,,"Percentage","2022","NYS Expanded Behavioral Risk Factor Surveillance System, data as of November 2022","42.763754","-77.765392","False"
"adult-binge-drinking","Age-adjusted percentage of adults binge drinking during the past month","Madison","21.5",,,"Percentage","2022","NYS Expanded Behavioral Risk Factor Surveillance System, data as of November 2022","42.986917","-75.720031","False"
"adult-binge-drinking","Age-adjusted percentage of adults binge drinking during the past month","Monroe","15.6",,,"Percentage","2022","NYS Expanded Behavioral Risk Factor Surveillance System, data as of November 2022","43.161748","-77.620143","False"
"adult-binge-drinking","Age-adjusted percentage of adults binge drinking during the past month","Montgomery","14.8",,,"Percentage","2022","NYS Expanded Behavioral Risk Factor Surveillance System, data as of November 2022","42.933637","-74.341972","False"
"adult-binge-drinking","Age-adjusted percentage of adults binge drinking during the past month","Nassau","16.2",,,"Percentage","2022","NYS Expanded Behavioral Risk Factor Surveillance System, data as of November 2022","40.715749","-73.601185","False"
"adult-binge-drinking","Age-adjusted percentage of adults binge drinking during the past month","New York","20.9",,,"Percentage","2022","NYS Expanded Behavioral Risk Factor Surveillance System, data as of November 2022","40.726966","-74.005966","False"
"adult-binge-drinking","Age-adjusted percentage of adults binge drinking during the past month","New York State","16",,,"Percentage","2022","NYS Expanded Behavioral Risk Factor Surveillance System, data as of November 2022",,,"False"
"adult-binge-drinking","Age-adjusted percentage of adults binge drinking during the past month","Niagara","13.2",,,"Percentage","2022","NYS Expanded Behavioral Risk Factor Surveillance System, data as of November 2022","43.134634","-78.856419","False"
"adult-binge-drinking","Age-adjusted percentage of adults binge drinking during the past month","Oneida","15.8",,,"Percentage","2022","NYS Expanded Behavioral Risk Factor Surveillance System, data as of November 2022","43.149482","-75.361773","False"
"adult-binge-drinking","Age-adjusted percentage of adults binge drinking during the past month","Onondaga","13.7",,,"Percentage","2022","NYS Expanded Behavioral Risk Factor Surveillance System, data as of November 2022","43.065629","-76.168033","False"
"adult-binge-drinking","Age-adjusted percentage of adults binge drinking during the past month","Ontario","24.2",,,"Percentage","2022","NYS Expanded Behavioral Risk Factor Surveillance System, data as of November 2022","42.894571","-77.252045","False"
"adult-binge-drinking","Age-adjusted percentage of adults binge drinking during the past month","Orange","13.8",,,"Percentage","2022","NYS Expanded Behavioral Risk Factor Surveillance System, data as of November 2022","41.422459","-74.241929","False"
"adult-binge-drinking","Age-adjusted percentage of adults binge drinking during the past month","Orleans","9.8",,,"Percentage","2022","NYS Expanded Behavioral Risk Factor Surveillance System, data as of November 2022","43.248394","-78.218438","False"
"adult-binge-drinking","Age-adjusted percentage of adults binge drinking during the past month","Oswego","23.8",,,"Percentage","2022","NYS Expanded Behavioral Risk Factor Surveillance System, data as of November 2022","43.39123","-76.31133","False"
"adult-binge-drinking","Age-adjusted percentage of adults binge drinking during the past month","Otsego","21.4",,,"Percentage","2022","NYS Expanded Behavioral Risk Factor Surveillance System, data as of November 2022","42.564852","-75.060334","False"
"adult-binge-drinking","Age-adjusted percentage of adults binge drinking during the past month","Putnam","18.7",,,"Percentage","2022","NYS Expanded Behavioral Risk Factor Surveillance System, data as of November 2022","41.41131","-73.717443","False"
"adult-binge-drinking","Age-adjusted percentage of adults binge drinking during the past month","Queens","14.4",,,"Percentage","2022","NYS Expanded Behavioral Risk Factor Surveillance System, data as of November 2022","40.749338","-73.789673","False"
"adult-binge-drinking","Age-adjusted percentage of adults binge drinking during the past month","Rensselaer","21.9",,,"Percentage","2022","NYS Expanded Behavioral Risk Factor Surveillance System, data as of November 2022","42.70098","-73.628669","False"
"adult-binge-drinking","Age-adjusted percentage of adults binge drinking during the past month","Richmond","12.5",,,"Percentage","2022","NYS Expanded Behavioral Risk Factor Surveillance System, data as of November 2022","40.566763","-74.148102","False"
"adult-binge-drinking","Age-adjusted percentage of adults binge drinking during the past month","Rockland","12.2",,,"Percentage","2022","NYS Expanded Behavioral Risk Factor Surveillance System, data as of November 2022","41.127287","-74.017033","False"
"adult-binge-drinking","Age-adjusted percentage of adults binge drinking during the past month","Saratoga","22.1",,,"Percentage","2022","NYS Expanded Behavioral Risk Factor Surveillance System, data as of November 2022","43.00894","-73.786779","False"
"adult-binge-drinking","Age-adjusted percentage of adults binge drinking during the past month","Schenectady","12.6",,,"Percentage","2022","NYS Expanded Behavioral Risk Factor Surveillance System, data as of November 2022","42.809233","-73.946838","False"
"adult-binge-drinking","Age-adjusted percentage of adults binge drinking during the past month","Schoharie","18.9",,,"Percentage","2022","NYS Expanded Behavioral Risk Factor Surveillance System, data as of November 2022","42.643426","-74.434606","False"
"adult-binge-drinking","Age-adjusted percentage of adults binge drinking during the past month","Schuyler","25.5",,,"Percentage","2022","NYS Expanded Behavioral Risk Factor Surveillance System, data as of November 2022","42.38593","-76.872032","False"
"adult-binge-drinking","Age-adjusted percentage of adults binge drinking during the past month","Seneca","19.4",,,"Percentage","2022","NYS Expanded Behavioral Risk Factor Surveillance System, data as of November 2022","42.833627","-76.82753","False"
"adult-binge-drinking","Age-adjusted percentage of adults binge drinking during the past month","St. Lawrence","20.7",,,"Percentage","2022","NYS Expanded Behavioral Risk Factor Surveillance System, data as of November 2022","44.689468","-75.242045","False"
"adult-binge-drinking","Age-adjusted percentage of adults binge drinking during the past month","Steuben","18.6",,,"Percentage","2022","NYS Expanded Behavioral Risk Factor Surveillance System, data as of November 2022","42.270053","-77.324618","False"
"adult-binge-drinking","Age-adjusted percentage of adults binge drinking during the past month","Suffolk","14.1",,,"Percentage","2022","NYS Expanded Behavioral Risk Factor Surveillance System, data as of November 2022","40.820237","-73.119032","False"
"adult-binge-drinking","Age-adjusted percentage of adults binge drinking during the past month","Sullivan","17.8",,,"Percentage","2022","NYS Expanded Behavioral Risk Factor Surveillance System, data as of November 2022","41.705166","-74.711705","False"
"adult-binge-drinking","Age-adjusted percentage of adults binge drinking during the past month","Tioga","18.8",,,"Percentage","2022","NYS Expanded Behavioral Risk Factor Surveillance System, data as of November 2022","42.120252","-76.29595","False"
"adult-binge-drinking","Age-adjusted percentage of adults binge drinking during the past month","Tompkins","13.1",,,"Percentage","2022","NYS Expanded Behavioral Risk Factor Surveillance System, data as of November 2022","42.461024","-76.478784","False"
"adult-binge-drinking","Age-adjusted percentage of adults binge drinking during the past month","Ulster","13.9",,,"Percentage","2022","NYS Expanded Behavioral Risk Factor Surveillance System, data as of November 2022","41.848374","-74.099412","False"
"adult-binge-drinking","Age-adjusted percentage of adults binge drinking during the past month","Warren","24",,,"Percentage","2022","NYS Expanded Behavioral Risk Factor Surveillance System, data as of November 2022","43.403024","-73.716044","False"
"adult-binge-drinking","Age-adjusted percentage of adults binge drinking during the past month","Washington","19.5",,,"Percentage","2022","NYS Expanded Behavioral Risk Factor Surveillance System, data as of November 2022","43.289513","-73.454761","False"
"adult-binge-drinking","Age-adjusted percentage of adults binge drinking during the past month","Wayne","18.5",,,"Percentage","2022","NYS Expanded Behavioral Risk Factor Surveillance System, data as of November 2022","43.144336","-77.117995","False"
"adult-binge-drinking","Age-adjusted percentage of adults binge drinking during the past month","Westchester","13",,,"Percentage","2022","NYS Expanded Behavioral Risk Factor Surveillance System, data as of November 2022","41.039278","-73.805386","False"
"adult-binge-drinking","Age-adjusted percentage of adults binge drinking during the past month","Wyoming","24.8",,,"Percentage","2022","NYS Expanded Behavioral Risk Factor Surveillance System, data as of November 2022","42.723641","-78.204473","False"
"adult-binge-drinking","Age-adjusted percentage of adults binge drinking during the past month","Yates","9.1",,,"Percentage","2022","NYS Expanded Behavioral Risk Factor Surveillance System, data as of November 2022","42.634338","-77.078311","False"
"adult-obesity","Age-adjusted percentage of adults with obesity (BMI 30 or higher)","Albany","32.4",,,"Percentage","2022","NYS Expanded Behavioral Risk Factor Surveillance System, data as of November 2022","42.678066","-73.814233","False"
"adult-obesity","Age-adjusted percentage of adults with obesity (BMI 30 or higher)","Allegany","36.9",,,"Percentage","2022","NYS Expanded Behavioral Risk Factor Surveillance System, data as of November 2022","42.226801","-78.020567","False"
"adult-obesity","Age-adjusted percentage of adults with obesity (BMI 30 or higher)","Bronx","34.7",,,"Percentage","2022","NYS Expanded Behavioral Risk Factor Surveillance System, data as of November 2022","40.85589","-73.868294","False"
"adult-obesity","Age-adjusted percentage of adults with obesity (BMI 30 or higher)","Broome","35.5",,,"Percentage","2022","NYS Expanded Behavioral Risk Factor Surveillance System, data as of November 2022","42.122015","-75.933191","False"
"adult-obesity","Age-adjusted percentage of adults with obesity (BMI 30 or higher)","Cattaraugus","42.5",,,"Percentage","2022","NYS Expanded Behavioral Risk Factor Surveillance System, data as of November 2022","42.224267","-78.606673","False"
"adult-obesity","Age-adjusted percentage of adults with obesity (BMI 30 or higher)","Cayuga","39.9",,,"Percentage","2022","NYS Expanded Behavioral Risk Factor Surveillance System, data as of November 2022","42.940095","-76.560755","False"
"adult-obesity","Age-adjusted percentage of adults with obesity (BMI 30 or higher)","Chautauqua","33.5",,,"Percentage","2022","NYS Expanded Behavioral Risk Factor Surveillance System, data as of November 2022","42.246904","-79.315313","False"
"adult-obesity","Age-adjusted percentage of adults with obesity (BMI 30 or higher)","Chemung","33",,,"Percentage","2022","NYS Expanded Behavioral Risk Factor Surveillance System, data as of November 2022","42.116644","-76.812331","False"
"adult-obesity","Age-adjusted percentage of adults with obesity (BMI 30 or higher)","Chenango","38.7",,,"Percentage","2022","NYS Expanded Behavioral Risk Factor Surveillance System, data as of November 2022","42.481798","-75.570013","False"
"adult-obesity","Age-adjusted percentage of adults with obesity (BMI 30 or higher)","Clinton","33.2",,,"Percentage","2022","NYS Expanded Behavioral Risk Factor Surveillance System, data as of November 2022","44.731944","-73.548883","False"
"adult-obesity","Age-adjusted percentage of adults with obesity (BMI 30 or higher)","Columbia","26.9",,,"Percentage","2022","NYS Expanded Behavioral Risk Factor Surveillance System, data as of November 2022","42.276913","-73.682168","False"
"adult-obesity","Age-adjusted percentage of adults with obesity (BMI 30 or higher)","Cortland","48.2",,,"Percentage","2022","NYS Expanded Behavioral Risk Factor Surveillance System, data as of November 2022","42.597101","-76.143291","False"
"adult-obesity","Age-adjusted percentage of adults with obesity (BMI 30 or higher)","Delaware","31",,,"Percentage","2022","NYS Expanded Behavioral Risk Factor Surveillance System, data as of November 2022","42.242972","-74.997944","False"
"adult-obesity","Age-adjusted percentage of adults with obesity (BMI 30 or higher)","Dutchess","31.4",,,"Percentage","2022","NYS Expanded Behavioral Risk Factor Surveillance System, data as of November 2022","41.686216","-73.840468","False"
"adult-obesity","Age-adjusted percentage of adults with obesity (BMI 30 or higher)","Erie","34.3",,,"Percentage","2022","NYS Expanded Behavioral Risk Factor Surveillance System, data as of November 2022","42.888143","-78.795544","False"
"adult-obesity","Age-adjusted percentage of adults with obesity (BMI 30 or higher)","Essex","30.8",,,"Percentage","2022","NYS Expanded Behavioral Risk Factor Surveillance System, data as of November 2022","44.166026","-73.685145","False"
"adult-obesity","Age-adjusted percentage of adults with obesity (BMI 30 or higher)","Franklin","39.9",,,"Percentage","2022","NYS Expanded Behavioral Risk Factor Surveillance System, data as of November 2022","44.705699","-74.340621","False"
"adult-obesity","Age-adjusted percentage of adults with obesity (BMI 30 or higher)","Fulton","34.2",,,"Percentage","2022","NYS Expanded Behavioral Risk Factor Surveillance System, data as of November 2022","43.06014","-74.331296","False"
"adult-obesity","Age-adjusted percentage of adults with obesity (BMI 30 or higher)","Genesee","39.9",,,"Percentage","2022","NYS Expanded Behavioral Risk Factor Surveillance System, data as of November 2022","43.000121","-78.172679","False"
"adult-obesity","Age-adjusted percentage of adults with obesity (BMI 30 or higher)","Greene","39.6",,,"Percentage","2022","NYS Expanded Behavioral Risk Factor Surveillance System, data as of November 2022","42.298326","-73.973376","False"
"adult-obesity","Age-adjusted percentage of adults with obesity (BMI 30 or higher)","Hamilton",,,,"Percentage","2022","NYS Expanded Behavioral Risk Factor Surveillance System, data as of November 2022","43.618468","-74.395268","True"
"adult-obesity","Age-adjusted percentage of adults with obesity (BMI 30 or higher)","Herkimer","35.5",,,"Percentage","2022","NYS Expanded Behavioral Risk Factor Surveillance System, data as of November 2022","43.070026","-74.994246","False"
"adult-obesity","Age-adjusted percentage of adults with obesity (BMI 30 or higher)","Jefferson","36.4",,,"Percentage","2022","NYS Expanded Behavioral Risk Factor Surveillance System, data as of November 2022","44.019295","-75.898971","False"
"adult-obesity","Age-adjusted percentage of adults with obesity (BMI 30 or higher)","Kings","25",,,"Percentage","2022","NYS Expanded Behavioral Risk Factor Surveillance System, data as of November 2022","40.65642","-73.950691","False"
"adult-obesity","Age-adjusted percentage of adults with obesity (BMI 30 or higher)","Lewis","41.6",,,"Percentage","2022","NYS Expanded Behavioral Risk Factor Surveillance System, data as of November 2022","43.785537","-75.446296","False"
"adult-obesity","Age-adjusted percentage of adults with obesity (BMI 30 or higher)","Livingston","36.1",,,"Percentage","2022","NYS Expanded Behavioral Risk Factor Surveillance System, data as of November 2022","42.763754","-77.765392","False"
"adult-obesity","Age-adjusted percentage of adults with obesity (BMI 30 or higher)","Madison","34.9",,,"Percentage","2022","NYS Expanded Behavioral Risk Factor Surveillance System, data as of November 2022","42.986917","-75.720031","False"
"adult-obesity","Age-adjusted percentage of adults with obesity (BMI 30 or higher)","Monroe","31.8",,,"Percentage","2022","NYS Expanded Behavioral Risk Factor Surveillance System, data as of November 2022","43.161748","-77.620143","False"
"adult-obesity","Age-adjusted percentage of adults with obesity (BMI 30 or higher)","Montgomery","34.9",,,"Percentage","2022","NYS Expanded Behavioral Risk Factor Surveillance System, data as of November 2022","42.933637","-74.341972","False"
"adult-obesity","Age-adjusted percentage of adults with obesity (BMI 30 or higher)","Nassau","24.9",,,"Percentage","2022","NYS Expanded Behavioral Risk Factor Surveillance System, data as of November 2022","40.715749","-73.601185","False"
"adult-obesity","Age-adjusted percentage of adults with obesity (BMI 30 or higher)","New York","17.7",,,"Percentage","2022","NYS Expanded Behavioral Risk Factor Surveillance System, data as of November 2022","40.726966","-74.005966","False"
"adult-obesity","Age-adjusted percentage of adults with obesity (BMI 30 or higher)","New York State","29.2",,,"Percentage","2022","NYS Expanded Behavioral Risk Factor Surveillance System, data as of November 2022",,,"False"
"adult-obesity","Age-adjusted percentage of adults with obesity (BMI 30 or higher)","Niagara","30.6",,,"Percentage","2022","NYS Expanded Behavioral Risk Factor Surveillance System, data as of November 2022","43.134634","-78.856419","False"
"adult-obesity","Age-adjusted percentage of adults with obesity (BMI 30 or higher)","Oneida","33.4",,,"Percentage","2022","NYS Expanded Behavioral Risk Factor Surveillance System, data as of November 2022","43.149482","-75.361773","False"
"adult-obesity","Age-adjusted percentage of adults with obesity (BMI 30 or higher)","Onondaga","35.2",,,"Percentage","2022","NYS Expanded Behavioral Risk Factor Surveillance System, data as of November 2022","43.065629","-76.168033","False"
"adult-obesity","Age-adjusted percentage of adults with obesity (BMI 30 or higher)","Ontario","39.5",,,"Percentage","2022","NYS Expanded Behavioral Risk Factor Surveillance System, data as of November 2022","42.894571","-77.252045","False"
"adult-obesity","Age-adjusted percentage of adults with obesity (BMI 30 or higher)","Orange","38.5",,,"Percentage","2022","NYS Expanded Behavioral Risk Factor Surveillance System, data as of November 2022","41.422459","-74.241929","False"
"adult-obesity","Age-adjusted percentage of adults with obesity (BMI 30 or higher)","Orleans","50.9",,,"Percentage","2022","NYS Expanded Behavioral Risk Factor Surveillance System, data as of November 2022","43.248394","-78.218438","False"
"adult-obesity","Age-adjusted percentage of adults with obesity (BMI 30 or higher)","Oswego","41.6",,,"Percentage","2022","NYS Expanded Behavioral Risk Factor Surveillance System, data as of November 2022","43.39123","-76.31133","False"
"adult-obesity","Age-adjusted percentage of adults with obesity (BMI 30 or higher)","Otsego","37.5",,,"Percentage","2022","NYS Expanded Behavioral Risk Factor Surveillance System, data as of November 2022","42.564852","-75.060334","False"
"adult-obesity","Age-adjusted percentage of adults with obesity (BMI 30 or higher)","Putnam","31.6",,,"Percentage","2022","NYS Expanded Behavioral Risk Factor Surveillance System, data as of November 2022","41.41131","-73.717443","False"
"adult-obesity","Age-adjusted percentage of adults with obesity (BMI 30 or higher)","Queens","25.6",,,"Percentage","2022","NYS Expanded Behavioral Risk Factor Surveillance System, data as of November 2022","40.749338","-73.789673","False"
"adult-obesity","Age-adjusted percentage of adults with obesity (BMI 30 or higher)","Rensselaer","32.8",,,"Percentage","2022","NYS Expanded Behavioral Risk Factor Surveillance System, data as of November 2022","42.70098","-73.628669","False"
"adult-obesity","Age-adjusted percentage of adults with obesity (BMI 30 or higher)","Richmond","29.8",,,"Percentage","2022","NYS Expanded Behavioral Risk Factor Surveillance System, data as of November 2022","40.566763","-74.148102","False"
"adult-obesity","Age-adjusted percentage of adults with obesity (BMI 30 or higher)","Rockland","23.3",,,"Percentage","2022","NYS Expanded Behavioral Risk Factor Surveillance System, data as of November 2022","41.127287","-74.017033","False"
"adult-obesity","Age-adjusted percentage of adults with obesity (BMI 30 or higher)","Saratoga","33.1",,,"Percentage","2022","NYS Expanded Behavioral Risk Factor Surveillance System, data as of November 2022","43.00894","-73.786779","False"
"adult-obesity","Age-adjusted percentage of adults with obesity (BMI 30 or higher)","Schenectady","42.6",,,"Percentage","2022","NYS Expanded Behavioral Risk Factor Surveillance System, data as of November 2022","42.809233","-73.946838","False"
"adult-obesity","Age-adjusted percentage of adults with obesity (BMI 30 or higher)","Schoharie","32.8",,,"Percentage","2022","NYS Expanded Behavioral Risk Factor Surveillance System, data as of November 2022","42.643426","-74.434606","False"
"adult-obesity","Age-adjusted percentage of adults with obesity (BMI 30 or higher)","Schuyler","28.2",,,"Percentage","2022","NYS Expanded Behavioral Risk Factor Surveillance System, data as of November 2022","42.38593","-76.872032","False"
"adult-obesity","Age-adjusted percentage of adults with obesity (BMI 30 or higher)","Seneca","38",,,"Percentage","2022","NYS Expanded Behavioral Risk Factor Surveillance System, data as of November 2022","42.833627","-76.82753","False"
"adult-obesity","Age-adjusted percentage of adults with obesity (BMI 30 or higher)","St. Lawrence","44.6",,,"Percentage","2022","NYS Expanded Behavioral Risk Factor Surveillance System, data as of November 2022","44.689468","-75.242045","False"
"adult-obesity","Age-adjusted percentage of adults with obesity (BMI 30 or higher)","Steuben","31",,,"Percentage","2022","NYS Expanded Behavioral Risk Factor Surveillance System, data as of November 2022","42.270053","-77.324618","False"
"adult-obesity","Age-adjusted percentage of adults with obesity (BMI 30 or higher)","Suffolk","29",,,"Percentage","2022","NYS Expanded Behavioral Risk Factor Surveillance System, data as of November 2022","40.820237","-73.119032","False"
"adult-obesity","Age-adjusted percentage of adults with obesity (BMI 30 or higher)","Sullivan","33.3",,,"Percentage","2022","NYS Expanded Behavioral Risk Factor Surveillance System, data as of November 2022","41.705166","-74.711705","False"
"adult-obesity","Age-adjusted percentage of adults with obesity (BMI 30 or higher)","Tioga","38.7",,,"Percentage","2022","NYS Expanded Behavioral Risk Factor Surveillance System, data as of November 2022","42.120252","-76.29595","False"
"adult-obesity","Age-adjusted percentage of adults with obesity (BMI 30 or higher)","Tompkins","22.3",,,"Percentage","2022","NYS Expanded Behavioral Risk Factor Surveillance System, data as of November 2022","42.461024","-76.478784","False"
"adult-obesity","Age-adjusted percentage of adults with obesity (BMI 30 or higher)","Ulster","32.3",,,"Percentage","2022","NYS Expanded Behavioral Risk Factor Surveillance System, data as of November 2022","41.848374","-74.099412","False"
"adult-obesity","Age-adjusted percentage of adults with obesity (BMI 30 or higher)","Warren","33.5",,,"Percentage","2022","NYS Expanded Behavioral Risk Factor Surveillance System, data as of November 2022","43.403024","-73.716044","False"
"adult-obesity","Age-adjusted percentage of adults with obesity (BMI 30 or higher)","Washington","31.4",,,"Percentage","2022","NYS Expanded Behavioral Risk Factor Surveillance System, data as of November 2022","43.289513","-73.454761","False"
"adult-obesity","Age-adjusted percentage of adults with obesity (BMI 30 or higher)","Wayne","39.7",,,"Percentage","2022","NYS Expanded Behavioral Risk Factor Surveillance System, data as of November 2022","43.144336","-77.117995","False"
"adult-obesity","Age-adjusted percentage of adults with obesity (BMI 30 or higher)","Westchester","26.5",,,"Percentage","2022","NYS Expanded Behavioral Risk Factor Surveillance System, data as of November 2022","41.039278","-73.805386","False"
"adult-obesity","Age-adjusted percentage of adults with obesity (BMI 30 or higher)","Wyoming","34.3",,,"Percentage","2022","NYS Expanded Behavioral Risk Factor Surveillance System, data as of November 2022","42.723641","-78.204473","False"
"adult-obesity","Age-adjusted percentage of adults with obesity (BMI 30 or higher)","Yates","33.9",,,"Percentage","2022","NYS Expanded Behavioral Risk Factor Surveillance System, data as of November 2022","42.634338","-77.078311","False"
"adult-overweight-obese","Age-adjusted percentage of adults overweight or obese (BMI 25 or higher)","Albany","64.3",,,"Percentage","2022","NYS Expanded Behavioral Risk Factor Surveillance System, data as of November 2022","42.678066","-73.814233","False"
"adult-overweight-obese","Age-adjusted percentage of adults overweight or obese (BMI 25 or higher)","Allegany","78.8",,,"Percentage","2022","NYS Expanded Behavioral Risk Factor Surveillance System, data as of November 2022","42.226801","-78.020567","False"
"adult-overweight-obese","Age-adjusted percentage of adults overweight or obese (BMI 25 or higher)","Bronx","70.5",,,"Percentage","2022","NYS Expanded Behavioral Risk Factor Surveillance System, data as of November 2022","40.85589","-73.868294","False"
"adult-overweight-obese","Age-adjusted percentage of adults overweight or obese (BMI 25 or higher)","Broome","72.5",,,"Percentage","2022","NYS Expanded Behavioral Risk Factor Surveillance System, data as of November 2022","42.122015","-75.933191","False"
"adult-overweight-obese","Age-adjusted percentage of adults overweight or obese (BMI 25 or higher)","Cattaraugus","74.5",,,"Percentage","2022","NYS Expanded Behavioral Risk Factor Surveillance System, data as of November 2022","42.224267","-78.606673","False"
"adult-overweight-obese","Age-adjusted percentage of adults overweight or obese (BMI 25 or higher)","Cayuga","70.9",,,"Percentage","2022","NYS Expanded Behavioral Risk Factor Surveillance System, data as of November 2022","42.940095","-76.560755","False"
"adult-overweight-obese","Age-adjusted percentage of adults overweight or obese (BMI 25 or higher)","Chautauqua","66.8",,,"Percentage","2022","NYS Expanded Behavioral Risk Factor Surveillance System, data as of November 2022","42.246904","-79.315313","False"
"adult-overweight-obese","Age-adjusted percentage of adults overweight or obese (BMI 25 or higher)","Chemung","65.5",,,"Percentage","2022","NYS Expanded Behavioral Risk Factor Surveillance System, data as of November 2022","42.116644","-76.812331","False"
"adult-overweight-obese","Age-adjusted percentage of adults overweight or obese (BMI 25 or higher)","Chenango","63.9",,,"Percentage","2022","NYS Expanded Behavioral Risk Factor Surveillance System, data as of November 2022","42.481798","-75.570013","False"
"adult-overweight-obese","Age-adjusted percentage of adults overweight or obese (BMI 25 or higher)","Clinton","69.8",,,"Percentage","2022","NYS Expanded Behavioral Risk Factor Surveillance System, data as of November 2022","44.731944","-73.548883","False"
"adult-overweight-obese","Age-adjusted percentage of adults overweight or obese (BMI 25 or higher)","Columbia","59.3",,,"Percentage","2022","NYS Expanded Behavioral Risk Factor Surveillance System, data as of November 2022","42.276913","-73.682168","False"
"adult-overweight-obese","Age-adjusted percentage of adults overweight or obese (BMI 25 or higher)","Cortland","77.3",,,"Percentage","2022","NYS Expanded Behavioral Risk Factor Surveillance System, data as of November 2022","42.597101","-76.143291","False"
"adult-overweight-obese","Age-adjusted percentage of adults overweight or obese (BMI 25 or higher)","Delaware","57.1",,,"Percentage","2022","NYS Expanded Behavioral Risk Factor Surveillance System, data as of November 2022","42.242972","-74.997944","False"
"adult-overweight-obese","Age-adjusted percentage of adults overweight or obese (BMI 25 or higher)","Dutchess","67.1",,,"Percentage","2022","NYS Expanded Behavioral Risk Factor Surveillance System, data as of November 2022","41.686216","-73.840468","False"
"adult-overweight-obese","Age-adjusted percentage of adults overweight or obese (BMI 25 or higher)","Erie","69",,,"Percentage","2022","NYS Expanded Behavioral Risk Factor Surveillance System, data as of November 2022","42.888143","-78.795544","False"
"adult-overweight-obese","Age-adjusted percentage of adults overweight or obese (BMI 25 or higher)","Essex","67.9",,,"Percentage","2022","NYS Expanded Behavioral Risk Factor Surveillance System, data as of November 2022","44.166026","-73.685145","False"
"adult-overweight-obese","Age-adjusted percentage of adults overweight or obese (BMI 25 or higher)","Franklin","67.1",,,"Percentage","2022","NYS Expanded Behavioral Risk Factor Surveillance System, data as of November 2022","44.705699","-74.340621","False"
"adult-overweight-obese","Age-adjusted percentage of adults overweight or obese (BMI 25 or higher)","Fulton","70.1",,,"Percentage","2022","NYS Expanded Behavioral Risk Factor Surveillance System, data as of November 2022","43.06014","-74.331296","False"
"adult-overweight-obese","Age-adjusted percentage of adults overweight or obese (BMI 25 or higher)","Genesee","66.2",,,"Percentage","2022","NYS Expanded Behavioral Risk Factor Surveillance System, data as of November 2022","43.000121","-78.172679","False"
"adult-overweight-obese","Age-adjusted percentage of adults overweight or obese (BMI 25 or higher)","Greene","73.6",,,"Percentage","2022","NYS Expanded Behavioral Risk Factor Surveillance System, data as of November 2022","42.298326","-73.973376","False"
"adult-overweight-obese","Age-adjusted percentage of adults overweight or obese (BMI 25 or higher)","Hamilton",,,,"Percentage","2022","NYS Expanded Behavioral Risk Factor Surveillance System, data as of November 2022","43.618468","-74.395268","True"
"adult-overweight-obese","Age-adjusted percentage of adults overweight or obese (BMI 25 or higher)","Herkimer","74.8",,,"Percentage","2022","NYS Expanded Behavioral Risk Factor Surveillance System, data as of November 2022","43.070026","-74.994246","False"
"adult-overweight-obese","Age-adjusted percentage of adults overweight or obese (BMI 25 or higher)","Jefferson","68.7",,,"Percentage","2022","NYS Expanded Behavioral Risk Factor Surveillance System, data as of November 2022","44.019295","-75.898971","False"
"adult-overweight-obese","Age-adjusted percentage of adults overweight or obese (BMI 25 or higher)","Kings","57.6",,,"Percentage","2022","NYS Expanded Behavioral Risk Factor Surveillance System, data as of November 2022","40.65642","-73.950691","False"
"adult-overweight-obese","Age-adjusted percentage of adults overweight or obese (BMI 25 or higher)","Lewis","83.8",,,"Percentage","2022","NYS Expanded Behavioral Risk Factor Surveillance System, data as of November 2022","43.785537","-75.446296","False"
"adult-overweight-obese","Age-adjusted percentage of adults overweight or obese (BMI 25 or higher)","Livingston","67.6",,,"Percentage","2022","NYS Expanded Behavioral Risk Factor Surveillance System, data as of November 2022","42.763754","-77.765392","False"
"adult-overweight-obese","Age-adjusted percentage of adults overweight or obese (BMI 25 or higher)","Madison","66.8",,,"Percentage","2022","NYS Expanded Behavioral Risk Factor Surveillance System, data as of November 2022","42.986917","-75.720031","False"
"adult-overweight-obese","Age-adjusted percentage of adults overweight or obese (BMI 25 or higher)","Monroe","65.9",,,"Percentage","2022","NYS Expanded Behavioral Risk Factor Surveillance System, data as of November 2022","43.161748","-77.620143","False"
"adult-overweight-obese","Age-adjusted percentage of adults overweight or obese (BMI 25 or higher)","Montgomery","71.3",,,"Percentage","2022","NYS Expanded Behavioral Risk Factor Surveillance System, data as of November 2022","42.933637","-74.341972","False"
"adult-overweight-obese","Age-adjusted percentage of adults overweight or obese (BMI 25 or higher)","Nassau","60.3",,,"Percentage","2022","NYS Expanded Behavioral Risk Factor Surveillance System, data as of November 2022","40.715749","-73.601185","False"
"adult-overweight-obese","Age-adjusted percentage of adults overweight or obese (BMI 25 or higher)","New York","47.1",,,"Percentage","2022","NYS Expanded Behavioral Risk Factor Surveillance System, data as of November 2022","40.726966","-74.005966","False"
"adult-overweight-obese","Age-adjusted percentage of adults overweight or obese (BMI 25 or higher)","New York State","63.5",,,"Percentage","2022","NYS Expanded Behavioral Risk Factor Surveillance System, data as of November 2022",,,"False"
"adult-overweight-obese","Age-adjusted percentage of adults overweight or obese (BMI 25 or higher)","Niagara","64.9",,,"Percentage","2022","NYS Expanded Behavioral Risk Factor Surveillance System, data as of November 2022","43.134634","-78.856419","False"
"adult-overweight-obese","Age-adjusted percentage of adults overweight or obese (BMI 25 or higher)","Oneida","70.2",,,"Percentage","2022","NYS Expanded Behavioral Risk Factor Surveillance System, data as of November 2022","43.149482","-75.361773","False"
"adult-overweight-obese","Age-adjusted percentage of adults overweight or obese (BMI 25 or higher)","Onondaga","72.9",,,"Percentage","2022","NYS Expanded Behavioral Risk Factor Surveillance System, data as of November 2022","43.065629","-76.168033","False"
"adult-overweight-obese","Age-adjusted percentage of adults overweight or obese (BMI 25 or higher)","Ontario","73.8",,,"Percentage","2022","NYS Expanded Behavioral Risk Factor Surveillance System, data as of November 2022","42.894571","-77.252045","False"
"adult-overweight-obese","Age-adjusted percentage of adults overweight or obese (BMI 25 or higher)","Orange","75.1",,,"Percentage","2022","NYS Expanded Behavioral Risk Factor Surveillance System, data as of November 2022","41.422459","-74.241929","False"
"adult-overweight-obese","Age-adjusted percentage of adults overweight or obese (BMI 25 or higher)","Orleans","77.6",,,"Percentage","2022","NYS Expanded Behavioral Risk Factor Surveillance System, data as of November 2022","43.248394","-78.218438","False"
"adult-overweight-obese","Age-adjusted percentage of adults overweight or obese (BMI 25 or higher)","Oswego","70.9",,,"Percentage","2022","NYS Expanded Behavioral Risk Factor Surveillance System, data as of November 2022","43.39123","-76.31133","False"
"adult-overweight-obese","Age-adjusted percentage of adults overweight or obese (BMI 25 or higher)","Otsego","66.1",,,"Percentage","2022","NYS Expanded Behavioral Risk Factor Surveillance System, data as of November 2022","42.564852","-75.060334","False"
"adult-overweight-obese","Age-adjusted percentage of adults overweight or obese (BMI 25 or higher)","Putnam","65.1",,,"Percentage","2022","NYS Expanded Behavioral Risk Factor Surveillance System, data as of November 2022","41.41131","-73.717443","False"
"adult-overweight-obese","Age-adjusted percentage of adults overweight or obese (BMI 25 or higher)","Queens","60.3",,,"Percentage","2022","NYS Expanded Behavioral Risk Factor Surveillance System, data as of November 2022","40.749338","-73.789673","False"
"adult-overweight-obese","Age-adjusted percentage of adults overweight or obese (BMI 25 or higher)","Rensselaer","70.3",,,"Percentage","2022","NYS Expanded Behavioral Risk Factor Surveillance System, data as of November 2022","42.70098","-73.628669","False"
"adult-overweight-obese","Age-adjusted percentage of adults overweight or obese (BMI 25 or higher)","Richmond","69",,,"Percentage","2022","NYS Expanded Behavioral Risk Factor Surveillance System, data as of November 2022","40.566763","-74.148102","False"
"adult-overweight-obese","Age-adjusted percentage of adults overweight or obese (BMI 25 or higher)","Rockland","62.5",,,"Percentage","2022","NYS Expanded Behavioral Risk Factor Surveillance System, data as of November 2022","41.127287","-74.017033","False"
"adult-overweight-obese","Age-adjusted percentage of adults overweight or obese (BMI 25 or higher)","Saratoga","64.3",,,"Percentage","2022","NYS Expanded Behavioral Risk Factor Surveillance System, data as of November 2022","43.00894","-73.786779","False"
"adult-overweight-obese","Age-adjusted percentage of adults overweight or obese (BMI 25 or higher)","Schenectady","66.9",,,"Percentage","2022","NYS Expanded Behavioral Risk Factor Surveillance System, data as of November 2022","42.809233","-73.946838","False"
"adult-overweight-obese","Age-adjusted percentage of adults overweight or obese (BMI 25 or higher)","Schoharie","65.9",,,"Percentage","2022","NYS Expanded Behavioral Risk Factor Surveillance System, data as of November 2022","42.643426","-74.434606","False"
"adult-overweight-obese","Age-adjusted percentage of adults overweight or obese (BMI 25 or higher)","Schuyler","72.5",,,"Percentage","2022","NYS Expanded Behavioral Risk Factor Surveillance System, data as of November 2022","42.38593","-76.872032","False"
"adult-overweight-obese","Age-adjusted percentage of adults overweight or obese (BMI 25 or higher)","Seneca","69.4",,,"Percentage","2022","NYS Expanded Behavioral Risk Factor Surveillance System, data as of November 2022","42.833627","-76.82753","False"
"adult-overweight-obese","Age-adjusted percentage of adults overweight or obese (BMI 25 or higher)","St. Lawrence","76.6",,,"Percentage","2022","NYS Expanded Behavioral Risk Factor Surveillance System, data as of November 2022","44.689468","-75.242045","False"
"adult-overweight-obese","Age-adjusted percentage of adults overweight or obese (BMI 25 or higher)","Steuben","67.3",,,"Percentage","2022","NYS Expanded Behavioral Risk Factor Surveillance System, data as of November 2022","42.270053","-77.324618","False"
"adult-overweight-obese","Age-adjusted percentage of adults overweight or obese (BMI 25 or higher)","Suffolk","69.1",,,"Percentage","2022","NYS Expanded Behavioral Risk Factor Surveillance System, data as of November 2022","40.820237","-73.119032","False"
"adult-overweight-obese","Age-adjusted percentage of adults overweight or obese (BMI 25 or higher)","Sullivan","64.9",,,"Percentage","2022","NYS Expanded Behavioral Risk Factor Surveillance System, data as of November 2022","41.705166","-74.711705","False"
"adult-overweight-obese","Age-adjusted percentage of adults overweight or obese (BMI 25 or higher)","Tioga","76.5",,,"Percentage","2022","NYS Expanded Behavioral Risk Factor Surveillance System, data as of November 2022","42.120252","-76.29595","False"
"adult-overweight-obese","Age-adjusted percentage of adults overweight or obese (BMI 25 or higher)","Tompkins","52.6",,,"Percentage","2022","NYS Expanded Behavioral Risk Factor Surveillance System, data as of November 2022","42.461024","-76.478784","False"
"adult-overweight-obese","Age-adjusted percentage of adults overweight or obese (BMI 25 or higher)","Ulster","62.5",,,"Percentage","2022","NYS Expanded Behavioral Risk Factor Surveillance System, data as of November 2022","41.848374","-74.099412","False"
"adult-overweight-obese","Age-adjusted percentage of adults overweight or obese (BMI 25 or higher)","Warren","70.9",,,"Percentage","2022","NYS Expanded Behavioral Risk Factor Surveillance System, data as of November 2022","43.403024","-73.716044","False"
"adult-overweight-obese","Age-adjusted percentage of adults overweight or obese (BMI 25 or higher)","Washington","64.8",,,"Percentage","2022","NYS Expanded Behavioral Risk Factor Surveillance System, data as of November 2022","43.289513","-73.454761","False"
"adult-overweight-obese","Age-adjusted percentage of adults overweight or obese (BMI 25 or higher)","Wayne","72.2",,,"Percentage","2022","NYS Expanded Behavioral Risk Factor Surveillance System, data as of November 2022","43.144336","-77.117995","False"
"adult-overweight-obese","Age-adjusted percentage of adults overweight or obese (BMI 25 or higher)","Westchester","59.4",,,"Percentage","2022","NYS Expanded Behavioral Risk Factor Surveillance System, data as of November 2022","41.039278","-73.805386","False"
"adult-overweight-obese","Age-adjusted percentage of adults overweight or obese (BMI 25 or higher)","Wyoming","63.9",,,"Percentage","2022","NYS Expanded Behavioral Risk Factor Surveillance System, data as of November 2022","42.723641","-78.204473","False"
"adult-overweight-obese","Age-adjusted percentage of adults overweight or obese (BMI 25 or higher)","Yates","75.9",,,"Percentage","2022","NYS Expanded Behavioral Risk Factor Surveillance System, data as of November 2022","42.634338","-77.078311","False"
"adult-smoking","Age-adjusted percentage of adults who are current smokers","Albany","12.7",,,"Percentage","2022","NYS Expanded Behavioral Risk Factor Surveillance System, data as of November 2022","42.678066","-73.814233","False"
"adult-smoking","Age-adjusted percentage of adults who are current smokers","Allegany","27.9",,,"Percentage","2022","NYS Expanded Behavioral Risk Factor Surveillance System, data as of November 2022","42.226801","-78.020567","False"
"adult-smoking","Age-adjusted percentage of adults who are current smokers","Bronx","11.9",,,"Percentage","2022","NYS Expanded Behavioral Risk Factor Surveillance System, data as of November 2022","40.85589","-73.868294","False"
"adult-smoking","Age-adjusted percentage of adults who are current smokers","Broome","17",,,"Percentage","2022","NYS Expanded Behavioral Risk Factor Surveillance System, data as of November 2022","42.122015","-75.933191","False"
"adult-smoking","Age-adjusted percentage of adults who are current smokers","Cattaraugus","17.1",,,"Percentage","2022","NYS Expanded Behavioral Risk Factor Surveillance System, data as of November 2022","42.224267","-78.606673","False"
"adult-smoking","Age-adjusted percentage of adults who are current smokers","Cayuga","20.2",,,"Percentage","2022","NYS Expanded Behavioral Risk Factor Surveillance System, data as of November 2022","42.940095","-76.560755","False"
"adult-smoking","Age-adjusted percentage of adults who are current smokers","Chautauqua","24.5",,,"Percentage","2022","NYS Expanded Behavioral Risk Factor Surveillance System, data as of November 2022","42.246904","-79.315313","False"
"adult-smoking","Age-adjusted percentage of adults who are current smokers","Chemung","26.8",,,"Percentage","2022","NYS Expanded Behavioral Risk Factor Surveillance System, data as of November 2022","42.116644","-76.812331","False"
"adult-smoking","Age-adjusted percentage of adults who are current smokers","Chenango","28.8",,,"Percentage","2022","NYS Expanded Behavioral Risk Factor Surveillance System, data as of November 2022","42.481798","-75.570013","False"
"adult-smoking","Age-adjusted percentage of adults who are current smokers","Clinton","19",,,"Percentage","2022","NYS Expanded Behavioral Risk Factor Surveillance System, data as of November 2022","44.731944","-73.548883","False"
"adult-smoking","Age-adjusted percentage of adults who are current smokers","Columbia","12.1",,,"Percentage","2022","NYS Expanded Behavioral Risk Factor Surveillance System, data as of November 2022","42.276913","-73.682168","False"
"adult-smoking","Age-adjusted percentage of adults who are current smokers","Cortland","14.6",,,"Percentage","2022","NYS Expanded Behavioral Risk Factor Surveillance System, data as of November 2022","42.597101","-76.143291","False"
"adult-smoking","Age-adjusted percentage of adults who are current smokers","Delaware","17.3",,,"Percentage","2022","NYS Expanded Behavioral Risk Factor Surveillance System, data as of November 2022","42.242972","-74.997944","False"
"adult-smoking","Age-adjusted percentage of adults who are current smokers","Dutchess","17.4",,,"Percentage","2022","NYS Expanded Behavioral Risk Factor Surveillance System, data as of November 2022","41.686216","-73.840468","False"
"adult-smoking","Age-adjusted percentage of adults who are current smokers","Erie","15.5",,,"Percentage","2022","NYS Expanded Behavioral Risk Factor Surveillance System, data as of November 2022","42.888143","-78.795544","False"
"adult-smoking","Age-adjusted percentage of adults who are current smokers","Essex","16",,,"Percentage","2022","NYS Expanded Behavioral Risk Factor Surveillance System, data as of November 2022","44.166026","-73.685145","False"
"adult-smoking","Age-adjusted percentage of adults who are current smokers","Franklin","22.3",,,"Percentage","2022","NYS Expanded Behavioral Risk Factor Surveillance System, data as of November 2022","44.705699","-74.340621","False"
"adult-smoking","Age-adjusted percentage of adults who are current smokers","Fulton","23.7",,,"Percentage","2022","NYS Expanded Behavioral Risk Factor Surveillance System, data as of November 2022","43.06014","-74.331296","False"
"adult-smoking","Age-adjusted percentage of adults who are current smokers","Genesee","21.6",,,"Percentage","2022","NYS Expanded Behavioral Risk Factor Surveillance System, data as of November 2022","43.000121","-78.172679","False"
"adult-smoking","Age-adjusted percentage of adults who are current smokers","Greene","16.5",,,"Percentage","2022","NYS Expanded Behavioral Risk Factor Surveillance System, data as of November 2022","42.298326","-73.973376","False"
"adult-smoking","Age-adjusted percentage of adults who are current smokers","Hamilton",,,,"Percentage","2022","NYS Expanded Behavioral Risk Factor Surveillance System, data as of November 2022","43.618468","-74.395268","True"
"adult-smoking","Age-adjusted percentage of adults who are current smokers","Herkimer","18.2",,,"Percentage","2022","NYS Expanded Behavioral Risk Factor Surveillance System, data as of November 2022","43.070026","-74.994246","False"
"adult-smoking","Age-adjusted percentage of adults who are current smokers","Jefferson","21.4",,,"Percentage","2022","NYS Expanded Behavioral Risk Factor Surveillance System, data as of November 2022","44.019295","-75.898971","False"
"adult-smoking","Age-adjusted percentage of adults who are current smokers","Kings","10.9",,,"Percentage","2022","NYS Expanded Behavioral Risk Factor Surveillance System, data as of November 2022","40.65642","-73.950691","False"
"adult-smoking","Age-adjusted percentage of adults who are current smokers","Lewis","26.7",,,"Percentage","2022","NYS Expanded Behavioral Risk Factor Surveillance System, data as of November 2022","43.785537","-75.446296","False"
"adult-smoking","Age-adjusted percentage of adults who are current smokers","Livingston","21.7",,,"Percentage","2022","NYS Expanded Behavioral Risk Factor Surveillance System, data as of November 2022","42.763754","-77.765392","False"
"adult-smoking","Age-adjusted percentage of adults who are current smokers","Madison","20.1",,,"Percentage","2022","NYS Expanded Behavioral Risk Factor Surveillance System, data as of November 2022","42.986917","-75.720031","False"
"adult-smoking","Age-adjusted percentage of adults who are current smokers","Monroe","12.4",,,"Percentage","2022","NYS Expanded Behavioral Risk Factor Surveillance System, data as of November 2022","43.161748","-77.620143","False"
"adult-smoking","Age-adjusted percentage of adults who are current smokers","Montgomery","19.7",,,"Percentage","2022","NYS Expanded Behavioral Risk Factor Surveillance System, data as of November 2022","42.933637","-74.341972","False"
"adult-smoking","Age-adjusted percentage of adults who are current smokers","Nassau","7.5",,,"Percentage","2022","NYS Expanded Behavioral Risk Factor Surveillance System, data as of November 2022","40.715749","-73.601185","False"
"adult-smoking","Age-adjusted percentage of adults who are current smokers","New York","10.7",,,"Percentage","2022","NYS Expanded Behavioral Risk Factor Surveillance System, data as of November 2022","40.726966","-74.005966","False"
"adult-smoking","Age-adjusted percentage of adults who are current smokers","New York State","12.5",,,"Percentage","2022","NYS Expanded Behavioral Risk Factor Surveillance System, data as of November 2022",,,"False"
"adult-smoking","Age-adjusted percentage of adults who are current smokers","Niagara","23.8",,,"Percentage","2022","NYS Expanded Behavioral Risk Factor Surveillance System, data as of November 2022","43.134634","-78.856419","False"
"adult-smoking","Age-adjusted percentage of adults who are current smokers","Oneida","22.8",,,"Percentage","2022","NYS Expanded Behavioral Risk Factor Surveillance System, data as of November 2022","43.149482","-75.361773","False"
"adult-smoking","Age-adjusted percentage of adults who are current smokers","Onondaga","17.3",,,"Percentage","2022","NYS Expanded Behavioral Risk Factor Surveillance System, data as of November 2022","43.065629","-76.168033","False"
"adult-smoking","Age-adjusted percentage of adults who are current smokers","Ontario","15.5",,,"Percentage","2022","NYS Expanded Behavioral Risk Factor Surveillance System, data as of November 2022","42.894571","-77.252045","False"
"adult-smoking","Age-adjusted percentage of adults who are current smokers","Orange","12",,,"Percentage","2022","NYS Expanded Behavioral Risk Factor Surveillance System, data as of November 2022","41.422459","-74.241929","False"
"adult-smoking","Age-adjusted percentage of adults who are current smokers","Orleans","13.4",,,"Percentage","2022","NYS Expanded Behavioral Risk Factor Surveillance System, data as of November 2022","43.248394","-78.218438","False"
"adult-smoking","Age-adjusted percentage of adults who are current smokers","Oswego","24.5",,,"Percentage","2022","NYS Expanded Behavioral Risk Factor Surveillance System, data as of November 2022","43.39123","-76.31133","False"
"adult-smoking","Age-adjusted percentage of adults who are current smokers","Otsego","19.8",,,"Percentage","2022","NYS Expanded Behavioral Risk Factor Surveillance System, data as of November 2022","42.564852","-75.060334","False"
"adult-smoking","Age-adjusted percentage of adults who are current smokers","Putnam","16.7",,,"Percentage","2022","NYS Expanded Behavioral Risk Factor Surveillance System, data as of November 2022","41.41131","-73.717443","False"
"adult-smoking","Age-adjusted percentage of adults who are current smokers","Queens","9.5",,,"Percentage","2022","NYS Expanded Behavioral Risk Factor Surveillance System, data as of November 2022","40.749338","-73.789673","False"
"adult-smoking","Age-adjusted percentage of adults who are current smokers","Rensselaer","15.2",,,"Percentage","2022","NYS Expanded Behavioral Risk Factor Surveillance System, data as of November 2022","42.70098","-73.628669","False"
"adult-smoking","Age-adjusted percentage of adults who are current smokers","Richmond","13.6",,,"Percentage","2022","NYS Expanded Behavioral Risk Factor Surveillance System, data as of November 2022","40.566763","-74.148102","False"
"adult-smoking","Age-adjusted percentage of adults who are current smokers","Rockland","14",,,"Percentage","2022","NYS Expanded Behavioral Risk Factor Surveillance System, data as of November 2022","41.127287","-74.017033","False"
"adult-smoking","Age-adjusted percentage of adults who are current smokers","Saratoga","14.9",,,"Percentage","2022","NYS Expanded Behavioral Risk Factor Surveillance System, data as of November 2022","43.00894","-73.786779","False"
"adult-smoking","Age-adjusted percentage of adults who are current smokers","Schenectady","15.4",,,"Percentage","2022","NYS Expanded Behavioral Risk Factor Surveillance System, data as of November 2022","42.809233","-73.946838","False"
"adult-smoking","Age-adjusted percentage of adults who are current smokers","Schoharie","23.2",,,"Percentage","2022","NYS Expanded Behavioral Risk Factor Surveillance System, data as of November 2022","42.643426","-74.434606","False"
"adult-smoking","Age-adjusted percentage of adults who are current smokers","Schuyler","12.5",,,"Percentage","2022","NYS Expanded Behavioral Risk Factor Surveillance System, data as of November 2022","42.38593","-76.872032","False"
"adult-smoking","Age-adjusted percentage of adults who are current smokers","Seneca","21.4",,,"Percentage","2022","NYS Expanded Behavioral Risk Factor Surveillance System, data as of November 2022","42.833627","-76.82753","False"
"adult-smoking","Age-adjusted percentage of adults who are current smokers","St. Lawrence","21.1",,,"Percentage","2022","NYS Expanded Behavioral Risk Factor Surveillance System, data as of November 2022","44.689468","-75.242045","False"
"adult-smoking","Age-adjusted percentage of adults who are current smokers","Steuben","16.6",,,"Percentage","2022","NYS Expanded Behavioral Risk Factor Surveillance System, data as of November 2022","42.270053","-77.324618","False"
"adult-smoking","Age-adjusted percentage of adults who are current smokers","Suffolk","9.7",,,"Percentage","2022","NYS Expanded Behavioral Risk Factor Surveillance System, data as of November 2022","40.820237","-73.119032","False"
"adult-smoking","Age-adjusted percentage of adults who are current smokers","Sullivan","13.3",,,"Percentage","2022","NYS Expanded Behavioral Risk Factor Surveillance System, data as of November 2022","41.705166","-74.711705","False"
"adult-smoking","Age-adjusted percentage of adults who are current smokers","Tioga","23.3",,,"Percentage","2022","NYS Expanded Behavioral Risk Factor Surveillance System, data as of November 2022","42.120252","-76.29595","False"
"adult-smoking","Age-adjusted percentage of adults who are current smokers","Tompkins","11.5",,,"Percentage","2022","NYS Expanded Behavioral Risk Factor Surveillance System, data as of November 2022","42.461024","-76.478784","False"
"adult-smoking","Age-adjusted percentage of adults who are current smokers","Ulster","12.7",,,"Percentage","2022","NYS Expanded Behavioral Risk Factor Surveillance System, data as of November 2022","41.848374","-74.099412","False"
"adult-smoking","Age-adjusted percentage of adults who are current smokers","Warren","25.3",,,"Percentage","2022","NYS Expanded Behavioral Risk Factor Surveillance System, data as of November 2022","43.403024","-73.716044","False"
"adult-smoking","Age-adjusted percentage of adults who are current smokers","Washington","25.1",,,"Percentage","2022","NYS Expanded Behavioral Risk Factor Surveillance System, data as of November 2022","43.289513","-73.454761","False"
"adult-smoking","Age-adjusted percentage of adults who are current smokers","Wayne","20.7",,,"Percentage","2022","NYS Expanded Behavioral Risk Factor Surveillance System, data as of November 2022","43.144336","-77.117995","False"
"adult-smoking","Age-adjusted percentage of adults who are current smokers","Westchester","6.3",,,"Percentage","2022","NYS Expanded Behavioral Risk Factor Surveillance System, data as of November 2022","41.039278","-73.805386","False"
"adult-smoking","Age-adjusted percentage of adults who are current smokers","Wyoming","23.4",,,"Percentage","2022","NYS Expanded Behavioral Risk Factor Surveillance System, data as of November 2022","42.723641","-78.204473","False"
"adult-smoking","Age-adjusted percentage of adults who are current smokers","Yates","12.3",,,"Percentage","2022","NYS Expanded Behavioral Risk Factor Surveillance System, data as of November 2022","42.634338","-77.078311","False"
"alcohol-related-injury","Alcohol related motor vehicle injuries and deaths per 100,000","Albany","26.4","245","309894","Rate","2019-2021","NYS Department of Motor Vehicles, data as of July 2022","42.678066","-73.814233","False"
"alcohol-related-injury","Alcohol related motor vehicle injuries and deaths per 100,000","Allegany","31.5","44","46498","Rate","2019-2021","NYS Department of Motor Vehicles, data as of July 2022","42.226801","-78.020567","False"
"alcohol-related-injury","Alcohol related motor vehicle injuries and deaths per 100,000","Bronx","20.2","864","1428574","Rate","2019-2021","NYS Department of Motor Vehicles, data as of July 2022","40.85589","-73.868294","False"
"alcohol-related-injury","Alcohol related motor vehicle injuries and deaths per 100,000","Broome","19.7","115","194382","Rate","2019-2021","NYS Department of Motor Vehicles, data as of July 2022","42.122015","-75.933191","False"
"alcohol-related-injury","Alcohol related motor vehicle injuries and deaths per 100,000","Cattaraugus","40.4","93","76715","Rate","2019-2021","NYS Department of Motor Vehicles, data as of July 2022","42.224267","-78.606673","False"
"alcohol-related-injury","Alcohol related motor vehicle injuries and deaths per 100,000","Cayuga","36.1","83","76678","Rate","2019-2021","NYS Department of Motor Vehicles, data as of July 2022","42.940095","-76.560755","False"
"alcohol-related-injury","Alcohol related motor vehicle injuries and deaths per 100,000","Chautauqua","30.1","115","127272","Rate","2019-2021","NYS Department of Motor Vehicles, data as of July 2022","42.246904","-79.315313","False"
"alcohol-related-injury","Alcohol related motor vehicle injuries and deaths per 100,000","Chemung","19.1","48","83632","Rate","2019-2021","NYS Department of Motor Vehicles, data as of July 2022","42.116644","-76.812331","False"
"alcohol-related-injury","Alcohol related motor vehicle injuries and deaths per 100,000","Chenango","32.5","46","47214","Rate","2019-2021","NYS Department of Motor Vehicles, data as of July 2022","42.481798","-75.570013","False"
"alcohol-related-injury","Alcohol related motor vehicle injuries and deaths per 100,000","Clinton","19.5","47","80449","Rate","2019-2021","NYS Department of Motor Vehicles, data as of July 2022","44.731944","-73.548883","False"
"alcohol-related-injury","Alcohol related motor vehicle injuries and deaths per 100,000","Columbia","46.2","84","60581","Rate","2019-2021","NYS Department of Motor Vehicles, data as of July 2022","42.276913","-73.682168","False"
"alcohol-related-injury","Alcohol related motor vehicle injuries and deaths per 100,000","Cortland","45.8","65","47310","Rate","2019-2021","NYS Department of Motor Vehicles, data as of July 2022","42.597101","-76.143291","False"
"alcohol-related-injury","Alcohol related motor vehicle injuries and deaths per 100,000","Delaware","35.1","47","44667","Rate","2019-2021","NYS Department of Motor Vehicles, data as of July 2022","42.242972","-74.997944","False"
"alcohol-related-injury","Alcohol related motor vehicle injuries and deaths per 100,000","Dutchess","32.5","288","295222","Rate","2019-2021","NYS Department of Motor Vehicles, data as of July 2022","41.686216","-73.840468","False"
"alcohol-related-injury","Alcohol related motor vehicle injuries and deaths per 100,000","Erie","34.4","962","931411","Rate","2019-2021","NYS Department of Motor Vehicles, data as of July 2022","42.888143","-78.795544","False"
"alcohol-related-injury","Alcohol related motor vehicle injuries and deaths per 100,000","Essex","49.1","55","37303","Rate","2019-2021","NYS Department of Motor Vehicles, data as of July 2022","44.166026","-73.685145","False"
"alcohol-related-injury","Alcohol related motor vehicle injuries and deaths per 100,000","Franklin","27.1","40","49230","Rate","2019-2021","NYS Department of Motor Vehicles, data as of July 2022","44.705699","-74.340621","False"
"alcohol-related-injury","Alcohol related motor vehicle injuries and deaths per 100,000","Fulton","34.3","55","53454","Rate","2019-2021","NYS Department of Motor Vehicles, data as of July 2022","43.06014","-74.331296","False"
"alcohol-related-injury","Alcohol related motor vehicle injuries and deaths per 100,000","Genesee","53.2","92","57669","Rate","2019-2021","NYS Department of Motor Vehicles, data as of July 2022","43.000121","-78.172679","False"
"alcohol-related-injury","Alcohol related motor vehicle injuries and deaths per 100,000","Greene","53.7","77","47765","Rate","2019-2021","NYS Department of Motor Vehicles, data as of July 2022","42.298326","-73.973376","False"
"alcohol-related-injury","Alcohol related motor vehicle injuries and deaths per 100,000","Hamilton","49.9","7","4673","Rate","2019-2021","NYS Department of Motor Vehicles, data as of July 2022","43.618468","-74.395268","False"
"alcohol-related-injury","Alcohol related motor vehicle injuries and deaths per 100,000","Herkimer","26.1","48","61201","Rate","2019-2021","NYS Department of Motor Vehicles, data as of July 2022","43.070026","-74.994246","False"
"alcohol-related-injury","Alcohol related motor vehicle injuries and deaths per 100,000","Jefferson","35.1","120","114071","Rate","2019-2021","NYS Department of Motor Vehicles, data as of July 2022","44.019295","-75.898971","False"
"alcohol-related-injury","Alcohol related motor vehicle injuries and deaths per 100,000","Kings","17.4","1359","2599221","Rate","2019-2021","NYS Department of Motor Vehicles, data as of July 2022","40.65642","-73.950691","False"
"alcohol-related-injury","Alcohol related motor vehicle injuries and deaths per 100,000","Lewis","35.1","28","26584","Rate","2019-2021","NYS Department of Motor Vehicles, data as of July 2022","43.785537","-75.446296","False"
"alcohol-related-injury","Alcohol related motor vehicle injuries and deaths per 100,000","Livingston","28.7","54","62730","Rate","2019-2021","NYS Department of Motor Vehicles, data as of July 2022","42.763754","-77.765392","False"
"alcohol-related-injury","Alcohol related motor vehicle injuries and deaths per 100,000","Madison","29.6","62","69919","Rate","2019-2021","NYS Department of Motor Vehicles, data as of July 2022","42.986917","-75.720031","False"
"alcohol-related-injury","Alcohol related motor vehicle injuries and deaths per 100,000","Monroe","36.6","822","748342","Rate","2019-2021","NYS Department of Motor Vehicles, data as of July 2022","43.161748","-77.620143","False"
"alcohol-related-injury","Alcohol related motor vehicle injuries and deaths per 100,000","Montgomery","38.4","57","49538","Rate","2019-2021","NYS Department of Motor Vehicles, data as of July 2022","42.933637","-74.341972","False"
"alcohol-related-injury","Alcohol related motor vehicle injuries and deaths per 100,000","Nassau","25.5","1045","1368653","Rate","2019-2021","NYS Department of Motor Vehicles, data as of July 2022","40.715749","-73.601185","False"
"alcohol-related-injury","Alcohol related motor vehicle injuries and deaths per 100,000","New York","13.7","664","1614529","Rate","2019-2021","NYS Department of Motor Vehicles, data as of July 2022","40.726966","-74.005966","False"
"alcohol-related-injury","Alcohol related motor vehicle injuries and deaths per 100,000","New York State","25.4","14952","19648563","Rate","2019-2021","NYS Department of Motor Vehicles, data as of July 2022",,,"False"
"alcohol-related-injury","Alcohol related motor vehicle injuries and deaths per 100,000","Niagara","36","228","210830","Rate","2019-2021","NYS Department of Motor Vehicles, data as of July 2022","43.134634","-78.856419","False"
"alcohol-related-injury","Alcohol related motor vehicle injuries and deaths per 100,000","Oneida","27.3","188","229601","Rate","2019-2021","NYS Department of Motor Vehicles, data as of July 2022","43.149482","-75.361773","False"
"alcohol-related-injury","Alcohol related motor vehicle injuries and deaths per 100,000","Onondaga","27.9","390","465291","Rate","2019-2021","NYS Department of Motor Vehicles, data as of July 2022","43.065629","-76.168033","False"
"alcohol-related-injury","Alcohol related motor vehicle injuries and deaths per 100,000","Ontario","35.5","118","110861","Rate","2019-2021","NYS Department of Motor Vehicles, data as of July 2022","42.894571","-77.252045","False"
"alcohol-related-injury","Alcohol related motor vehicle injuries and deaths per 100,000","Orange","34.4","402","389940","Rate","2019-2021","NYS Department of Motor Vehicles, data as of July 2022","41.422459","-74.241929","False"
"alcohol-related-injury","Alcohol related motor vehicle injuries and deaths per 100,000","Orleans","25.6","31","40376","Rate","2019-2021","NYS Department of Motor Vehicles, data as of July 2022","43.248394","-78.218438","False"
"alcohol-related-injury","Alcohol related motor vehicle injuries and deaths per 100,000","Oswego","38.2","135","117721","Rate","2019-2021","NYS Department of Motor Vehicles, data as of July 2022","43.39123","-76.31133","False"
"alcohol-related-injury","Alcohol related motor vehicle injuries and deaths per 100,000","Otsego","31","56","60138","Rate","2019-2021","NYS Department of Motor Vehicles, data as of July 2022","42.564852","-75.060334","False"
"alcohol-related-injury","Alcohol related motor vehicle injuries and deaths per 100,000","Putnam","33.1","98","98639","Rate","2019-2021","NYS Department of Motor Vehicles, data as of July 2022","41.41131","-73.717443","False"
"alcohol-related-injury","Alcohol related motor vehicle injuries and deaths per 100,000","Queens","19.1","1315","2292904","Rate","2019-2021","NYS Department of Motor Vehicles, data as of July 2022","40.749338","-73.789673","False"
"alcohol-related-injury","Alcohol related motor vehicle injuries and deaths per 100,000","Rensselaer","27.3","131","159881","Rate","2019-2021","NYS Department of Motor Vehicles, data as of July 2022","42.70098","-73.628669","False"
"alcohol-related-injury","Alcohol related motor vehicle injuries and deaths per 100,000","Richmond","17.2","249","482182","Rate","2019-2021","NYS Department of Motor Vehicles, data as of July 2022","40.566763","-74.148102","False"
"alcohol-related-injury","Alcohol related motor vehicle injuries and deaths per 100,000","Rockland","28","277","330189","Rate","2019-2021","NYS Department of Motor Vehicles, data as of July 2022","41.127287","-74.017033","False"
"alcohol-related-injury","Alcohol related motor vehicle injuries and deaths per 100,000","Saratoga","28.4","198","232739","Rate","2019-2021","NYS Department of Motor Vehicles, data as of July 2022","43.00894","-73.786779","False"
"alcohol-related-injury","Alcohol related motor vehicle injuries and deaths per 100,000","Schenectady","36.5","172","156961","Rate","2019-2021","NYS Department of Motor Vehicles, data as of July 2022","42.809233","-73.946838","False"
"alcohol-related-injury","Alcohol related motor vehicle injuries and deaths per 100,000","Schoharie","30.3","28","30839","Rate","2019-2021","NYS Department of Motor Vehicles, data as of July 2022","42.643426","-74.434606","False"
"alcohol-related-injury","Alcohol related motor vehicle injuries and deaths per 100,000","Schuyler","78.5","42","17828","Rate","2019-2021","NYS Department of Motor Vehicles, data as of July 2022","42.38593","-76.872032","False"
"alcohol-related-injury","Alcohol related motor vehicle injuries and deaths per 100,000","Seneca","49","50","34043","Rate","2019-2021","NYS Department of Motor Vehicles, data as of July 2022","42.833627","-76.82753","False"
"alcohol-related-injury","Alcohol related motor vehicle injuries and deaths per 100,000","St. Lawrence","34.1","111","108493","Rate","2019-2021","NYS Department of Motor Vehicles, data as of July 2022","44.689468","-75.242045","False"
"alcohol-related-injury","Alcohol related motor vehicle injuries and deaths per 100,000","Steuben","44.2","126","94952","Rate","2019-2021","NYS Department of Motor Vehicles, data as of July 2022","42.270053","-77.324618","False"
"alcohol-related-injury","Alcohol related motor vehicle injuries and deaths per 100,000","Suffolk","32.1","1443","1499223","Rate","2019-2021","NYS Department of Motor Vehicles, data as of July 2022","40.820237","-73.119032","False"
"alcohol-related-injury","Alcohol related motor vehicle injuries and deaths per 100,000","Sullivan","31.2","72","76819","Rate","2019-2021","NYS Department of Motor Vehicles, data as of July 2022","41.705166","-74.711705","False"
"alcohol-related-injury","Alcohol related motor vehicle injuries and deaths per 100,000","Tioga","15.2","22","48372","Rate","2019-2021","NYS Department of Motor Vehicles, data as of July 2022","42.120252","-76.29595","False"
"alcohol-related-injury","Alcohol related motor vehicle injuries and deaths per 100,000","Tompkins","24.1","75","103603","Rate","2019-2021","NYS Department of Motor Vehicles, data as of July 2022","42.461024","-76.478784","False"
"alcohol-related-injury","Alcohol related motor vehicle injuries and deaths per 100,000","Ulster","42","227","180241","Rate","2019-2021","NYS Department of Motor Vehicles, data as of July 2022","41.848374","-74.099412","False"
"alcohol-related-injury","Alcohol related motor vehicle injuries and deaths per 100,000","Warren","37.1","72","64770","Rate","2019-2021","NYS Department of Motor Vehicles, data as of July 2022","43.403024","-73.716044","False"
"alcohol-related-injury","Alcohol related motor vehicle injuries and deaths per 100,000","Washington","42.5","78","61215","Rate","2019-2021","NYS Department of Motor Vehicles, data as of July 2022","43.289513","-73.454761","False"
"alcohol-related-injury","Alcohol related motor vehicle injuries and deaths per 100,000","Wayne","32.8","89","90474","Rate","2019-2021","NYS Department of Motor Vehicles, data as of July 2022","43.144336","-77.117995","False"
"alcohol-related-injury","Alcohol related motor vehicle injuries and deaths per 100,000","Westchester","24.1","709","979154","Rate","2019-2021","NYS Department of Motor Vehicles, data as of July 2022","41.039278","-73.805386","False"
"alcohol-related-injury","Alcohol related motor vehicle injuries and deaths per 100,000","Wyoming","54.9","66","40051","Rate","2019-2021","NYS Department of Motor Vehicles, data as of July 2022","42.723641","-78.204473","False"
"alcohol-related-injury","Alcohol related motor vehicle injuries and deaths per 100,000","Yates","30.9","23","24851","Rate","2019-2021","NYS Department of Motor Vehicles, data as of July 2022","42.634338","-77.078311","False"
"asthma-mortality","Age-adjusted asthma mortality rate per 100,000","Albany","1","10","309894","Rate","2019-2021","2021 Vital Statistics Data as of July, 2023","42.678066","-73.814233","False"
"asthma-mortality","Age-adjusted asthma mortality rate per 100,000","Allegany","0.4","1","46498","Rate","2019-2021","2021 Vital Statistics Data as of July, 2023","42.226801","-78.020567","False"
"asthma-mortality","Age-adjusted asthma mortality rate per 100,000","Bronx","4.1","182","1428574","Rate","2019-2021","2021 Vital Statistics Data as of July, 2023","40.85589","-73.868294","False"
"asthma-mortality","Age-adjusted asthma mortality rate per 100,000","Broome","0.8","8","194382","Rate","2019-2021","2021 Vital Statistics Data as of July, 2023","42.122015","-75.933191","False"
"asthma-mortality","Age-adjusted asthma mortality rate per 100,000","Cattaraugus","0.9","2","76715","Rate","2019-2021","2021 Vital Statistics Data as of July, 2023","42.224267","-78.606673","False"
"asthma-mortality","Age-adjusted asthma mortality rate per 100,000","Cayuga","0.7","2","76678","Rate","2019-2021","2021 Vital Statistics Data as of July, 2023","42.940095","-76.560755","False"
"asthma-mortality","Age-adjusted asthma mortality rate per 100,000","Chautauqua","1.7","7","127272","Rate","2019-2021","2021 Vital Statistics Data as of July, 2023","42.246904","-79.315313","False"
"asthma-mortality","Age-adjusted asthma mortality rate per 100,000","Chemung","1","4","83632","Rate","2019-2021","2021 Vital Statistics Data as of July, 2023","42.116644","-76.812331","False"
"asthma-mortality","Age-adjusted asthma mortality rate per 100,000","Chenango","2.3","3","47214","Rate","2019-2021","2021 Vital Statistics Data as of July, 2023","42.481798","-75.570013","False"
"asthma-mortality","Age-adjusted asthma mortality rate per 100,000","Clinton","0.5","2","80449","Rate","2019-2021","2021 Vital Statistics Data as of July, 2023","44.731944","-73.548883","False"
"asthma-mortality","Age-adjusted asthma mortality rate per 100,000","Columbia","0.6","2","60581","Rate","2019-2021","2021 Vital Statistics Data as of July, 2023","42.276913","-73.682168","False"
"asthma-mortality","Age-adjusted asthma mortality rate per 100,000","Cortland","0.5","1","47310","Rate","2019-2021","2021 Vital Statistics Data as of July, 2023","42.597101","-76.143291","False"
"asthma-mortality","Age-adjusted asthma mortality rate per 100,000","Delaware","0.8","1","44667","Rate","2019-2021","2021 Vital Statistics Data as of July, 2023","42.242972","-74.997944","False"
"asthma-mortality","Age-adjusted asthma mortality rate per 100,000","Dutchess","0.6","7","295222","Rate","2019-2021","2021 Vital Statistics Data as of July, 2023","41.686216","-73.840468","False"
"asthma-mortality","Age-adjusted asthma mortality rate per 100,000","Erie","1","31","931411","Rate","2019-2021","2021 Vital Statistics Data as of July, 2023","42.888143","-78.795544","False"
"asthma-mortality","Age-adjusted asthma mortality rate per 100,000","Essex","0.5","1","37303","Rate","2019-2021","2021 Vital Statistics Data as of July, 2023","44.166026","-73.685145","False"
"asthma-mortality","Age-adjusted asthma mortality rate per 100,000","Franklin","0.5","1","49230","Rate","2019-2021","2021 Vital Statistics Data as of July, 2023","44.705699","-74.340621","False"
"asthma-mortality","Age-adjusted asthma mortality rate per 100,000","Fulton","0.5","1","53454","Rate","2019-2021","2021 Vital Statistics Data as of July, 2023","43.06014","-74.331296","False"
"asthma-mortality","Age-adjusted asthma mortality rate per 100,000","Genesee","0","0","57669","Rate","2019-2021","2021 Vital Statistics Data as of July, 2023","43.000121","-78.172679","False"
"asthma-mortality","Age-adjusted asthma mortality rate per 100,000","Greene","0","0","47765","Rate","2019-2021","2021 Vital Statistics Data as of July, 2023","42.298326","-73.973376","False"
"asthma-mortality","Age-adjusted asthma mortality rate per 100,000","Hamilton","0","0","4673","Rate","2019-2021","2021 Vital Statistics Data as of July, 2023","43.618468","-74.395268","False"
"asthma-mortality","Age-adjusted asthma mortality rate per 100,000","Herkimer","2.7","7","61201","Rate","2019-2021","2021 Vital Statistics Data as of July, 2023","43.070026","-74.994246","False"
"asthma-mortality","Age-adjusted asthma mortality rate per 100,000","Jefferson","0.5","2","114071","Rate","2019-2021","2021 Vital Statistics Data as of July, 2023","44.019295","-75.898971","False"
"asthma-mortality","Age-adjusted asthma mortality rate per 100,000","Kings","1.6","132","2599221","Rate","2019-2021","2021 Vital Statistics Data as of July, 2023","40.65642","-73.950691","False"
"asthma-mortality","Age-adjusted asthma mortality rate per 100,000","Lewis","0","0","26584","Rate","2019-2021","2021 Vital Statistics Data as of July, 2023","43.785537","-75.446296","False"
"asthma-mortality","Age-adjusted asthma mortality rate per 100,000","Livingston","0.3","1","62730","Rate","2019-2021","2021 Vital Statistics Data as of July, 2023","42.763754","-77.765392","False"
"asthma-mortality","Age-adjusted asthma mortality rate per 100,000","Madison","0.3","1","69919","Rate","2019-2021","2021 Vital Statistics Data as of July, 2023","42.986917","-75.720031","False"
"asthma-mortality","Age-adjusted asthma mortality rate per 100,000","Monroe","0.8","21","748342","Rate","2019-2021","2021 Vital Statistics Data as of July, 2023","43.161748","-77.620143","False"
"asthma-mortality","Age-adjusted asthma mortality rate per 100,000","Montgomery","0.4","1","49538","Rate","2019-2021","2021 Vital Statistics Data as of July, 2023","42.933637","-74.341972","False"
"asthma-mortality","Age-adjusted asthma mortality rate per 100,000","Nassau","0.7","39","1368653","Rate","2019-2021","2021 Vital Statistics Data as of July, 2023","40.715749","-73.601185","False"
"asthma-mortality","Age-adjusted asthma mortality rate per 100,000","New York","1.5","92","1614529","Rate","2019-2021","2021 Vital Statistics Data as of July, 2023","40.726966","-74.005966","False"
"asthma-mortality","Age-adjusted asthma mortality rate per 100,000","New York State","1.2","844","19648563","Rate","2019-2021","2021 Vital Statistics Data as of July, 2023",,,"False"
"asthma-mortality","Age-adjusted asthma mortality rate per 100,000","Niagara","0.8","5","210830","Rate","2019-2021","2021 Vital Statistics Data as of July, 2023","43.134634","-78.856419","False"
"asthma-mortality","Age-adjusted asthma mortality rate per 100,000","Oneida","1.5","11","229601","Rate","2019-2021","2021 Vital Statistics Data as of July, 2023","43.149482","-75.361773","False"
"asthma-mortality","Age-adjusted asthma mortality rate per 100,000","Onondaga","1.4","21","465291","Rate","2019-2021","2021 Vital Statistics Data as of July, 2023","43.065629","-76.168033","False"
"asthma-mortality","Age-adjusted asthma mortality rate per 100,000","Ontario","0.9","3","110861","Rate","2019-2021","2021 Vital Statistics Data as of July, 2023","42.894571","-77.252045","False"
"asthma-mortality","Age-adjusted asthma mortality rate per 100,000","Orange","0.7","10","389940","Rate","2019-2021","2021 Vital Statistics Data as of July, 2023","41.422459","-74.241929","False"
"asthma-mortality","Age-adjusted asthma mortality rate per 100,000","Orleans","0.8","1","40376","Rate","2019-2021","2021 Vital Statistics Data as of July, 2023","43.248394","-78.218438","False"
"asthma-mortality","Age-adjusted asthma mortality rate per 100,000","Oswego","1.2","5","117721","Rate","2019-2021","2021 Vital Statistics Data as of July, 2023","43.39123","-76.31133","False"
"asthma-mortality","Age-adjusted asthma mortality rate per 100,000","Otsego","1.3","3","60138","Rate","2019-2021","2021 Vital Statistics Data as of July, 2023","42.564852","-75.060334","False"
"asthma-mortality","Age-adjusted asthma mortality rate per 100,000","Putnam","0.2","1","98639","Rate","2019-2021","2021 Vital Statistics Data as of July, 2023","41.41131","-73.717443","False"
"asthma-mortality","Age-adjusted asthma mortality rate per 100,000","Queens","1","76","2292904","Rate","2019-2021","2021 Vital Statistics Data as of July, 2023","40.749338","-73.789673","False"
"asthma-mortality","Age-adjusted asthma mortality rate per 100,000","Rensselaer","0.8","5","159881","Rate","2019-2021","2021 Vital Statistics Data as of July, 2023","42.70098","-73.628669","False"
"asthma-mortality","Age-adjusted asthma mortality rate per 100,000","Richmond","1.1","19","482182","Rate","2019-2021","2021 Vital Statistics Data as of July, 2023","40.566763","-74.148102","False"
"asthma-mortality","Age-adjusted asthma mortality rate per 100,000","Rockland","1.1","12","330189","Rate","2019-2021","2021 Vital Statistics Data as of July, 2023","41.127287","-74.017033","False"
"asthma-mortality","Age-adjusted asthma mortality rate per 100,000","Saratoga","0.8","6","232739","Rate","2019-2021","2021 Vital Statistics Data as of July, 2023","43.00894","-73.786779","False"
"asthma-mortality","Age-adjusted asthma mortality rate per 100,000","Schenectady","1.2","8","156961","Rate","2019-2021","2021 Vital Statistics Data as of July, 2023","42.809233","-73.946838","False"
"asthma-mortality","Age-adjusted asthma mortality rate per 100,000","Schoharie","1.7","1","30839","Rate","2019-2021","2021 Vital Statistics Data as of July, 2023","42.643426","-74.434606","False"
"asthma-mortality","Age-adjusted asthma mortality rate per 100,000","Schuyler","1.4","1","17828","Rate","2019-2021","2021 Vital Statistics Data as of July, 2023","42.38593","-76.872032","False"
"asthma-mortality","Age-adjusted asthma mortality rate per 100,000","Seneca","0.6","1","34043","Rate","2019-2021","2021 Vital Statistics Data as of July, 2023","42.833627","-76.82753","False"
"asthma-mortality","Age-adjusted asthma mortality rate per 100,000","St. Lawrence","0.4","2","108493","Rate","2019-2021","2021 Vital Statistics Data as of July, 2023","44.689468","-75.242045","False"
"asthma-mortality","Age-adjusted asthma mortality rate per 100,000","Steuben","1","4","94952","Rate","2019-2021","2021 Vital Statistics Data as of July, 2023","42.270053","-77.324618","False"
"asthma-mortality","Age-adjusted asthma mortality rate per 100,000","Suffolk","0.6","30","1499223","Rate","2019-2021","2021 Vital Statistics Data as of July, 2023","40.820237","-73.119032","False"
"asthma-mortality","Age-adjusted asthma mortality rate per 100,000","Sullivan","2.1","5","76819","Rate","2019-2021","2021 Vital Statistics Data as of July, 2023","41.705166","-74.711705","False"
"asthma-mortality","Age-adjusted asthma mortality rate per 100,000","Tioga","0.8","2","48372","Rate","2019-2021","2021 Vital Statistics Data as of July, 2023","42.120252","-76.29595","False"
"asthma-mortality","Age-adjusted asthma mortality rate per 100,000","Tompkins","0.4","2","103603","Rate","2019-2021","2021 Vital Statistics Data as of July, 2023","42.461024","-76.478784","False"
"asthma-mortality","Age-adjusted asthma mortality rate per 100,000","Ulster","0.5","4","180241","Rate","2019-2021","2021 Vital Statistics Data as of July, 2023","41.848374","-74.099412","False"
"asthma-mortality","Age-adjusted asthma mortality rate per 100,000","Warren","1.5","3","64770","Rate","2019-2021","2021 Vital Statistics Data as of July, 2023","43.403024","-73.716044","False"
"asthma-mortality","Age-adjusted asthma mortality rate per 100,000","Washington","0.3","1","61215","Rate","2019-2021","2021 Vital Statistics Data as of July, 2023","43.289513","-73.454761","False"
"asthma-mortality","Age-adjusted asthma mortality rate per 100,000","Wayne","0.4","2","90474","Rate","2019-2021","2021 Vital Statistics Data as of July, 2023","43.144336","-77.117995","False"
"asthma-mortality","Age-adjusted asthma mortality rate per 100,000","Westchester","1","35","979154","Rate","2019-2021","2021 Vital Statistics Data as of July, 2023","41.039278","-73.805386","False"
"asthma-mortality","Age-adjusted asthma mortality rate per 100,000","Wyoming","1.3","2","40051","Rate","2019-2021","2021 Vital Statistics Data as of July, 2023","42.723641","-78.204473","False"
"asthma-mortality","Age-adjusted asthma mortality rate per 100,000","Yates","1","1","24851","Rate","2019-2021","2021 Vital Statistics Data as of July, 2023","42.634338","-77.078311","False"
"breast-cancer-incidence","Age-adjusted female breast cancer incidence rate per 100,000","Albany","145.7","855","157592","Rate","2018-2020","Cancer Registry Data as of October 2022","42.678066","-73.814233","False"
"breast-cancer-incidence","Age-adjusted female breast cancer incidence rate per 100,000","Allegany","125.1","105","22640","Rate","2018-2020","Cancer Registry Data as of October 2022","42.226801","-78.020567","False"
"breast-cancer-incidence","Age-adjusted female breast cancer incidence rate per 100,000","Bronx","111.8","2792","748604","Rate","2018-2020","Cancer Registry Data as of October 2022","40.85589","-73.868294","False"
"breast-cancer-incidence","Age-adjusted female breast cancer incidence rate per 100,000","Broome","144.5","549","96842","Rate","2018-2020","Cancer Registry Data as of October 2022","42.122015","-75.933191","False"
"breast-cancer-incidence","Age-adjusted female breast cancer incidence rate per 100,000","Cattaraugus","106.5","172","38328","Rate","2018-2020","Cancer Registry Data as of October 2022","42.224267","-78.606673","False"
"breast-cancer-incidence","Age-adjusted female breast cancer incidence rate per 100,000","Cayuga","135.3","215","37264","Rate","2018-2020","Cancer Registry Data as of October 2022","42.940095","-76.560755","False"
"breast-cancer-incidence","Age-adjusted female breast cancer incidence rate per 100,000","Chautauqua","138","382","64076","Rate","2018-2020","Cancer Registry Data as of October 2022","42.246904","-79.315313","False"
"breast-cancer-incidence","Age-adjusted female breast cancer incidence rate per 100,000","Chemung","129.6","226","42069","Rate","2018-2020","Cancer Registry Data as of October 2022","42.116644","-76.812331","False"
"breast-cancer-incidence","Age-adjusted female breast cancer incidence rate per 100,000","Chenango","137","135","23520","Rate","2018-2020","Cancer Registry Data as of October 2022","42.481798","-75.570013","False"
"breast-cancer-incidence","Age-adjusted female breast cancer incidence rate per 100,000","Clinton","116.4","180","38968","Rate","2018-2020","Cancer Registry Data as of October 2022","44.731944","-73.548883","False"
"breast-cancer-incidence","Age-adjusted female breast cancer incidence rate per 100,000","Columbia","138.8","197","29845","Rate","2018-2020","Cancer Registry Data as of October 2022","42.276913","-73.682168","False"
"breast-cancer-incidence","Age-adjusted female breast cancer incidence rate per 100,000","Cortland","140.6","127","24196","Rate","2018-2020","Cancer Registry Data as of October 2022","42.597101","-76.143291","False"
"breast-cancer-incidence","Age-adjusted female breast cancer incidence rate per 100,000","Delaware","132.2","139","21969","Rate","2018-2020","Cancer Registry Data as of October 2022","42.242972","-74.997944","False"
"breast-cancer-incidence","Age-adjusted female breast cancer incidence rate per 100,000","Dutchess","133.3","800","147738","Rate","2018-2020","Cancer Registry Data as of October 2022","41.686216","-73.840468","False"
"breast-cancer-incidence","Age-adjusted female breast cancer incidence rate per 100,000","Erie","139.3","2648","474014","Rate","2018-2020","Cancer Registry Data as of October 2022","42.888143","-78.795544","False"
"breast-cancer-incidence","Age-adjusted female breast cancer incidence rate per 100,000","Essex","83.1","74","17941","Rate","2018-2020","Cancer Registry Data as of October 2022","44.166026","-73.685145","False"
"breast-cancer-incidence","Age-adjusted female breast cancer incidence rate per 100,000","Franklin","118.7","109","22569","Rate","2018-2020","Cancer Registry Data as of October 2022","44.705699","-74.340621","False"
"breast-cancer-incidence","Age-adjusted female breast cancer incidence rate per 100,000","Fulton","138.3","169","26797","Rate","2018-2020","Cancer Registry Data as of October 2022","43.06014","-74.331296","False"
"breast-cancer-incidence","Age-adjusted female breast cancer incidence rate per 100,000","Genesee","130.1","161","28738","Rate","2018-2020","Cancer Registry Data as of October 2022","43.000121","-78.172679","False"
"breast-cancer-incidence","Age-adjusted female breast cancer incidence rate per 100,000","Greene","151.1","160","22631","Rate","2018-2020","Cancer Registry Data as of October 2022","42.298326","-73.973376","False"
"breast-cancer-incidence","Age-adjusted female breast cancer incidence rate per 100,000","Hamilton",,,"2191","Rate","2018-2020","Cancer Registry Data as of October 2022","43.618468","-74.395268","True"
"breast-cancer-incidence","Age-adjusted female breast cancer incidence rate per 100,000","Herkimer","110.5","149","30983","Rate","2018-2020","Cancer Registry Data as of October 2022","43.070026","-74.994246","False"
"breast-cancer-incidence","Age-adjusted female breast cancer incidence rate per 100,000","Jefferson","139.3","242","52349","Rate","2018-2020","Cancer Registry Data as of October 2022","44.019295","-75.898971","False"
"breast-cancer-incidence","Age-adjusted female breast cancer incidence rate per 100,000","Kings","126.5","5711","1347521","Rate","2018-2020","Cancer Registry Data as of October 2022","40.65642","-73.950691","False"
"breast-cancer-incidence","Age-adjusted female breast cancer incidence rate per 100,000","Lewis","111.1","60","12963","Rate","2018-2020","Cancer Registry Data as of October 2022","43.785537","-75.446296","False"
"breast-cancer-incidence","Age-adjusted female breast cancer incidence rate per 100,000","Livingston","155.8","187","31247","Rate","2018-2020","Cancer Registry Data as of October 2022","42.763754","-77.765392","False"
"breast-cancer-incidence","Age-adjusted female breast cancer incidence rate per 100,000","Madison","112.1","161","35864","Rate","2018-2020","Cancer Registry Data as of October 2022","42.986917","-75.720031","False"
"breast-cancer-incidence","Age-adjusted female breast cancer incidence rate per 100,000","Monroe","146.3","2185","384664","Rate","2018-2020","Cancer Registry Data as of October 2022","43.161748","-77.620143","False"
"breast-cancer-incidence","Age-adjusted female breast cancer incidence rate per 100,000","Montgomery","137.7","138","25030","Rate","2018-2020","Cancer Registry Data as of October 2022","42.933637","-74.341972","False"
"breast-cancer-incidence","Age-adjusted female breast cancer incidence rate per 100,000","Nassau","146.9","3999","694194","Rate","2018-2020","Cancer Registry Data as of October 2022","40.715749","-73.601185","False"
"breast-cancer-incidence","Age-adjusted female breast cancer incidence rate per 100,000","New York","135.6","4159","855881","Rate","2018-2020","Cancer Registry Data as of October 2022","40.726966","-74.005966","False"
"breast-cancer-incidence","Age-adjusted female breast cancer incidence rate per 100,000","New York State","134.5","50490","10003963","Rate","2018-2020","Cancer Registry Data as of October 2022",,,"False"
"breast-cancer-incidence","Age-adjusted female breast cancer incidence rate per 100,000","Niagara","134.7","617","107347","Rate","2018-2020","Cancer Registry Data as of October 2022","43.134634","-78.856419","False"
"breast-cancer-incidence","Age-adjusted female breast cancer incidence rate per 100,000","Oneida","125.2","592","114590","Rate","2018-2020","Cancer Registry Data as of October 2022","43.149482","-75.361773","False"
"breast-cancer-incidence","Age-adjusted female breast cancer incidence rate per 100,000","Onondaga","137.9","1244","238448","Rate","2018-2020","Cancer Registry Data as of October 2022","43.065629","-76.168033","False"
"breast-cancer-incidence","Age-adjusted female breast cancer incidence rate per 100,000","Ontario","146","353","56198","Rate","2018-2020","Cancer Registry Data as of October 2022","42.894571","-77.252045","False"
"breast-cancer-incidence","Age-adjusted female breast cancer incidence rate per 100,000","Orange","127.3","844","191760","Rate","2018-2020","Cancer Registry Data as of October 2022","41.422459","-74.241929","False"
"breast-cancer-incidence","Age-adjusted female breast cancer incidence rate per 100,000","Orleans","144.1","117","20179","Rate","2018-2020","Cancer Registry Data as of October 2022","43.248394","-78.218438","False"
"breast-cancer-incidence","Age-adjusted female breast cancer incidence rate per 100,000","Oswego","132.2","290","58398","Rate","2018-2020","Cancer Registry Data as of October 2022","43.39123","-76.31133","False"
"breast-cancer-incidence","Age-adjusted female breast cancer incidence rate per 100,000","Otsego","138","167","30555","Rate","2018-2020","Cancer Registry Data as of October 2022","42.564852","-75.060334","False"
"breast-cancer-incidence","Age-adjusted female breast cancer incidence rate per 100,000","Putnam","149.4","305","49367","Rate","2018-2020","Cancer Registry Data as of October 2022","41.41131","-73.717443","False"
"breast-cancer-incidence","Age-adjusted female breast cancer incidence rate per 100,000","Queens","127.5","5510","1158564","Rate","2018-2020","Cancer Registry Data as of October 2022","40.749338","-73.789673","False"
"breast-cancer-incidence","Age-adjusted female breast cancer incidence rate per 100,000","Rensselaer","123.4","392","80351","Rate","2018-2020","Cancer Registry Data as of October 2022","42.70098","-73.628669","False"
"breast-cancer-incidence","Age-adjusted female breast cancer incidence rate per 100,000","Richmond","142.7","1337","244883","Rate","2018-2020","Cancer Registry Data as of October 2022","40.566763","-74.148102","False"
"breast-cancer-incidence","Age-adjusted female breast cancer incidence rate per 100,000","Rockland","125.2","720","166026","Rate","2018-2020","Cancer Registry Data as of October 2022","41.127287","-74.017033","False"
"breast-cancer-incidence","Age-adjusted female breast cancer incidence rate per 100,000","Saratoga","147","710","116486","Rate","2018-2020","Cancer Registry Data as of October 2022","43.00894","-73.786779","False"
"breast-cancer-incidence","Age-adjusted female breast cancer incidence rate per 100,000","Schenectady","140.1","432","79683","Rate","2018-2020","Cancer Registry Data as of October 2022","42.809233","-73.946838","False"
"breast-cancer-incidence","Age-adjusted female breast cancer incidence rate per 100,000","Schoharie","122.4","91","15554","Rate","2018-2020","Cancer Registry Data as of October 2022","42.643426","-74.434606","False"
"breast-cancer-incidence","Age-adjusted female breast cancer incidence rate per 100,000","Schuyler","133.7","55","8929","Rate","2018-2020","Cancer Registry Data as of October 2022","42.38593","-76.872032","False"
"breast-cancer-incidence","Age-adjusted female breast cancer incidence rate per 100,000","Seneca","132.6","90","16229","Rate","2018-2020","Cancer Registry Data as of October 2022","42.833627","-76.82753","False"
"breast-cancer-incidence","Age-adjusted female breast cancer incidence rate per 100,000","St. Lawrence","115.8","244","52784","Rate","2018-2020","Cancer Registry Data as of October 2022","44.689468","-75.242045","False"
"breast-cancer-incidence","Age-adjusted female breast cancer incidence rate per 100,000","Steuben","137.2","271","47821","Rate","2018-2020","Cancer Registry Data as of October 2022","42.270053","-77.324618","False"
"breast-cancer-incidence","Age-adjusted female breast cancer incidence rate per 100,000","Suffolk","142.9","4216","750798","Rate","2018-2020","Cancer Registry Data as of October 2022","40.820237","-73.119032","False"
"breast-cancer-incidence","Age-adjusted female breast cancer incidence rate per 100,000","Sullivan","118","167","36741","Rate","2018-2020","Cancer Registry Data as of October 2022","41.705166","-74.711705","False"
"breast-cancer-incidence","Age-adjusted female breast cancer incidence rate per 100,000","Tioga","151.1","155","24261","Rate","2018-2020","Cancer Registry Data as of October 2022","42.120252","-76.29595","False"
"breast-cancer-incidence","Age-adjusted female breast cancer incidence rate per 100,000","Tompkins","156.1","255","51777","Rate","2018-2020","Cancer Registry Data as of October 2022","42.461024","-76.478784","False"
"breast-cancer-incidence","Age-adjusted female breast cancer incidence rate per 100,000","Ulster","130","482","89638","Rate","2018-2020","Cancer Registry Data as of October 2022","41.848374","-74.099412","False"
"breast-cancer-incidence","Age-adjusted female breast cancer incidence rate per 100,000","Warren","141.9","221","32592","Rate","2018-2020","Cancer Registry Data as of October 2022","43.403024","-73.716044","False"
"breast-cancer-incidence","Age-adjusted female breast cancer incidence rate per 100,000","Washington","157.6","194","29477","Rate","2018-2020","Cancer Registry Data as of October 2022","43.289513","-73.454761","False"
"breast-cancer-incidence","Age-adjusted female breast cancer incidence rate per 100,000","Wayne","152.3","283","45180","Rate","2018-2020","Cancer Registry Data as of October 2022","43.144336","-77.117995","False"
"breast-cancer-incidence","Age-adjusted female breast cancer incidence rate per 100,000","Westchester","141.4","2710","499068","Rate","2018-2020","Cancer Registry Data as of October 2022","41.039278","-73.805386","False"
"breast-cancer-incidence","Age-adjusted female breast cancer incidence rate per 100,000","Wyoming","153.7","123","18257","Rate","2018-2020","Cancer Registry Data as of October 2022","42.723641","-78.204473","False"
"breast-cancer-incidence","Age-adjusted female breast cancer incidence rate per 100,000","Yates","133.3","71","12793","Rate","2018-2020","Cancer Registry Data as of October 2022","42.634338","-77.078311","False"
"cancer-incidence","Age-adjusted all cancer incidence rate per 100,000","Albany","520.2","6024","305032","Rate","2018-2020","Cancer Registry Data as of October 2022","42.678066","-73.814233","False"
"cancer-incidence","Age-adjusted all cancer incidence rate per 100,000","Allegany","448.6","835","45929","Rate","2018-2020","Cancer Registry Data as of October 2022","42.226801","-78.020567","False"
"cancer-incidence","Age-adjusted all cancer incidence rate per 100,000","Bronx","414.9","18823","1417215","Rate","2018-2020","Cancer Registry Data as of October 2022","40.85589","-73.868294","False"
"cancer-incidence","Age-adjusted all cancer incidence rate per 100,000","Broome","489.2","3855","190793","Rate","2018-2020","Cancer Registry Data as of October 2022","42.122015","-75.933191","False"
"cancer-incidence","Age-adjusted all cancer incidence rate per 100,000","Cattaraugus","496.4","1606","76280","Rate","2018-2020","Cancer Registry Data as of October 2022","42.224267","-78.606673","False"
"cancer-incidence","Age-adjusted all cancer incidence rate per 100,000","Cayuga","494","1635","76533","Rate","2018-2020","Cancer Registry Data as of October 2022","42.940095","-76.560755","False"
"cancer-incidence","Age-adjusted all cancer incidence rate per 100,000","Chautauqua","521.6","2850","126728","Rate","2018-2020","Cancer Registry Data as of October 2022","42.246904","-79.315313","False"
"cancer-incidence","Age-adjusted all cancer incidence rate per 100,000","Chemung","492.8","1723","83353","Rate","2018-2020","Cancer Registry Data as of October 2022","42.116644","-76.812331","False"
"cancer-incidence","Age-adjusted all cancer incidence rate per 100,000","Chenango","504.6","1049","47155","Rate","2018-2020","Cancer Registry Data as of October 2022","42.481798","-75.570013","False"
"cancer-incidence","Age-adjusted all cancer incidence rate per 100,000","Clinton","498.3","1580","80161","Rate","2018-2020","Cancer Registry Data as of October 2022","44.731944","-73.548883","False"
"cancer-incidence","Age-adjusted all cancer incidence rate per 100,000","Columbia","495.1","1468","59656","Rate","2018-2020","Cancer Registry Data as of October 2022","42.276913","-73.682168","False"
"cancer-incidence","Age-adjusted all cancer incidence rate per 100,000","Cortland","531.1","936","47435","Rate","2018-2020","Cancer Registry Data as of October 2022","42.597101","-76.143291","False"
"cancer-incidence","Age-adjusted all cancer incidence rate per 100,000","Delaware","469.7","1026","44306","Rate","2018-2020","Cancer Registry Data as of October 2022","42.242972","-74.997944","False"
"cancer-incidence","Age-adjusted all cancer incidence rate per 100,000","Dutchess","453.5","5436","293680","Rate","2018-2020","Cancer Registry Data as of October 2022","41.686216","-73.840468","False"
"cancer-incidence","Age-adjusted all cancer incidence rate per 100,000","Erie","525.7","19415","918665","Rate","2018-2020","Cancer Registry Data as of October 2022","42.888143","-78.795544","False"
"cancer-incidence","Age-adjusted all cancer incidence rate per 100,000","Essex","397.4","745","37062","Rate","2018-2020","Cancer Registry Data as of October 2022","44.166026","-73.685145","False"
"cancer-incidence","Age-adjusted all cancer incidence rate per 100,000","Franklin","468.8","929","50131","Rate","2018-2020","Cancer Registry Data as of October 2022","44.705699","-74.340621","False"
"cancer-incidence","Age-adjusted all cancer incidence rate per 100,000","Fulton","528","1217","53267","Rate","2018-2020","Cancer Registry Data as of October 2022","43.06014","-74.331296","False"
"cancer-incidence","Age-adjusted all cancer incidence rate per 100,000","Genesee","512.6","1245","57306","Rate","2018-2020","Cancer Registry Data as of October 2022","43.000121","-78.172679","False"
"cancer-incidence","Age-adjusted all cancer incidence rate per 100,000","Greene","509.6","1120","47263","Rate","2018-2020","Cancer Registry Data as of October 2022","42.298326","-73.973376","False"
"cancer-incidence","Age-adjusted all cancer incidence rate per 100,000","Hamilton","501.7","129","4412","Rate","2018-2020","Cancer Registry Data as of October 2022","43.618468","-74.395268","False"
"cancer-incidence","Age-adjusted all cancer incidence rate per 100,000","Herkimer","468.2","1264","61354","Rate","2018-2020","Cancer Registry Data as of October 2022","43.070026","-74.994246","False"
"cancer-incidence","Age-adjusted all cancer incidence rate per 100,000","Jefferson","557.9","1964","110168","Rate","2018-2020","Cancer Registry Data as of October 2022","44.019295","-75.898971","False"
"cancer-incidence","Age-adjusted all cancer incidence rate per 100,000","Kings","418.7","35336","2560450","Rate","2018-2020","Cancer Registry Data as of October 2022","40.65642","-73.950691","False"
"cancer-incidence","Age-adjusted all cancer incidence rate per 100,000","Lewis","474.8","520","26340","Rate","2018-2020","Cancer Registry Data as of October 2022","43.785537","-75.446296","False"
"cancer-incidence","Age-adjusted all cancer incidence rate per 100,000","Livingston","501","1290","62857","Rate","2018-2020","Cancer Registry Data as of October 2022","42.763754","-77.765392","False"
"cancer-incidence","Age-adjusted all cancer incidence rate per 100,000","Madison","444.1","1309","70844","Rate","2018-2020","Cancer Registry Data as of October 2022","42.986917","-75.720031","False"
"cancer-incidence","Age-adjusted all cancer incidence rate per 100,000","Monroe","501.3","14550","742581","Rate","2018-2020","Cancer Registry Data as of October 2022","43.161748","-77.620143","False"
"cancer-incidence","Age-adjusted all cancer incidence rate per 100,000","Montgomery","521.9","1063","49342","Rate","2018-2020","Cancer Registry Data as of October 2022","42.933637","-74.341972","False"
"cancer-incidence","Age-adjusted all cancer incidence rate per 100,000","Nassau","493.2","26687","1354943","Rate","2018-2020","Cancer Registry Data as of October 2022","40.715749","-73.601185","False"
"cancer-incidence","Age-adjusted all cancer incidence rate per 100,000","New York","423","25283","1625569","Rate","2018-2020","Cancer Registry Data as of October 2022","40.726966","-74.005966","False"
"cancer-incidence","Age-adjusted all cancer incidence rate per 100,000","New York State","465.8","342160","19448002","Rate","2018-2020","Cancer Registry Data as of October 2022",,,"False"
"cancer-incidence","Age-adjusted all cancer incidence rate per 100,000","Niagara","548.6","4916","209420","Rate","2018-2020","Cancer Registry Data as of October 2022","43.134634","-78.856419","False"
"cancer-incidence","Age-adjusted all cancer incidence rate per 100,000","Oneida","491.2","4585","228339","Rate","2018-2020","Cancer Registry Data as of October 2022","43.149482","-75.361773","False"
"cancer-incidence","Age-adjusted all cancer incidence rate per 100,000","Onondaga","508.6","9097","460658","Rate","2018-2020","Cancer Registry Data as of October 2022","43.065629","-76.168033","False"
"cancer-incidence","Age-adjusted all cancer incidence rate per 100,000","Ontario","518.3","2505","110012","Rate","2018-2020","Cancer Registry Data as of October 2022","42.894571","-77.252045","False"
"cancer-incidence","Age-adjusted all cancer incidence rate per 100,000","Orange","466.2","6082","384198","Rate","2018-2020","Cancer Registry Data as of October 2022","41.422459","-74.241929","False"
"cancer-incidence","Age-adjusted all cancer incidence rate per 100,000","Orleans","543.3","907","40346","Rate","2018-2020","Cancer Registry Data as of October 2022","43.248394","-78.218438","False"
"cancer-incidence","Age-adjusted all cancer incidence rate per 100,000","Oswego","530.7","2395","116933","Rate","2018-2020","Cancer Registry Data as of October 2022","43.39123","-76.31133","False"
"cancer-incidence","Age-adjusted all cancer incidence rate per 100,000","Otsego","473.2","1212","59292","Rate","2018-2020","Cancer Registry Data as of October 2022","42.564852","-75.060334","False"
"cancer-incidence","Age-adjusted all cancer incidence rate per 100,000","Putnam","468","1893","98638","Rate","2018-2020","Cancer Registry Data as of October 2022","41.41131","-73.717443","False"
"cancer-incidence","Age-adjusted all cancer incidence rate per 100,000","Queens","408.1","34054","2251683","Rate","2018-2020","Cancer Registry Data as of October 2022","40.749338","-73.789673","False"
"cancer-incidence","Age-adjusted all cancer incidence rate per 100,000","Rensselaer","501.6","3129","158847","Rate","2018-2020","Cancer Registry Data as of October 2022","42.70098","-73.628669","False"
"cancer-incidence","Age-adjusted all cancer incidence rate per 100,000","Richmond","507.1","9072","476000","Rate","2018-2020","Cancer Registry Data as of October 2022","40.566763","-74.148102","False"
"cancer-incidence","Age-adjusted all cancer incidence rate per 100,000","Rockland","456.7","5218","326078","Rate","2018-2020","Cancer Registry Data as of October 2022","41.127287","-74.017033","False"
"cancer-incidence","Age-adjusted all cancer incidence rate per 100,000","Saratoga","494.9","4718","230020","Rate","2018-2020","Cancer Registry Data as of October 2022","43.00894","-73.786779","False"
"cancer-incidence","Age-adjusted all cancer incidence rate per 100,000","Schenectady","495.1","2996","155413","Rate","2018-2020","Cancer Registry Data as of October 2022","42.809233","-73.946838","False"
"cancer-incidence","Age-adjusted all cancer incidence rate per 100,000","Schoharie","468.1","681","31122","Rate","2018-2020","Cancer Registry Data as of October 2022","42.643426","-74.434606","False"
"cancer-incidence","Age-adjusted all cancer incidence rate per 100,000","Schuyler","515.6","428","17780","Rate","2018-2020","Cancer Registry Data as of October 2022","42.38593","-76.872032","False"
"cancer-incidence","Age-adjusted all cancer incidence rate per 100,000","Seneca","514.7","734","34152","Rate","2018-2020","Cancer Registry Data as of October 2022","42.833627","-76.82753","False"
"cancer-incidence","Age-adjusted all cancer incidence rate per 100,000","St. Lawrence","473.3","2031","107828","Rate","2018-2020","Cancer Registry Data as of October 2022","44.689468","-75.242045","False"
"cancer-incidence","Age-adjusted all cancer incidence rate per 100,000","Steuben","459.7","1865","95287","Rate","2018-2020","Cancer Registry Data as of October 2022","42.270053","-77.324618","False"
"cancer-incidence","Age-adjusted all cancer incidence rate per 100,000","Suffolk","510.7","29728","1478291","Rate","2018-2020","Cancer Registry Data as of October 2022","40.820237","-73.119032","False"
"cancer-incidence","Age-adjusted all cancer incidence rate per 100,000","Sullivan","442","1390","75578","Rate","2018-2020","Cancer Registry Data as of October 2022","41.705166","-74.711705","False"
"cancer-incidence","Age-adjusted all cancer incidence rate per 100,000","Tioga","494","1052","48213","Rate","2018-2020","Cancer Registry Data as of October 2022","42.120252","-76.29595","False"
"cancer-incidence","Age-adjusted all cancer incidence rate per 100,000","Tompkins","474.4","1574","101804","Rate","2018-2020","Cancer Registry Data as of October 2022","42.461024","-76.478784","False"
"cancer-incidence","Age-adjusted all cancer incidence rate per 100,000","Ulster","451.5","3492","178053","Rate","2018-2020","Cancer Registry Data as of October 2022","41.848374","-74.099412","False"
"cancer-incidence","Age-adjusted all cancer incidence rate per 100,000","Warren","503","1522","64002","Rate","2018-2020","Cancer Registry Data as of October 2022","43.403024","-73.716044","False"
"cancer-incidence","Age-adjusted all cancer incidence rate per 100,000","Washington","502.4","1332","61036","Rate","2018-2020","Cancer Registry Data as of October 2022","43.289513","-73.454761","False"
"cancer-incidence","Age-adjusted all cancer incidence rate per 100,000","Wayne","513.3","1968","89755","Rate","2018-2020","Cancer Registry Data as of October 2022","43.144336","-77.117995","False"
"cancer-incidence","Age-adjusted all cancer incidence rate per 100,000","Westchester","451.5","17024","967732","Rate","2018-2020","Cancer Registry Data as of October 2022","41.039278","-73.805386","False"
"cancer-incidence","Age-adjusted all cancer incidence rate per 100,000","Wyoming","539.8","893","39797","Rate","2018-2020","Cancer Registry Data as of October 2022","42.723641","-78.204473","False"
"cancer-incidence","Age-adjusted all cancer incidence rate per 100,000","Yates","513.1","563","24880","Rate","2018-2020","Cancer Registry Data as of October 2022","42.634338","-77.078311","False"
"cancer-mortality","Age-adjusted all cancer mortality rate per 100,000","Albany","143.2","1734","305032","Rate","2018-2020","Cancer Registry Data as of October 2022","42.678066","-73.814233","False"
"cancer-mortality","Age-adjusted all cancer mortality rate per 100,000","Allegany","154.4","305","45929","Rate","2018-2020","Cancer Registry Data as of October 2022","42.226801","-78.020567","False"
"cancer-mortality","Age-adjusted all cancer mortality rate per 100,000","Bronx","129","5870","1417215","Rate","2018-2020","Cancer Registry Data as of October 2022","40.85589","-73.868294","False"
"cancer-mortality","Age-adjusted all cancer mortality rate per 100,000","Broome","147.2","1241","190793","Rate","2018-2020","Cancer Registry Data as of October 2022","42.122015","-75.933191","False"
"cancer-mortality","Age-adjusted all cancer mortality rate per 100,000","Cattaraugus","153.7","522","76280","Rate","2018-2020","Cancer Registry Data as of October 2022","42.224267","-78.606673","False"
"cancer-mortality","Age-adjusted all cancer mortality rate per 100,000","Cayuga","147.5","509","76533","Rate","2018-2020","Cancer Registry Data as of October 2022","42.940095","-76.560755","False"
"cancer-mortality","Age-adjusted all cancer mortality rate per 100,000","Chautauqua","141.4","814","126728","Rate","2018-2020","Cancer Registry Data as of October 2022","42.246904","-79.315313","False"
"cancer-mortality","Age-adjusted all cancer mortality rate per 100,000","Chemung","161.8","593","83353","Rate","2018-2020","Cancer Registry Data as of October 2022","42.116644","-76.812331","False"
"cancer-mortality","Age-adjusted all cancer mortality rate per 100,000","Chenango","167.8","362","47155","Rate","2018-2020","Cancer Registry Data as of October 2022","42.481798","-75.570013","False"
"cancer-mortality","Age-adjusted all cancer mortality rate per 100,000","Clinton","157","518","80161","Rate","2018-2020","Cancer Registry Data as of October 2022","44.731944","-73.548883","False"
"cancer-mortality","Age-adjusted all cancer mortality rate per 100,000","Columbia","136.8","429","59656","Rate","2018-2020","Cancer Registry Data as of October 2022","42.276913","-73.682168","False"
"cancer-mortality","Age-adjusted all cancer mortality rate per 100,000","Cortland","158.1","283","47435","Rate","2018-2020","Cancer Registry Data as of October 2022","42.597101","-76.143291","False"
"cancer-mortality","Age-adjusted all cancer mortality rate per 100,000","Delaware","143.1","346","44306","Rate","2018-2020","Cancer Registry Data as of October 2022","42.242972","-74.997944","False"
"cancer-mortality","Age-adjusted all cancer mortality rate per 100,000","Dutchess","132.8","1643","293680","Rate","2018-2020","Cancer Registry Data as of October 2022","41.686216","-73.840468","False"
"cancer-mortality","Age-adjusted all cancer mortality rate per 100,000","Erie","158","6116","918665","Rate","2018-2020","Cancer Registry Data as of October 2022","42.888143","-78.795544","False"
"cancer-mortality","Age-adjusted all cancer mortality rate per 100,000","Essex","150.6","295","37062","Rate","2018-2020","Cancer Registry Data as of October 2022","44.166026","-73.685145","False"
"cancer-mortality","Age-adjusted all cancer mortality rate per 100,000","Franklin","152.6","303","50131","Rate","2018-2020","Cancer Registry Data as of October 2022","44.705699","-74.340621","False"
"cancer-mortality","Age-adjusted all cancer mortality rate per 100,000","Fulton","159.4","379","53267","Rate","2018-2020","Cancer Registry Data as of October 2022","43.06014","-74.331296","False"
"cancer-mortality","Age-adjusted all cancer mortality rate per 100,000","Genesee","162","419","57306","Rate","2018-2020","Cancer Registry Data as of October 2022","43.000121","-78.172679","False"
"cancer-mortality","Age-adjusted all cancer mortality rate per 100,000","Greene","163.6","385","47263","Rate","2018-2020","Cancer Registry Data as of October 2022","42.298326","-73.973376","False"
"cancer-mortality","Age-adjusted all cancer mortality rate per 100,000","Hamilton","104.3","33","4412","Rate","2018-2020","Cancer Registry Data as of October 2022","43.618468","-74.395268","False"
"cancer-mortality","Age-adjusted all cancer mortality rate per 100,000","Herkimer","135.4","385","61354","Rate","2018-2020","Cancer Registry Data as of October 2022","43.070026","-74.994246","False"
"cancer-mortality","Age-adjusted all cancer mortality rate per 100,000","Jefferson","178.9","634","110168","Rate","2018-2020","Cancer Registry Data as of October 2022","44.019295","-75.898971","False"
"cancer-mortality","Age-adjusted all cancer mortality rate per 100,000","Kings","116.3","9970","2560450","Rate","2018-2020","Cancer Registry Data as of October 2022","40.65642","-73.950691","False"
"cancer-mortality","Age-adjusted all cancer mortality rate per 100,000","Lewis","186.9","215","26340","Rate","2018-2020","Cancer Registry Data as of October 2022","43.785537","-75.446296","False"
"cancer-mortality","Age-adjusted all cancer mortality rate per 100,000","Livingston","153","401","62857","Rate","2018-2020","Cancer Registry Data as of October 2022","42.763754","-77.765392","False"
"cancer-mortality","Age-adjusted all cancer mortality rate per 100,000","Madison","133.2","404","70844","Rate","2018-2020","Cancer Registry Data as of October 2022","42.986917","-75.720031","False"
"cancer-mortality","Age-adjusted all cancer mortality rate per 100,000","Monroe","148.6","4467","742581","Rate","2018-2020","Cancer Registry Data as of October 2022","43.161748","-77.620143","False"
"cancer-mortality","Age-adjusted all cancer mortality rate per 100,000","Montgomery","160.8","344","49342","Rate","2018-2020","Cancer Registry Data as of October 2022","42.933637","-74.341972","False"
"cancer-mortality","Age-adjusted all cancer mortality rate per 100,000","Nassau","119.1","6881","1354943","Rate","2018-2020","Cancer Registry Data as of October 2022","40.715749","-73.601185","False"
"cancer-mortality","Age-adjusted all cancer mortality rate per 100,000","New York","106.2","6714","1625569","Rate","2018-2020","Cancer Registry Data as of October 2022","40.726966","-74.005966","False"
"cancer-mortality","Age-adjusted all cancer mortality rate per 100,000","New York State","130.5","99356","19448002","Rate","2018-2020","Cancer Registry Data as of October 2022",,,"False"
"cancer-mortality","Age-adjusted all cancer mortality rate per 100,000","Niagara","168.8","1564","209420","Rate","2018-2020","Cancer Registry Data as of October 2022","43.134634","-78.856419","False"
"cancer-mortality","Age-adjusted all cancer mortality rate per 100,000","Oneida","153.9","1530","228339","Rate","2018-2020","Cancer Registry Data as of October 2022","43.149482","-75.361773","False"
"cancer-mortality","Age-adjusted all cancer mortality rate per 100,000","Onondaga","144.5","2673","460658","Rate","2018-2020","Cancer Registry Data as of October 2022","43.065629","-76.168033","False"
"cancer-mortality","Age-adjusted all cancer mortality rate per 100,000","Ontario","143.6","733","110012","Rate","2018-2020","Cancer Registry Data as of October 2022","42.894571","-77.252045","False"
"cancer-mortality","Age-adjusted all cancer mortality rate per 100,000","Orange","183.3","2368","384198","Rate","2018-2020","Cancer Registry Data as of October 2022","41.422459","-74.241929","False"
"cancer-mortality","Age-adjusted all cancer mortality rate per 100,000","Orleans","181.3","302","40346","Rate","2018-2020","Cancer Registry Data as of October 2022","43.248394","-78.218438","False"
"cancer-mortality","Age-adjusted all cancer mortality rate per 100,000","Oswego","163","732","116933","Rate","2018-2020","Cancer Registry Data as of October 2022","43.39123","-76.31133","False"
"cancer-mortality","Age-adjusted all cancer mortality rate per 100,000","Otsego","150.2","409","59292","Rate","2018-2020","Cancer Registry Data as of October 2022","42.564852","-75.060334","False"
"cancer-mortality","Age-adjusted all cancer mortality rate per 100,000","Putnam","120.8","489","98638","Rate","2018-2020","Cancer Registry Data as of October 2022","41.41131","-73.717443","False"
"cancer-mortality","Age-adjusted all cancer mortality rate per 100,000","Queens","109.4","9399","2251683","Rate","2018-2020","Cancer Registry Data as of October 2022","40.749338","-73.789673","False"
"cancer-mortality","Age-adjusted all cancer mortality rate per 100,000","Rensselaer","149.3","950","158847","Rate","2018-2020","Cancer Registry Data as of October 2022","42.70098","-73.628669","False"
"cancer-mortality","Age-adjusted all cancer mortality rate per 100,000","Richmond","137.5","2504","476000","Rate","2018-2020","Cancer Registry Data as of October 2022","40.566763","-74.148102","False"
"cancer-mortality","Age-adjusted all cancer mortality rate per 100,000","Rockland","106.2","1283","326078","Rate","2018-2020","Cancer Registry Data as of October 2022","41.127287","-74.017033","False"
"cancer-mortality","Age-adjusted all cancer mortality rate per 100,000","Saratoga","140.4","1366","230020","Rate","2018-2020","Cancer Registry Data as of October 2022","43.00894","-73.786779","False"
"cancer-mortality","Age-adjusted all cancer mortality rate per 100,000","Schenectady","147.5","938","155413","Rate","2018-2020","Cancer Registry Data as of October 2022","42.809233","-73.946838","False"
"cancer-mortality","Age-adjusted all cancer mortality rate per 100,000","Schoharie","155.4","235","31122","Rate","2018-2020","Cancer Registry Data as of October 2022","42.643426","-74.434606","False"
"cancer-mortality","Age-adjusted all cancer mortality rate per 100,000","Schuyler","169.2","142","17780","Rate","2018-2020","Cancer Registry Data as of October 2022","42.38593","-76.872032","False"
"cancer-mortality","Age-adjusted all cancer mortality rate per 100,000","Seneca","144.8","216","34152","Rate","2018-2020","Cancer Registry Data as of October 2022","42.833627","-76.82753","False"
"cancer-mortality","Age-adjusted all cancer mortality rate per 100,000","St. Lawrence","157.3","691","107828","Rate","2018-2020","Cancer Registry Data as of October 2022","44.689468","-75.242045","False"
"cancer-mortality","Age-adjusted all cancer mortality rate per 100,000","Steuben","160.9","680","95287","Rate","2018-2020","Cancer Registry Data as of October 2022","42.270053","-77.324618","False"
"cancer-mortality","Age-adjusted all cancer mortality rate per 100,000","Suffolk","132","7925","1478291","Rate","2018-2020","Cancer Registry Data as of October 2022","40.820237","-73.119032","False"
"cancer-mortality","Age-adjusted all cancer mortality rate per 100,000","Sullivan","140.6","460","75578","Rate","2018-2020","Cancer Registry Data as of October 2022","41.705166","-74.711705","False"
"cancer-mortality","Age-adjusted all cancer mortality rate per 100,000","Tioga","128.9","293","48213","Rate","2018-2020","Cancer Registry Data as of October 2022","42.120252","-76.29595","False"
"cancer-mortality","Age-adjusted all cancer mortality rate per 100,000","Tompkins","125.2","420","101804","Rate","2018-2020","Cancer Registry Data as of October 2022","42.461024","-76.478784","False"
"cancer-mortality","Age-adjusted all cancer mortality rate per 100,000","Ulster","140.4","1131","178053","Rate","2018-2020","Cancer Registry Data as of October 2022","41.848374","-74.099412","False"
"cancer-mortality","Age-adjusted all cancer mortality rate per 100,000","Warren","152.1","476","64002","Rate","2018-2020","Cancer Registry Data as of October 2022","43.403024","-73.716044","False"
"cancer-mortality","Age-adjusted all cancer mortality rate per 100,000","Washington","163.1","453","61036","Rate","2018-2020","Cancer Registry Data as of October 2022","43.289513","-73.454761","False"
"cancer-mortality","Age-adjusted all cancer mortality rate per 100,000","Wayne","160.3","627","89755","Rate","2018-2020","Cancer Registry Data as of October 2022","43.144336","-77.117995","False"
"cancer-mortality","Age-adjusted all cancer mortality rate per 100,000","Westchester","109.5","4411","967732","Rate","2018-2020","Cancer Registry Data as of October 2022","41.039278","-73.805386","False"
"cancer-mortality","Age-adjusted all cancer mortality rate per 100,000","Wyoming","161","267","39797","Rate","2018-2020","Cancer Registry Data as of October 2022","42.723641","-78.204473","False"
"cancer-mortality","Age-adjusted all cancer mortality rate per 100,000","Yates","150.3","175","24880","Rate","2018-2020","Cancer Registry Data as of October 2022","42.634338","-77.078311","False"
"cardiovascular-mortality","Age-adjusted cardiovascular disease mortality rate per 100,000","Albany","209","2631","309894","Rate","2019-2021","2021 Vital Statistics Data as of July, 2023","42.678066","-73.814233","False"
"cardiovascular-mortality","Age-adjusted cardiovascular disease mortality rate per 100,000","Allegany","187.4","357","46498","Rate","2019-2021","2021 Vital Statistics Data as of July, 2023","42.226801","-78.020567","False"
"cardiovascular-mortality","Age-adjusted cardiovascular disease mortality rate per 100,000","Bronx","260.4","11887","1428574","Rate","2019-2021","2021 Vital Statistics Data as of July, 2023","40.85589","-73.868294","False"
"cardiovascular-mortality","Age-adjusted cardiovascular disease mortality rate per 100,000","Broome","212.3","1916","194382","Rate","2019-2021","2021 Vital Statistics Data as of July, 2023","42.122015","-75.933191","False"
"cardiovascular-mortality","Age-adjusted cardiovascular disease mortality rate per 100,000","Cattaraugus","252.5","832","76715","Rate","2019-2021","2021 Vital Statistics Data as of July, 2023","42.224267","-78.606673","False"
"cardiovascular-mortality","Age-adjusted cardiovascular disease mortality rate per 100,000","Cayuga","229.1","786","76678","Rate","2019-2021","2021 Vital Statistics Data as of July, 2023","42.940095","-76.560755","False"
"cardiovascular-mortality","Age-adjusted cardiovascular disease mortality rate per 100,000","Chautauqua","230.1","1377","127272","Rate","2019-2021","2021 Vital Statistics Data as of July, 2023","42.246904","-79.315313","False"
"cardiovascular-mortality","Age-adjusted cardiovascular disease mortality rate per 100,000","Chemung","254.6","947","83632","Rate","2019-2021","2021 Vital Statistics Data as of July, 2023","42.116644","-76.812331","False"
"cardiovascular-mortality","Age-adjusted cardiovascular disease mortality rate per 100,000","Chenango","282.4","611","47214","Rate","2019-2021","2021 Vital Statistics Data as of July, 2023","42.481798","-75.570013","False"
"cardiovascular-mortality","Age-adjusted cardiovascular disease mortality rate per 100,000","Clinton","224.2","712","80449","Rate","2019-2021","2021 Vital Statistics Data as of July, 2023","44.731944","-73.548883","False"
"cardiovascular-mortality","Age-adjusted cardiovascular disease mortality rate per 100,000","Columbia","190.6","614","60581","Rate","2019-2021","2021 Vital Statistics Data as of July, 2023","42.276913","-73.682168","False"
"cardiovascular-mortality","Age-adjusted cardiovascular disease mortality rate per 100,000","Cortland","219.7","384","47310","Rate","2019-2021","2021 Vital Statistics Data as of July, 2023","42.597101","-76.143291","False"
"cardiovascular-mortality","Age-adjusted cardiovascular disease mortality rate per 100,000","Delaware","246.6","603","44667","Rate","2019-2021","2021 Vital Statistics Data as of July, 2023","42.242972","-74.997944","False"
"cardiovascular-mortality","Age-adjusted cardiovascular disease mortality rate per 100,000","Dutchess","210.7","2642","295222","Rate","2019-2021","2021 Vital Statistics Data as of July, 2023","41.686216","-73.840468","False"
"cardiovascular-mortality","Age-adjusted cardiovascular disease mortality rate per 100,000","Erie","217","8625","931411","Rate","2019-2021","2021 Vital Statistics Data as of July, 2023","42.888143","-78.795544","False"
"cardiovascular-mortality","Age-adjusted cardiovascular disease mortality rate per 100,000","Essex","199.2","391","37303","Rate","2019-2021","2021 Vital Statistics Data as of July, 2023","44.166026","-73.685145","False"
"cardiovascular-mortality","Age-adjusted cardiovascular disease mortality rate per 100,000","Franklin","214.3","414","49230","Rate","2019-2021","2021 Vital Statistics Data as of July, 2023","44.705699","-74.340621","False"
"cardiovascular-mortality","Age-adjusted cardiovascular disease mortality rate per 100,000","Fulton","255.9","614","53454","Rate","2019-2021","2021 Vital Statistics Data as of July, 2023","43.06014","-74.331296","False"
"cardiovascular-mortality","Age-adjusted cardiovascular disease mortality rate per 100,000","Genesee","207.7","544","57669","Rate","2019-2021","2021 Vital Statistics Data as of July, 2023","43.000121","-78.172679","False"
"cardiovascular-mortality","Age-adjusted cardiovascular disease mortality rate per 100,000","Greene","231.7","549","47765","Rate","2019-2021","2021 Vital Statistics Data as of July, 2023","42.298326","-73.973376","False"
"cardiovascular-mortality","Age-adjusted cardiovascular disease mortality rate per 100,000","Hamilton","207","63","4673","Rate","2019-2021","2021 Vital Statistics Data as of July, 2023","43.618468","-74.395268","False"
"cardiovascular-mortality","Age-adjusted cardiovascular disease mortality rate per 100,000","Herkimer","221.2","634","61201","Rate","2019-2021","2021 Vital Statistics Data as of July, 2023","43.070026","-74.994246","False"
"cardiovascular-mortality","Age-adjusted cardiovascular disease mortality rate per 100,000","Jefferson","235.1","860","114071","Rate","2019-2021","2021 Vital Statistics Data as of July, 2023","44.019295","-75.898971","False"
"cardiovascular-mortality","Age-adjusted cardiovascular disease mortality rate per 100,000","Kings","239.1","21161","2599221","Rate","2019-2021","2021 Vital Statistics Data as of July, 2023","40.65642","-73.950691","False"
"cardiovascular-mortality","Age-adjusted cardiovascular disease mortality rate per 100,000","Lewis","193.5","220","26584","Rate","2019-2021","2021 Vital Statistics Data as of July, 2023","43.785537","-75.446296","False"
"cardiovascular-mortality","Age-adjusted cardiovascular disease mortality rate per 100,000","Livingston","204.4","536","62730","Rate","2019-2021","2021 Vital Statistics Data as of July, 2023","42.763754","-77.765392","False"
"cardiovascular-mortality","Age-adjusted cardiovascular disease mortality rate per 100,000","Madison","182.5","530","69919","Rate","2019-2021","2021 Vital Statistics Data as of July, 2023","42.986917","-75.720031","False"
"cardiovascular-mortality","Age-adjusted cardiovascular disease mortality rate per 100,000","Monroe","177.8","5515","748342","Rate","2019-2021","2021 Vital Statistics Data as of July, 2023","43.161748","-77.620143","False"
"cardiovascular-mortality","Age-adjusted cardiovascular disease mortality rate per 100,000","Montgomery","245.5","543","49538","Rate","2019-2021","2021 Vital Statistics Data as of July, 2023","42.933637","-74.341972","False"
"cardiovascular-mortality","Age-adjusted cardiovascular disease mortality rate per 100,000","Nassau","219.2","13518","1368653","Rate","2019-2021","2021 Vital Statistics Data as of July, 2023","40.715749","-73.601185","False"
"cardiovascular-mortality","Age-adjusted cardiovascular disease mortality rate per 100,000","New York","166.2","11112","1614529","Rate","2019-2021","2021 Vital Statistics Data as of July, 2023","40.726966","-74.005966","False"
"cardiovascular-mortality","Age-adjusted cardiovascular disease mortality rate per 100,000","New York State","213.2","167174","19648563","Rate","2019-2021","2021 Vital Statistics Data as of July, 2023",,,"False"
"cardiovascular-mortality","Age-adjusted cardiovascular disease mortality rate per 100,000","Niagara","267.7","2499","210830","Rate","2019-2021","2021 Vital Statistics Data as of July, 2023","43.134634","-78.856419","False"
"cardiovascular-mortality","Age-adjusted cardiovascular disease mortality rate per 100,000","Oneida","220.7","2277","229601","Rate","2019-2021","2021 Vital Statistics Data as of July, 2023","43.149482","-75.361773","False"
"cardiovascular-mortality","Age-adjusted cardiovascular disease mortality rate per 100,000","Onondaga","205.3","3949","465291","Rate","2019-2021","2021 Vital Statistics Data as of July, 2023","43.065629","-76.168033","False"
"cardiovascular-mortality","Age-adjusted cardiovascular disease mortality rate per 100,000","Ontario","173.3","873","110861","Rate","2019-2021","2021 Vital Statistics Data as of July, 2023","42.894571","-77.252045","False"
"cardiovascular-mortality","Age-adjusted cardiovascular disease mortality rate per 100,000","Orange","197.7","2494","389940","Rate","2019-2021","2021 Vital Statistics Data as of July, 2023","41.422459","-74.241929","False"
"cardiovascular-mortality","Age-adjusted cardiovascular disease mortality rate per 100,000","Orleans","235.1","392","40376","Rate","2019-2021","2021 Vital Statistics Data as of July, 2023","43.248394","-78.218438","False"
"cardiovascular-mortality","Age-adjusted cardiovascular disease mortality rate per 100,000","Oswego","229.6","988","117721","Rate","2019-2021","2021 Vital Statistics Data as of July, 2023","43.39123","-76.31133","False"
"cardiovascular-mortality","Age-adjusted cardiovascular disease mortality rate per 100,000","Otsego","222","618","60138","Rate","2019-2021","2021 Vital Statistics Data as of July, 2023","42.564852","-75.060334","False"
"cardiovascular-mortality","Age-adjusted cardiovascular disease mortality rate per 100,000","Putnam","181.9","709","98639","Rate","2019-2021","2021 Vital Statistics Data as of July, 2023","41.41131","-73.717443","False"
"cardiovascular-mortality","Age-adjusted cardiovascular disease mortality rate per 100,000","Queens","215","19141","2292904","Rate","2019-2021","2021 Vital Statistics Data as of July, 2023","40.749338","-73.789673","False"
"cardiovascular-mortality","Age-adjusted cardiovascular disease mortality rate per 100,000","Rensselaer","218.7","1365","159881","Rate","2019-2021","2021 Vital Statistics Data as of July, 2023","42.70098","-73.628669","False"
"cardiovascular-mortality","Age-adjusted cardiovascular disease mortality rate per 100,000","Richmond","271.3","4904","482182","Rate","2019-2021","2021 Vital Statistics Data as of July, 2023","40.566763","-74.148102","False"
"cardiovascular-mortality","Age-adjusted cardiovascular disease mortality rate per 100,000","Rockland","178.8","2301","330189","Rate","2019-2021","2021 Vital Statistics Data as of July, 2023","41.127287","-74.017033","False"
"cardiovascular-mortality","Age-adjusted cardiovascular disease mortality rate per 100,000","Saratoga","183.1","1735","232739","Rate","2019-2021","2021 Vital Statistics Data as of July, 2023","43.00894","-73.786779","False"
"cardiovascular-mortality","Age-adjusted cardiovascular disease mortality rate per 100,000","Schenectady","223.2","1461","156961","Rate","2019-2021","2021 Vital Statistics Data as of July, 2023","42.809233","-73.946838","False"
"cardiovascular-mortality","Age-adjusted cardiovascular disease mortality rate per 100,000","Schoharie","189.9","275","30839","Rate","2019-2021","2021 Vital Statistics Data as of July, 2023","42.643426","-74.434606","False"
"cardiovascular-mortality","Age-adjusted cardiovascular disease mortality rate per 100,000","Schuyler","249.8","201","17828","Rate","2019-2021","2021 Vital Statistics Data as of July, 2023","42.38593","-76.872032","False"
"cardiovascular-mortality","Age-adjusted cardiovascular disease mortality rate per 100,000","Seneca","200.1","290","34043","Rate","2019-2021","2021 Vital Statistics Data as of July, 2023","42.833627","-76.82753","False"
"cardiovascular-mortality","Age-adjusted cardiovascular disease mortality rate per 100,000","St. Lawrence","228.1","994","108493","Rate","2019-2021","2021 Vital Statistics Data as of July, 2023","44.689468","-75.242045","False"
"cardiovascular-mortality","Age-adjusted cardiovascular disease mortality rate per 100,000","Steuben","225.7","961","94952","Rate","2019-2021","2021 Vital Statistics Data as of July, 2023","42.270053","-77.324618","False"
"cardiovascular-mortality","Age-adjusted cardiovascular disease mortality rate per 100,000","Suffolk","208.2","12798","1499223","Rate","2019-2021","2021 Vital Statistics Data as of July, 2023","40.820237","-73.119032","False"
"cardiovascular-mortality","Age-adjusted cardiovascular disease mortality rate per 100,000","Sullivan","224.3","677","76819","Rate","2019-2021","2021 Vital Statistics Data as of July, 2023","41.705166","-74.711705","False"
"cardiovascular-mortality","Age-adjusted cardiovascular disease mortality rate per 100,000","Tioga","200.7","462","48372","Rate","2019-2021","2021 Vital Statistics Data as of July, 2023","42.120252","-76.29595","False"
"cardiovascular-mortality","Age-adjusted cardiovascular disease mortality rate per 100,000","Tompkins","156.9","522","103603","Rate","2019-2021","2021 Vital Statistics Data as of July, 2023","42.461024","-76.478784","False"
"cardiovascular-mortality","Age-adjusted cardiovascular disease mortality rate per 100,000","Ulster","216.1","1757","180241","Rate","2019-2021","2021 Vital Statistics Data as of July, 2023","41.848374","-74.099412","False"
"cardiovascular-mortality","Age-adjusted cardiovascular disease mortality rate per 100,000","Warren","215.5","672","64770","Rate","2019-2021","2021 Vital Statistics Data as of July, 2023","43.403024","-73.716044","False"
"cardiovascular-mortality","Age-adjusted cardiovascular disease mortality rate per 100,000","Washington","225.9","620","61215","Rate","2019-2021","2021 Vital Statistics Data as of July, 2023","43.289513","-73.454761","False"
"cardiovascular-mortality","Age-adjusted cardiovascular disease mortality rate per 100,000","Wayne","208.7","799","90474","Rate","2019-2021","2021 Vital Statistics Data as of July, 2023","43.144336","-77.117995","False"
"cardiovascular-mortality","Age-adjusted cardiovascular disease mortality rate per 100,000","Westchester","176.1","7732","979154","Rate","2019-2021","2021 Vital Statistics Data as of July, 2023","41.039278","-73.805386","False"
"cardiovascular-mortality","Age-adjusted cardiovascular disease mortality rate per 100,000","Wyoming","232.9","368","40051","Rate","2019-2021","2021 Vital Statistics Data as of July, 2023","42.723641","-78.204473","False"
"cardiovascular-mortality","Age-adjusted cardiovascular disease mortality rate per 100,000","Yates","195.7","212","24851","Rate","2019-2021","2021 Vital Statistics Data as of July, 2023","42.634338","-77.078311","False"
"care-cost-barrier","Age-adjusted percentage of adults who did not receive medical care because of cost","Albany","6.2",,,"Percentage","2022","NYS Expanded Behavioral Risk Factor Surveillance System, data as of November 2022","42.678066","-73.814233","False"
"care-cost-barrier","Age-adjusted percentage of adults who did not receive medical care because of cost","Allegany","7.4",,,"Percentage","2022","NYS Expanded Behavioral Risk Factor Surveillance System, data as of November 2022","42.226801","-78.020567","False"
"care-cost-barrier","Age-adjusted percentage of adults who did not receive medical care because of cost","Bronx","10.7",,,"Percentage","2022","NYS Expanded Behavioral Risk Factor Surveillance System, data as of November 2022","40.85589","-73.868294","False"
"care-cost-barrier","Age-adjusted percentage of adults who did not receive medical care because of cost","Broome","8.2",,,"Percentage","2022","NYS Expanded Behavioral Risk Factor Surveillance System, data as of November 2022","42.122015","-75.933191","False"
"care-cost-barrier","Age-adjusted percentage of adults who did not receive medical care because of cost","Cattaraugus","3.2",,,"Percentage","2022","NYS Expanded Behavioral Risk Factor Surveillance System, data as of November 2022","42.224267","-78.606673","False"
"care-cost-barrier","Age-adjusted percentage of adults who did not receive medical care because of cost","Cayuga","8.1",,,"Percentage","2022","NYS Expanded Behavioral Risk Factor Surveillance System, data as of November 2022","42.940095","-76.560755","False"
"care-cost-barrier","Age-adjusted percentage of adults who did not receive medical care because of cost","Chautauqua","7.1",,,"Percentage","2022","NYS Expanded Behavioral Risk Factor Surveillance System, data as of November 2022","42.246904","-79.315313","False"
"care-cost-barrier","Age-adjusted percentage of adults who did not receive medical care because of cost","Chemung","6.2",,,"Percentage","2022","NYS Expanded Behavioral Risk Factor Surveillance System, data as of November 2022","42.116644","-76.812331","False"
"care-cost-barrier","Age-adjusted percentage of adults who did not receive medical care because of cost","Chenango","8.1",,,"Percentage","2022","NYS Expanded Behavioral Risk Factor Surveillance System, data as of November 2022","42.481798","-75.570013","False"
"care-cost-barrier","Age-adjusted percentage of adults who did not receive medical care because of cost","Clinton","5.6",,,"Percentage","2022","NYS Expanded Behavioral Risk Factor Surveillance System, data as of November 2022","44.731944","-73.548883","False"
"care-cost-barrier","Age-adjusted percentage of adults who did not receive medical care because of cost","Columbia","5.8",,,"Percentage","2022","NYS Expanded Behavioral Risk Factor Surveillance System, data as of November 2022","42.276913","-73.682168","False"
"care-cost-barrier","Age-adjusted percentage of adults who did not receive medical care because of cost","Cortland","6.9",,,"Percentage","2022","NYS Expanded Behavioral Risk Factor Surveillance System, data as of November 2022","42.597101","-76.143291","False"
"care-cost-barrier","Age-adjusted percentage of adults who did not receive medical care because of cost","Delaware","7.4",,,"Percentage","2022","NYS Expanded Behavioral Risk Factor Surveillance System, data as of November 2022","42.242972","-74.997944","False"
"care-cost-barrier","Age-adjusted percentage of adults who did not receive medical care because of cost","Dutchess","8.7",,,"Percentage","2022","NYS Expanded Behavioral Risk Factor Surveillance System, data as of November 2022","41.686216","-73.840468","False"
"care-cost-barrier","Age-adjusted percentage of adults who did not receive medical care because of cost","Erie","8",,,"Percentage","2022","NYS Expanded Behavioral Risk Factor Surveillance System, data as of November 2022","42.888143","-78.795544","False"
"care-cost-barrier","Age-adjusted percentage of adults who did not receive medical care because of cost","Essex","9.5",,,"Percentage","2022","NYS Expanded Behavioral Risk Factor Surveillance System, data as of November 2022","44.166026","-73.685145","False"
"care-cost-barrier","Age-adjusted percentage of adults who did not receive medical care because of cost","Franklin","3.3",,,"Percentage","2022","NYS Expanded Behavioral Risk Factor Surveillance System, data as of November 2022","44.705699","-74.340621","False"
"care-cost-barrier","Age-adjusted percentage of adults who did not receive medical care because of cost","Fulton","6.9",,,"Percentage","2022","NYS Expanded Behavioral Risk Factor Surveillance System, data as of November 2022","43.06014","-74.331296","False"
"care-cost-barrier","Age-adjusted percentage of adults who did not receive medical care because of cost","Genesee","7.1",,,"Percentage","2022","NYS Expanded Behavioral Risk Factor Surveillance System, data as of November 2022","43.000121","-78.172679","False"
"care-cost-barrier","Age-adjusted percentage of adults who did not receive medical care because of cost","Greene","5",,,"Percentage","2022","NYS Expanded Behavioral Risk Factor Surveillance System, data as of November 2022","42.298326","-73.973376","False"
"care-cost-barrier","Age-adjusted percentage of adults who did not receive medical care because of cost","Hamilton",,,,"Percentage","2022","NYS Expanded Behavioral Risk Factor Surveillance System, data as of November 2022","43.618468","-74.395268","True"
"care-cost-barrier","Age-adjusted percentage of adults who did not receive medical care because of cost","Herkimer","7.6",,,"Percentage","2022","NYS Expanded Behavioral Risk Factor Surveillance System, data as of November 2022","43.070026","-74.994246","False"
"care-cost-barrier","Age-adjusted percentage of adults who did not receive medical care because of cost","Jefferson","6",,,"Percentage","2022","NYS Expanded Behavioral Risk Factor Surveillance System, data as of November 2022","44.019295","-75.898971","False"
"care-cost-barrier","Age-adjusted percentage of adults who did not receive medical care because of cost","Kings","10.6",,,"Percentage","2022","NYS Expanded Behavioral Risk Factor Surveillance System, data as of November 2022","40.65642","-73.950691","False"
"care-cost-barrier","Age-adjusted percentage of adults who did not receive medical care because of cost","Lewis","5.4",,,"Percentage","2022","NYS Expanded Behavioral Risk Factor Surveillance System, data as of November 2022","43.785537","-75.446296","False"
"care-cost-barrier","Age-adjusted percentage of adults who did not receive medical care because of cost","Livingston","6.6",,,"Percentage","2022","NYS Expanded Behavioral Risk Factor Surveillance System, data as of November 2022","42.763754","-77.765392","False"
"care-cost-barrier","Age-adjusted percentage of adults who did not receive medical care because of cost","Madison","8.1",,,"Percentage","2022","NYS Expanded Behavioral Risk Factor Surveillance System, data as of November 2022","42.986917","-75.720031","False"
"care-cost-barrier","Age-adjusted percentage of adults who did not receive medical care because of cost","Monroe","5.8",,,"Percentage","2022","NYS Expanded Behavioral Risk Factor Surveillance System, data as of November 2022","43.161748","-77.620143","False"
"care-cost-barrier","Age-adjusted percentage of adults who did not receive medical care because of cost","Montgomery","6.6",,,"Percentage","2022","NYS Expanded Behavioral Risk Factor Surveillance System, data as of November 2022","42.933637","-74.341972","False"
"care-cost-barrier","Age-adjusted percentage of adults who did not receive medical care because of cost","Nassau","7.6",,,"Percentage","2022","NYS Expanded Behavioral Risk Factor Surveillance System, data as of November 2022","40.715749","-73.601185","False"
"care-cost-barrier","Age-adjusted percentage of adults who did not receive medical care because of cost","New York","9.8",,,"Percentage","2022","NYS Expanded Behavioral Risk Factor Surveillance System, data as of November 2022","40.726966","-74.005966","False"
"care-cost-barrier","Age-adjusted percentage of adults who did not receive medical care because of cost","New York State","8.4",,,"Percentage","2022","NYS Expanded Behavioral Risk Factor Surveillance System, data as of November 2022",,,"False"
"care-cost-barrier","Age-adjusted percentage of adults who did not receive medical care because of cost","Niagara","11.4",,,"Percentage","2022","NYS Expanded Behavioral Risk Factor Surveillance System, data as of November 2022","43.134634","-78.856419","False"
"care-cost-barrier","Age-adjusted percentage of adults who did not receive medical care because of cost","Oneida","5.8",,,"Percentage","2022","NYS Expanded Behavioral Risk Factor Surveillance System, data as of November 2022","43.149482","-75.361773","False"
"care-cost-barrier","Age-adjusted percentage of adults who did not receive medical care because of cost","Onondaga","5.8",,,"Percentage","2022","NYS Expanded Behavioral Risk Factor Surveillance System, data as of November 2022","43.065629","-76.168033","False"
"care-cost-barrier","Age-adjusted percentage of adults who did not receive medical care because of cost","Ontario","8",,,"Percentage","2022","NYS Expanded Behavioral Risk Factor Surveillance System, data as of November 2022","42.894571","-77.252045","False"
"care-cost-barrier","Age-adjusted percentage of adults who did not receive medical care because of cost","Orange","5",,,"Percentage","2022","NYS Expanded Behavioral Risk Factor Surveillance System, data as of November 2022","41.422459","-74.241929","False"
"care-cost-barrier","Age-adjusted percentage of adults who did not receive medical care because of cost","Orleans","6.3",,,"Percentage","2022","NYS Expanded Behavioral Risk Factor Surveillance System, data as of November 2022","43.248394","-78.218438","False"
"care-cost-barrier","Age-adjusted percentage of adults who did not receive medical care because of cost","Oswego","4.4",,,"Percentage","2022","NYS Expanded Behavioral Risk Factor Surveillance System, data as of November 2022","43.39123","-76.31133","False"
"care-cost-barrier","Age-adjusted percentage of adults who did not receive medical care because of cost","Otsego","5.3",,,"Percentage","2022","NYS Expanded Behavioral Risk Factor Surveillance System, data as of November 2022","42.564852","-75.060334","False"
"care-cost-barrier","Age-adjusted percentage of adults who did not receive medical care because of cost","Putnam","9.9",,,"Percentage","2022","NYS Expanded Behavioral Risk Factor Surveillance System, data as of November 2022","41.41131","-73.717443","False"
"care-cost-barrier","Age-adjusted percentage of adults who did not receive medical care because of cost","Queens","10.9",,,"Percentage","2022","NYS Expanded Behavioral Risk Factor Surveillance System, data as of November 2022","40.749338","-73.789673","False"
"care-cost-barrier","Age-adjusted percentage of adults who did not receive medical care because of cost","Rensselaer","5.5",,,"Percentage","2022","NYS Expanded Behavioral Risk Factor Surveillance System, data as of November 2022","42.70098","-73.628669","False"
"care-cost-barrier","Age-adjusted percentage of adults who did not receive medical care because of cost","Richmond","4.8",,,"Percentage","2022","NYS Expanded Behavioral Risk Factor Surveillance System, data as of November 2022","40.566763","-74.148102","False"
"care-cost-barrier","Age-adjusted percentage of adults who did not receive medical care because of cost","Rockland","8.4",,,"Percentage","2022","NYS Expanded Behavioral Risk Factor Surveillance System, data as of November 2022","41.127287","-74.017033","False"
"care-cost-barrier","Age-adjusted percentage of adults who did not receive medical care because of cost","Saratoga",,,,"Percentage","2022","NYS Expanded Behavioral Risk Factor Surveillance System, data as of November 2022","43.00894","-73.786779","True"
"care-cost-barrier","Age-adjusted percentage of adults who did not receive medical care because of cost","Schenectady","5.2",,,"Percentage","2022","NYS Expanded Behavioral Risk Factor Surveillance System, data as of November 2022","42.809233","-73.946838","False"
"care-cost-barrier","Age-adjusted percentage of adults who did not receive medical care because of cost","Schoharie","5.7",,,"Percentage","2022","NYS Expanded Behavioral Risk Factor Surveillance System, data as of November 2022","42.643426","-74.434606","False"
"care-cost-barrier","Age-adjusted percentage of adults who did not receive medical care because of cost","Schuyler","4.4",,,"Percentage","2022","NYS Expanded Behavioral Risk Factor Surveillance System, data as of November 2022","42.38593","-76.872032","False"
"care-cost-barrier","Age-adjusted percentage of adults who did not receive medical care because of cost","Seneca","11.4",,,"Percentage","2022","NYS Expanded Behavioral Risk Factor Surveillance System, data as of November 2022","42.833627","-76.82753","False"
"care-cost-barrier","Age-adjusted percentage of adults who did not receive medical care because of cost","St. Lawrence","4.2",,,"Percentage","2022","NYS Expanded Behavioral Risk Factor Surveillance System, data as of November 2022","44.689468","-75.242045","False"
"care-cost-barrier","Age-adjusted percentage of adults who did not receive medical care because of cost","Steuben","3.7",,,"Percentage","2022","NYS Expanded Behavioral Risk Factor Surveillance System, data as of November 2022","42.270053","-77.324618","False"
"care-cost-barrier","Age-adjusted percentage of adults who did not receive medical care because of cost","Suffolk","9.2",,,"Percentage","2022","NYS Expanded Behavioral Risk Factor Surveillance System, data as of November 2022","40.820237","-73.119032","False"
"care-cost-barrier","Age-adjusted percentage of adults who did not receive medical care because of cost","Sullivan","4.9",,,"Percentage","2022","NYS Expanded Behavioral Risk Factor Surveillance System, data as of November 2022","41.705166","-74.711705","False"
"care-cost-barrier","Age-adjusted percentage of adults who did not receive medical care because of cost","Tioga","3.9",,,"Percentage","2022","NYS Expanded Behavioral Risk Factor Surveillance System, data as of November 2022","42.120252","-76.29595","False"
"care-cost-barrier","Age-adjusted percentage of adults who did not receive medical care because of cost","Tompkins","4.6",,,"Percentage","2022","NYS Expanded Behavioral Risk Factor Surveillance System, data as of November 2022","42.461024","-76.478784","False"
"care-cost-barrier","Age-adjusted percentage of adults who did not receive medical care because of cost","Ulster","5.3",,,"Percentage","2022","NYS Expanded Behavioral Risk Factor Surveillance System, data as of November 2022","41.848374","-74.099412","False"
"care-cost-barrier","Age-adjusted percentage of adults who did not receive medical care because of cost","Warren","3.9",,,"Percentage","2022","NYS Expanded Behavioral Risk Factor Surveillance System, data as of November 2022","43.403024","-73.716044","False"
"care-cost-barrier","Age-adjusted percentage of adults who did not receive medical care because of cost","Washington","7.2",,,"Percentage","2022","NYS Expanded Behavioral Risk Factor Surveillance System, data as of November 2022","43.289513","-73.454761","False"
"care-cost-barrier","Age-adjusted percentage of adults who did not receive medical care because of cost","Wayne","4.8",,,"Percentage","2022","NYS Expanded Behavioral Risk Factor Surveillance System, data as of November 2022","43.144336","-77.117995","False"
"care-cost-barrier","Age-adjusted percentage of adults who did not receive medical care because of cost","Westchester","8.3",,,"Percentage","2022","NYS Expanded Behavioral Risk Factor Surveillance System, data as of November 2022","41.039278","-73.805386","False"
"care-cost-barrier","Age-adjusted percentage of adults who did not receive medical care because of cost","Wyoming","3.4",,,"Percentage","2022","NYS Expanded Behavioral Risk Factor Surveillance System, data as of November 2022","42.723641","-78.204473","False"
"care-cost-barrier","Age-adjusted percentage of adults who did not receive medical care because of cost","Yates",,,,"Percentage","2022","NYS Expanded Behavioral Risk Factor Surveillance System, data as of November 2022","42.634338","-77.078311","True"
"child-asthma-hospitalization","Asthma hospitalization rate per 10,000 - Aged 0-17 years","Albany","9.4","53","56443","Rate","2021","2021 SPARCS Data as of June, 2023","42.678066","-73.814233","False"
"child-asthma-hospitalization","Asthma hospitalization rate per 10,000 - Aged 0-17 years","Allegany",,,"9155","Rate","2021","2021 SPARCS Data as of June, 2023","42.226801","-78.020567","True"
"child-asthma-hospitalization","Asthma hospitalization rate per 10,000 - Aged 0-17 years","Bronx","42.8","1484","346834","Rate","2021","2021 SPARCS Data as of June, 2023","40.85589","-73.868294","False"
"child-asthma-hospitalization","Asthma hospitalization rate per 10,000 - Aged 0-17 years","Broome","4.3","16","37520","Rate","2021","2021 SPARCS Data as of June, 2023","42.122015","-75.933191","False"
"child-asthma-hospitalization","Asthma hospitalization rate per 10,000 - Aged 0-17 years","Cattaraugus","6.6","11","16697","Rate","2021","2021 SPARCS Data as of June, 2023","42.224267","-78.606673","False"
"child-asthma-hospitalization","Asthma hospitalization rate per 10,000 - Aged 0-17 years","Cayuga","8.9","13","14610","Rate","2021","2021 SPARCS Data as of June, 2023","42.940095","-76.560755","False"
"child-asthma-hospitalization","Asthma hospitalization rate per 10,000 - Aged 0-17 years","Chautauqua","6.3","16","25588","Rate","2021","2021 SPARCS Data as of June, 2023","42.246904","-79.315313","False"
"child-asthma-hospitalization","Asthma hospitalization rate per 10,000 - Aged 0-17 years","Chemung",,,"17220","Rate","2021","2021 SPARCS Data as of June, 2023","42.116644","-76.812331","True"
"child-asthma-hospitalization","Asthma hospitalization rate per 10,000 - Aged 0-17 years","Chenango","0","0","9487","Rate","2021","2021 SPARCS Data as of June, 2023","42.481798","-75.570013","False"
"child-asthma-hospitalization","Asthma hospitalization rate per 10,000 - Aged 0-17 years","Clinton","0","0","14215","Rate","2021","2021 SPARCS Data as of June, 2023","44.731944","-73.548883","False"
"child-asthma-hospitalization","Asthma hospitalization rate per 10,000 - Aged 0-17 years","Columbia","10.1","10","9938","Rate","2021","2021 SPARCS Data as of June, 2023","42.276913","-73.682168","False"
"child-asthma-hospitalization","Asthma hospitalization rate per 10,000 - Aged 0-17 years","Cortland",,,"8665","Rate","2021","2021 SPARCS Data as of June, 2023","42.597101","-76.143291","True"
"child-asthma-hospitalization","Asthma hospitalization rate per 10,000 - Aged 0-17 years","Delaware",,,"7095","Rate","2021","2021 SPARCS Data as of June, 2023","42.242972","-74.997944","True"
"child-asthma-hospitalization","Asthma hospitalization rate per 10,000 - Aged 0-17 years","Dutchess","7.2","39","54449","Rate","2021","2021 SPARCS Data as of June, 2023","41.686216","-73.840468","False"
"child-asthma-hospitalization","Asthma hospitalization rate per 10,000 - Aged 0-17 years","Erie","8.5","162","190276","Rate","2021","2021 SPARCS Data as of June, 2023","42.888143","-78.795544","False"
"child-asthma-hospitalization","Asthma hospitalization rate per 10,000 - Aged 0-17 years","Essex","0","0","5910","Rate","2021","2021 SPARCS Data as of June, 2023","44.166026","-73.685145","False"
"child-asthma-hospitalization","Asthma hospitalization rate per 10,000 - Aged 0-17 years","Franklin",,,"9470","Rate","2021","2021 SPARCS Data as of June, 2023","44.705699","-74.340621","True"
"child-asthma-hospitalization","Asthma hospitalization rate per 10,000 - Aged 0-17 years","Fulton","5.7","6","10486","Rate","2021","2021 SPARCS Data as of June, 2023","43.06014","-74.331296","False"
"child-asthma-hospitalization","Asthma hospitalization rate per 10,000 - Aged 0-17 years","Genesee",,,"11679","Rate","2021","2021 SPARCS Data as of June, 2023","43.000121","-78.172679","True"
"child-asthma-hospitalization","Asthma hospitalization rate per 10,000 - Aged 0-17 years","Greene","11.6","9","7762","Rate","2021","2021 SPARCS Data as of June, 2023","42.298326","-73.973376","False"
"child-asthma-hospitalization","Asthma hospitalization rate per 10,000 - Aged 0-17 years","Hamilton",,,"666","Rate","2021","2021 SPARCS Data as of June, 2023","43.618468","-74.395268","True"
"child-asthma-hospitalization","Asthma hospitalization rate per 10,000 - Aged 0-17 years","Herkimer",,,"12164","Rate","2021","2021 SPARCS Data as of June, 2023","43.070026","-74.994246","True"
"child-asthma-hospitalization","Asthma hospitalization rate per 10,000 - Aged 0-17 years","Jefferson","2.2","6","27741","Rate","2021","2021 SPARCS Data as of June, 2023","44.019295","-75.898971","False"
"child-asthma-hospitalization","Asthma hospitalization rate per 10,000 - Aged 0-17 years","Kings","15.8","935","591707","Rate","2021","2021 SPARCS Data as of June, 2023","40.65642","-73.950691","False"
"child-asthma-hospitalization","Asthma hospitalization rate per 10,000 - Aged 0-17 years","Lewis",,,"6031","Rate","2021","2021 SPARCS Data as of June, 2023","43.785537","-75.446296","True"
"child-asthma-hospitalization","Asthma hospitalization rate per 10,000 - Aged 0-17 years","Livingston",,,"10929","Rate","2021","2021 SPARCS Data as of June, 2023","42.763754","-77.765392","True"
"child-asthma-hospitalization","Asthma hospitalization rate per 10,000 - Aged 0-17 years","Madison",,,"12423","Rate","2021","2021 SPARCS Data as of June, 2023","42.986917","-75.720031","True"
"child-asthma-hospitalization","Asthma hospitalization rate per 10,000 - Aged 0-17 years","Monroe","15.9","243","153226","Rate","2021","2021 SPARCS Data as of June, 2023","43.161748","-77.620143","False"
"child-asthma-hospitalization","Asthma hospitalization rate per 10,000 - Aged 0-17 years","Montgomery","6.1","7","11402","Rate","2021","2021 SPARCS Data as of June, 2023","42.933637","-74.341972","False"
"child-asthma-hospitalization","Asthma hospitalization rate per 10,000 - Aged 0-17 years","Nassau","11.3","333","295955","Rate","2021","2021 SPARCS Data as of June, 2023","40.715749","-73.601185","False"
"child-asthma-hospitalization","Asthma hospitalization rate per 10,000 - Aged 0-17 years","New York","21.1","482","228279","Rate","2021","2021 SPARCS Data as of June, 2023","40.726966","-74.005966","False"
"child-asthma-hospitalization","Asthma hospitalization rate per 10,000 - Aged 0-17 years","New York State","13.8","5618","4069680","Rate","2021","2021 SPARCS Data as of June, 2023",,,"False"
"child-asthma-hospitalization","Asthma hospitalization rate per 10,000 - Aged 0-17 years","Niagara","8.9","37","41692","Rate","2021","2021 SPARCS Data as of June, 2023","43.134634","-78.856419","False"
"child-asthma-hospitalization","Asthma hospitalization rate per 10,000 - Aged 0-17 years","Oneida","9.2","45","48913","Rate","2021","2021 SPARCS Data as of June, 2023","43.149482","-75.361773","False"
"child-asthma-hospitalization","Asthma hospitalization rate per 10,000 - Aged 0-17 years","Onondaga","13","128","98563","Rate","2021","2021 SPARCS Data as of June, 2023","43.065629","-76.168033","False"
"child-asthma-hospitalization","Asthma hospitalization rate per 10,000 - Aged 0-17 years","Ontario","2.8","6","21585","Rate","2021","2021 SPARCS Data as of June, 2023","42.894571","-77.252045","False"
"child-asthma-hospitalization","Asthma hospitalization rate per 10,000 - Aged 0-17 years","Orange","8.8","90","102667","Rate","2021","2021 SPARCS Data as of June, 2023","41.422459","-74.241929","False"
"child-asthma-hospitalization","Asthma hospitalization rate per 10,000 - Aged 0-17 years","Orleans",,,"7564","Rate","2021","2021 SPARCS Data as of June, 2023","43.248394","-78.218438","True"
"child-asthma-hospitalization","Asthma hospitalization rate per 10,000 - Aged 0-17 years","Oswego","5.8","14","24197","Rate","2021","2021 SPARCS Data as of June, 2023","43.39123","-76.31133","False"
"child-asthma-hospitalization","Asthma hospitalization rate per 10,000 - Aged 0-17 years","Otsego",,,"8996","Rate","2021","2021 SPARCS Data as of June, 2023","42.564852","-75.060334","True"
"child-asthma-hospitalization","Asthma hospitalization rate per 10,000 - Aged 0-17 years","Putnam","5.3","10","18784","Rate","2021","2021 SPARCS Data as of June, 2023","41.41131","-73.717443","False"
"child-asthma-hospitalization","Asthma hospitalization rate per 10,000 - Aged 0-17 years","Queens","13","599","459585","Rate","2021","2021 SPARCS Data as of June, 2023","40.749338","-73.789673","False"
"child-asthma-hospitalization","Asthma hospitalization rate per 10,000 - Aged 0-17 years","Rensselaer","5.2","16","30496","Rate","2021","2021 SPARCS Data as of June, 2023","42.70098","-73.628669","False"
"child-asthma-hospitalization","Asthma hospitalization rate per 10,000 - Aged 0-17 years","Richmond","9.8","104","106219","Rate","2021","2021 SPARCS Data as of June, 2023","40.566763","-74.148102","False"
"child-asthma-hospitalization","Asthma hospitalization rate per 10,000 - Aged 0-17 years","Rockland","6.6","65","98266","Rate","2021","2021 SPARCS Data as of June, 2023","41.127287","-74.017033","False"
"child-asthma-hospitalization","Asthma hospitalization rate per 10,000 - Aged 0-17 years","Saratoga","4.2","19","45268","Rate","2021","2021 SPARCS Data as of June, 2023","43.00894","-73.786779","False"
"child-asthma-hospitalization","Asthma hospitalization rate per 10,000 - Aged 0-17 years","Schenectady","8.5","29","34009","Rate","2021","2021 SPARCS Data as of June, 2023","42.809233","-73.946838","False"
"child-asthma-hospitalization","Asthma hospitalization rate per 10,000 - Aged 0-17 years","Schoharie",,,"5191","Rate","2021","2021 SPARCS Data as of June, 2023","42.643426","-74.434606","True"
"child-asthma-hospitalization","Asthma hospitalization rate per 10,000 - Aged 0-17 years","Schuyler","0","0","3340","Rate","2021","2021 SPARCS Data as of June, 2023","42.38593","-76.872032","False"
"child-asthma-hospitalization","Asthma hospitalization rate per 10,000 - Aged 0-17 years","Seneca",,,"6726","Rate","2021","2021 SPARCS Data as of June, 2023","42.833627","-76.82753","True"
"child-asthma-hospitalization","Asthma hospitalization rate per 10,000 - Aged 0-17 years","St. Lawrence","4.2","9","21415","Rate","2021","2021 SPARCS Data as of June, 2023","44.689468","-75.242045","False"
"child-asthma-hospitalization","Asthma hospitalization rate per 10,000 - Aged 0-17 years","Steuben",,,"19838","Rate","2021","2021 SPARCS Data as of June, 2023","42.270053","-77.324618","True"
"child-asthma-hospitalization","Asthma hospitalization rate per 10,000 - Aged 0-17 years","Suffolk","9.1","284","313770","Rate","2021","2021 SPARCS Data as of June, 2023","40.820237","-73.119032","False"
"child-asthma-hospitalization","Asthma hospitalization rate per 10,000 - Aged 0-17 years","Sullivan","6","10","16763","Rate","2021","2021 SPARCS Data as of June, 2023","41.705166","-74.711705","False"
"child-asthma-hospitalization","Asthma hospitalization rate per 10,000 - Aged 0-17 years","Tioga",,,"9680","Rate","2021","2021 SPARCS Data as of June, 2023","42.120252","-76.29595","True"
"child-asthma-hospitalization","Asthma hospitalization rate per 10,000 - Aged 0-17 years","Tompkins","4.8","7","14678","Rate","2021","2021 SPARCS Data as of June, 2023","42.461024","-76.478784","False"
"child-asthma-hospitalization","Asthma hospitalization rate per 10,000 - Aged 0-17 years","Ulster","5.8","18","31297","Rate","2021","2021 SPARCS Data as of June, 2023","41.848374","-74.099412","False"
"child-asthma-hospitalization","Asthma hospitalization rate per 10,000 - Aged 0-17 years","Warren","5.2","6","11479","Rate","2021","2021 SPARCS Data as of June, 2023","43.403024","-73.716044","False"
"child-asthma-hospitalization","Asthma hospitalization rate per 10,000 - Aged 0-17 years","Washington",,,"11146","Rate","2021","2021 SPARCS Data as of June, 2023","43.289513","-73.454761","True"
"child-asthma-hospitalization","Asthma hospitalization rate per 10,000 - Aged 0-17 years","Wayne","4.2","8","19110","Rate","2021","2021 SPARCS Data as of June, 2023","43.144336","-77.117995","False"
"child-asthma-hospitalization","Asthma hospitalization rate per 10,000 - Aged 0-17 years","Westchester","11.2","238","211674","Rate","2021","2021 SPARCS Data as of June, 2023","41.039278","-73.805386","False"
"child-asthma-hospitalization","Asthma hospitalization rate per 10,000 - Aged 0-17 years","Wyoming",,,"7318","Rate","2021","2021 SPARCS Data as of June, 2023","42.723641","-78.204473","True"
"child-asthma-hospitalization","Asthma hospitalization rate per 10,000 - Aged 0-17 years","Yates",,,"5429","Rate","2021","2021 SPARCS Data as of June, 2023","42.634338","-77.078311","True"
"child-poverty","Percentage of children aged <18 years below poverty","Albany","16.1",,,"Percentage","2021","U.S. Census Bureau, data as of December 2021","42.678066","-73.814233","False"
"child-poverty","Percentage of children aged <18 years below poverty","Allegany","20.3",,,"Percentage","2021","U.S. Census Bureau, data as of December 2021","42.226801","-78.020567","False"
"child-poverty","Percentage of children aged <18 years below poverty","Bronx","34.3",,,"Percentage","2021","U.S. Census Bureau, data as of December 2021","40.85589","-73.868294","False"
"child-poverty","Percentage of children aged <18 years below poverty","Broome","17.6",,,"Percentage","2021","U.S. Census Bureau, data as of December 2021","42.122015","-75.933191","False"
"child-poverty","Percentage of children aged <18 years below poverty","Cattaraugus","21.6",,,"Percentage","2021","U.S. Census Bureau, data as of December 2021","42.224267","-78.606673","False"
"child-poverty","Percentage of children aged <18 years below poverty","Cayuga","21.5",,,"Percentage","2021","U.S. Census Bureau, data as of December 2021","42.940095","-76.560755","False"
"child-poverty","Percentage of children aged <18 years below poverty","Chautauqua","23.2",,,"Percentage","2021","U.S. Census Bureau, data as of December 2021","42.246904","-79.315313","False"
"child-poverty","Percentage of children aged <18 years below poverty","Chemung","18.3",,,"Percentage","2021","U.S. Census Bureau, data as of December 2021","42.116644","-76.812331","False"
"child-poverty","Percentage of children aged <18 years below poverty","Chenango","20.8",,,"Percentage","2021","U.S. Census Bureau, data as of December 2021","42.481798","-75.570013","False"
"child-poverty","Percentage of children aged <18 years below poverty","Clinton","20.9",,,"Percentage","2021","U.S. Census Bureau, data as of December 2021","44.731944","-73.548883","False"
"child-poverty","Percentage of children aged <18 years below poverty","Columbia","15.3",,,"Percentage","2021","U.S. Census Bureau, data as of December 2021","42.276913","-73.682168","False"
"child-poverty","Percentage of children aged <18 years below poverty","Cortland","15.5",,,"Percentage","2021","U.S. Census Bureau, data as of December 2021","42.597101","-76.143291","False"
"child-poverty","Percentage of children aged <18 years below poverty","Delaware","23.4",,,"Percentage","2021","U.S. Census Bureau, data as of December 2021","42.242972","-74.997944","False"
"child-poverty","Percentage of children aged <18 years below poverty","Dutchess","11.6",,,"Percentage","2021","U.S. Census Bureau, data as of December 2021","41.686216","-73.840468","False"
"child-poverty","Percentage of children aged <18 years below poverty","Erie","19.2",,,"Percentage","2021","U.S. Census Bureau, data as of December 2021","42.888143","-78.795544","False"
"child-poverty","Percentage of children aged <18 years below poverty","Essex","16.2",,,"Percentage","2021","U.S. Census Bureau, data as of December 2021","44.166026","-73.685145","False"
"child-poverty","Percentage of children aged <18 years below poverty","Franklin","21.3",,,"Percentage","2021","U.S. Census Bureau, data as of December 2021","44.705699","-74.340621","False"
"child-poverty","Percentage of children aged <18 years below poverty","Fulton","21.6",,,"Percentage","2021","U.S. Census Bureau, data as of December 2021","43.06014","-74.331296","False"
"child-poverty","Percentage of children aged <18 years below poverty","Genesee","14.2",,,"Percentage","2021","U.S. Census Bureau, data as of December 2021","43.000121","-78.172679","False"
"child-poverty","Percentage of children aged <18 years below poverty","Greene","17.9",,,"Percentage","2021","U.S. Census Bureau, data as of December 2021","42.298326","-73.973376","False"
"child-poverty","Percentage of children aged <18 years below poverty","Hamilton","16.6",,,"Percentage","2021","U.S. Census Bureau, data as of December 2021","43.618468","-74.395268","False"
"child-poverty","Percentage of children aged <18 years below poverty","Herkimer","19.6",,,"Percentage","2021","U.S. Census Bureau, data as of December 2021","43.070026","-74.994246","False"
"child-poverty","Percentage of children aged <18 years below poverty","Jefferson","17.6",,,"Percentage","2021","U.S. Census Bureau, data as of December 2021","44.019295","-75.898971","False"
"child-poverty","Percentage of children aged <18 years below poverty","Kings","25.8",,,"Percentage","2021","U.S. Census Bureau, data as of December 2021","40.65642","-73.950691","False"
"child-poverty","Percentage of children aged <18 years below poverty","Lewis","18.8",,,"Percentage","2021","U.S. Census Bureau, data as of December 2021","43.785537","-75.446296","False"
"child-poverty","Percentage of children aged <18 years below poverty","Livingston","14.1",,,"Percentage","2021","U.S. Census Bureau, data as of December 2021","42.763754","-77.765392","False"
"child-poverty","Percentage of children aged <18 years below poverty","Madison","14",,,"Percentage","2021","U.S. Census Bureau, data as of December 2021","42.986917","-75.720031","False"
"child-poverty","Percentage of children aged <18 years below poverty","Monroe","18.1",,,"Percentage","2021","U.S. Census Bureau, data as of December 2021","43.161748","-77.620143","False"
"child-poverty","Percentage of children aged <18 years below poverty","Montgomery","24.5",,,"Percentage","2021","U.S. Census Bureau, data as of December 2021","42.933637","-74.341972","False"
"child-poverty","Percentage of children aged <18 years below poverty","Nassau","6.9",,,"Percentage","2021","U.S. Census Bureau, data as of December 2021","40.715749","-73.601185","False"
"child-poverty","Percentage of children aged <18 years below poverty","New York","22.7",,,"Percentage","2021","U.S. Census Bureau, data as of December 2021","40.726966","-74.005966","False"
"child-poverty","Percentage of children aged <18 years below poverty","New York State","18.8",,,"Percentage","2021","U.S. Census Bureau, data as of December 2021",,,"False"
"child-poverty","Percentage of children aged <18 years below poverty","Niagara","19.1",,,"Percentage","2021","U.S. Census Bureau, data as of December 2021","43.134634","-78.856419","False"
"child-poverty","Percentage of children aged <18 years below poverty","Oneida","21.4",,,"Percentage","2021","U.S. Census Bureau, data as of December 2021","43.149482","-75.361773","False"
"child-poverty","Percentage of children aged <18 years below poverty","Onondaga","19.9",,,"Percentage","2021","U.S. Census Bureau, data as of December 2021","43.065629","-76.168033","False"
"child-poverty","Percentage of children aged <18 years below poverty","Ontario","11.6",,,"Percentage","2021","U.S. Census Bureau, data as of December 2021","42.894571","-77.252045","False"
"child-poverty","Percentage of children aged <18 years below poverty","Orange","18",,,"Percentage","2021","U.S. Census Bureau, data as of December 2021","41.422459","-74.241929","False"
"child-poverty","Percentage of children aged <18 years below poverty","Orleans","22.8",,,"Percentage","2021","U.S. Census Bureau, data as of December 2021","43.248394","-78.218438","False"
"child-poverty","Percentage of children aged <18 years below poverty","Oswego","23.1",,,"Percentage","2021","U.S. Census Bureau, data as of December 2021","43.39123","-76.31133","False"
"child-poverty","Percentage of children aged <18 years below poverty","Otsego","18.3",,,"Percentage","2021","U.S. Census Bureau, data as of December 2021","42.564852","-75.060334","False"
"child-poverty","Percentage of children aged <18 years below poverty","Putnam","7",,,"Percentage","2021","U.S. Census Bureau, data as of December 2021","41.41131","-73.717443","False"
"child-poverty","Percentage of children aged <18 years below poverty","Queens","17",,,"Percentage","2021","U.S. Census Bureau, data as of December 2021","40.749338","-73.789673","False"
"child-poverty","Percentage of children aged <18 years below poverty","Rensselaer","16.9",,,"Percentage","2021","U.S. Census Bureau, data as of December 2021","42.70098","-73.628669","False"
"child-poverty","Percentage of children aged <18 years below poverty","Richmond","16.5",,,"Percentage","2021","U.S. Census Bureau, data as of December 2021","40.566763","-74.148102","False"
"child-poverty","Percentage of children aged <18 years below poverty","Rockland","26.3",,,"Percentage","2021","U.S. Census Bureau, data as of December 2021","41.127287","-74.017033","False"
"child-poverty","Percentage of children aged <18 years below poverty","Saratoga","8.8",,,"Percentage","2021","U.S. Census Bureau, data as of December 2021","43.00894","-73.786779","False"
"child-poverty","Percentage of children aged <18 years below poverty","Schenectady","18.3",,,"Percentage","2021","U.S. Census Bureau, data as of December 2021","42.809233","-73.946838","False"
"child-poverty","Percentage of children aged <18 years below poverty","Schoharie","18.5",,,"Percentage","2021","U.S. Census Bureau, data as of December 2021","42.643426","-74.434606","False"
"child-poverty","Percentage of children aged <18 years below poverty","Schuyler","22.2",,,"Percentage","2021","U.S. Census Bureau, data as of December 2021","42.38593","-76.872032","False"
"child-poverty","Percentage of children aged <18 years below poverty","Seneca","20.5",,,"Percentage","2021","U.S. Census Bureau, data as of December 2021","42.833627","-76.82753","False"
"child-poverty","Percentage of children aged <18 years below poverty","St. Lawrence","19.5",,,"Percentage","2021","U.S. Census Bureau, data as of December 2021","44.689468","-75.242045","False"
"child-poverty","Percentage of children aged <18 years below poverty","Steuben","18.4",,,"Percentage","2021","U.S. Census Bureau, data as of December 2021","42.270053","-77.324618","False"
"child-poverty","Percentage of children aged <18 years below poverty","Suffolk","7.5",,,"Percentage","2021","U.S. Census Bureau, data as of December 2021","40.820237","-73.119032","False"
"child-poverty","Percentage of children aged <18 years below poverty","Sullivan","27.8",,,"Percentage","2021","U.S. Census Bureau, data as of December 2021","41.705166","-74.711705","False"
"child-poverty","Percentage of children aged <18 years below poverty","Tioga","16.6",,,"Percentage","2021","U.S. Census Bureau, data as of December 2021","42.120252","-76.29595","False"
"child-poverty","Percentage of children aged <18 years below poverty","Tompkins","14",,,"Percentage","2021","U.S. Census Bureau, data as of December 2021","42.461024","-76.478784","False"
"child-poverty","Percentage of children aged <18 years below poverty","Ulster","14.2",,,"Percentage","2021","U.S. Census Bureau, data as of December 2021","41.848374","-74.099412","False"
"child-poverty","Percentage of children aged <18 years below poverty","Warren","15.4",,,"Percentage","2021","U.S. Census Bureau, data as of December 2021","43.403024","-73.716044","False"
"child-poverty","Percentage of children aged <18 years below poverty","Washington","18.3",,,"Percentage","2021","U.S. Census Bureau, data as of December 2021","43.289513","-73.454761","False"
"child-poverty","Percentage of children aged <18 years below poverty","Wayne","13.8",,,"Percentage","2021","U.S. Census Bureau, data as of December 2021","43.144336","-77.117995","False"
"child-poverty","Percentage of children aged <18 years below poverty","Westchester","11.4",,,"Percentage","2021","U.S. Census Bureau, data as of December 2021","41.039278","-73.805386","False"
"child-poverty","Percentage of children aged <18 years below poverty","Wyoming","12",,,"Percentage","2021","U.S. Census Bureau, data as of December 2021","42.723641","-78.204473","False"
"child-poverty","Percentage of children aged <18 years below poverty","Yates","18.9",,,"Percentage","2021","U.S. Census Bureau, data as of December 2021","42.634338","-77.078311","False"
"colorectal-cancer-incidence","Age-adjusted colon and rectum cancer incidence rate per 100,000","Albany","38.3","431","305032","Rate","2018-2020","Cancer Registry Data as of October 2022","42.678066","-73.814233","False"
"colorectal-cancer-incidence","Age-adjusted colon and rectum cancer incidence rate per 100,000","Allegany","39.3","72","45929","Rate","2018-2020","Cancer Registry Data as of October 2022","42.226801","-78.020567","False"
"colorectal-cancer-incidence","Age-adjusted colon and rectum cancer incidence rate per 100,000","Bronx","34.8","1546","1417215","Rate","2018-2020","Cancer Registry Data as of October 2022","40.85589","-73.868294","False"
"colorectal-cancer-incidence","Age-adjusted colon and rectum cancer incidence rate per 100,000","Broome","34.3","264","190793","Rate","2018-2020","Cancer Registry Data as of October 2022","42.122015","-75.933191","False"
"colorectal-cancer-incidence","Age-adjusted colon and rectum cancer incidence rate per 100,000","Cattaraugus","34.9","111","76280","Rate","2018-2020","Cancer Registry Data as of October 2022","42.224267","-78.606673","False"
"colorectal-cancer-incidence","Age-adjusted colon and rectum cancer incidence rate per 100,000","Cayuga","30.3","91","76533","Rate","2018-2020","Cancer Registry Data as of October 2022","42.940095","-76.560755","False"
"colorectal-cancer-incidence","Age-adjusted colon and rectum cancer incidence rate per 100,000","Chautauqua","34.1","179","126728","Rate","2018-2020","Cancer Registry Data as of October 2022","42.246904","-79.315313","False"
"colorectal-cancer-incidence","Age-adjusted colon and rectum cancer incidence rate per 100,000","Chemung","30.8","100","83353","Rate","2018-2020","Cancer Registry Data as of October 2022","42.116644","-76.812331","False"
"colorectal-cancer-incidence","Age-adjusted colon and rectum cancer incidence rate per 100,000","Chenango","38.9","80","47155","Rate","2018-2020","Cancer Registry Data as of October 2022","42.481798","-75.570013","False"
"colorectal-cancer-incidence","Age-adjusted colon and rectum cancer incidence rate per 100,000","Clinton","38.9","119","80161","Rate","2018-2020","Cancer Registry Data as of October 2022","44.731944","-73.548883","False"
"colorectal-cancer-incidence","Age-adjusted colon and rectum cancer incidence rate per 100,000","Columbia","31.4","96","59656","Rate","2018-2020","Cancer Registry Data as of October 2022","42.276913","-73.682168","False"
"colorectal-cancer-incidence","Age-adjusted colon and rectum cancer incidence rate per 100,000","Cortland","45.2","78","47435","Rate","2018-2020","Cancer Registry Data as of October 2022","42.597101","-76.143291","False"
"colorectal-cancer-incidence","Age-adjusted colon and rectum cancer incidence rate per 100,000","Delaware","36.9","73","44306","Rate","2018-2020","Cancer Registry Data as of October 2022","42.242972","-74.997944","False"
"colorectal-cancer-incidence","Age-adjusted colon and rectum cancer incidence rate per 100,000","Dutchess","33.8","399","293680","Rate","2018-2020","Cancer Registry Data as of October 2022","41.686216","-73.840468","False"
"colorectal-cancer-incidence","Age-adjusted colon and rectum cancer incidence rate per 100,000","Erie","36.7","1334","918665","Rate","2018-2020","Cancer Registry Data as of October 2022","42.888143","-78.795544","False"
"colorectal-cancer-incidence","Age-adjusted colon and rectum cancer incidence rate per 100,000","Essex","32.7","56","37062","Rate","2018-2020","Cancer Registry Data as of October 2022","44.166026","-73.685145","False"
"colorectal-cancer-incidence","Age-adjusted colon and rectum cancer incidence rate per 100,000","Franklin","36.1","68","50131","Rate","2018-2020","Cancer Registry Data as of October 2022","44.705699","-74.340621","False"
"colorectal-cancer-incidence","Age-adjusted colon and rectum cancer incidence rate per 100,000","Fulton","36.6","83","53267","Rate","2018-2020","Cancer Registry Data as of October 2022","43.06014","-74.331296","False"
"colorectal-cancer-incidence","Age-adjusted colon and rectum cancer incidence rate per 100,000","Genesee","39.9","94","57306","Rate","2018-2020","Cancer Registry Data as of October 2022","43.000121","-78.172679","False"
"colorectal-cancer-incidence","Age-adjusted colon and rectum cancer incidence rate per 100,000","Greene","42.6","87","47263","Rate","2018-2020","Cancer Registry Data as of October 2022","42.298326","-73.973376","False"
"colorectal-cancer-incidence","Age-adjusted colon and rectum cancer incidence rate per 100,000","Hamilton",,,"4412","Rate","2018-2020","Cancer Registry Data as of October 2022","43.618468","-74.395268","True"
"colorectal-cancer-incidence","Age-adjusted colon and rectum cancer incidence rate per 100,000","Herkimer","38.5","104","61354","Rate","2018-2020","Cancer Registry Data as of October 2022","43.070026","-74.994246","False"
"colorectal-cancer-incidence","Age-adjusted colon and rectum cancer incidence rate per 100,000","Jefferson","47.1","162","110168","Rate","2018-2020","Cancer Registry Data as of October 2022","44.019295","-75.898971","False"
"colorectal-cancer-incidence","Age-adjusted colon and rectum cancer incidence rate per 100,000","Kings","36.1","3038","2560450","Rate","2018-2020","Cancer Registry Data as of October 2022","40.65642","-73.950691","False"
"colorectal-cancer-incidence","Age-adjusted colon and rectum cancer incidence rate per 100,000","Lewis","48.6","50","26340","Rate","2018-2020","Cancer Registry Data as of October 2022","43.785537","-75.446296","False"
"colorectal-cancer-incidence","Age-adjusted colon and rectum cancer incidence rate per 100,000","Livingston","29","73","62857","Rate","2018-2020","Cancer Registry Data as of October 2022","42.763754","-77.765392","False"
"colorectal-cancer-incidence","Age-adjusted colon and rectum cancer incidence rate per 100,000","Madison","34.3","96","70844","Rate","2018-2020","Cancer Registry Data as of October 2022","42.986917","-75.720031","False"
"colorectal-cancer-incidence","Age-adjusted colon and rectum cancer incidence rate per 100,000","Monroe","35.4","1002","742581","Rate","2018-2020","Cancer Registry Data as of October 2022","43.161748","-77.620143","False"
"colorectal-cancer-incidence","Age-adjusted colon and rectum cancer incidence rate per 100,000","Montgomery","40.9","84","49342","Rate","2018-2020","Cancer Registry Data as of October 2022","42.933637","-74.341972","False"
"colorectal-cancer-incidence","Age-adjusted colon and rectum cancer incidence rate per 100,000","Nassau","35.8","1922","1354943","Rate","2018-2020","Cancer Registry Data as of October 2022","40.715749","-73.601185","False"
"colorectal-cancer-incidence","Age-adjusted colon and rectum cancer incidence rate per 100,000","New York","29.1","1748","1625569","Rate","2018-2020","Cancer Registry Data as of October 2022","40.726966","-74.005966","False"
"colorectal-cancer-incidence","Age-adjusted colon and rectum cancer incidence rate per 100,000","New York State","35.6","25811","19448002","Rate","2018-2020","Cancer Registry Data as of October 2022",,,"False"
"colorectal-cancer-incidence","Age-adjusted colon and rectum cancer incidence rate per 100,000","Niagara","44.6","373","209420","Rate","2018-2020","Cancer Registry Data as of October 2022","43.134634","-78.856419","False"
"colorectal-cancer-incidence","Age-adjusted colon and rectum cancer incidence rate per 100,000","Oneida","33.3","300","228339","Rate","2018-2020","Cancer Registry Data as of October 2022","43.149482","-75.361773","False"
"colorectal-cancer-incidence","Age-adjusted colon and rectum cancer incidence rate per 100,000","Onondaga","35.6","614","460658","Rate","2018-2020","Cancer Registry Data as of October 2022","43.065629","-76.168033","False"
"colorectal-cancer-incidence","Age-adjusted colon and rectum cancer incidence rate per 100,000","Ontario","34.8","162","110012","Rate","2018-2020","Cancer Registry Data as of October 2022","42.894571","-77.252045","False"
"colorectal-cancer-incidence","Age-adjusted colon and rectum cancer incidence rate per 100,000","Orange","36.2","467","384198","Rate","2018-2020","Cancer Registry Data as of October 2022","41.422459","-74.241929","False"
"colorectal-cancer-incidence","Age-adjusted colon and rectum cancer incidence rate per 100,000","Orleans","39","67","40346","Rate","2018-2020","Cancer Registry Data as of October 2022","43.248394","-78.218438","False"
"colorectal-cancer-incidence","Age-adjusted colon and rectum cancer incidence rate per 100,000","Oswego","39","173","116933","Rate","2018-2020","Cancer Registry Data as of October 2022","43.39123","-76.31133","False"
"colorectal-cancer-incidence","Age-adjusted colon and rectum cancer incidence rate per 100,000","Otsego","40.8","96","59292","Rate","2018-2020","Cancer Registry Data as of October 2022","42.564852","-75.060334","False"
"colorectal-cancer-incidence","Age-adjusted colon and rectum cancer incidence rate per 100,000","Putnam","27","110","98638","Rate","2018-2020","Cancer Registry Data as of October 2022","41.41131","-73.717443","False"
"colorectal-cancer-incidence","Age-adjusted colon and rectum cancer incidence rate per 100,000","Queens","35.3","2951","2251683","Rate","2018-2020","Cancer Registry Data as of October 2022","40.749338","-73.789673","False"
"colorectal-cancer-incidence","Age-adjusted colon and rectum cancer incidence rate per 100,000","Rensselaer","35.8","210","158847","Rate","2018-2020","Cancer Registry Data as of October 2022","42.70098","-73.628669","False"
"colorectal-cancer-incidence","Age-adjusted colon and rectum cancer incidence rate per 100,000","Richmond","40.7","725","476000","Rate","2018-2020","Cancer Registry Data as of October 2022","40.566763","-74.148102","False"
"colorectal-cancer-incidence","Age-adjusted colon and rectum cancer incidence rate per 100,000","Rockland","36.2","413","326078","Rate","2018-2020","Cancer Registry Data as of October 2022","41.127287","-74.017033","False"
"colorectal-cancer-incidence","Age-adjusted colon and rectum cancer incidence rate per 100,000","Saratoga","37.3","341","230020","Rate","2018-2020","Cancer Registry Data as of October 2022","43.00894","-73.786779","False"
"colorectal-cancer-incidence","Age-adjusted colon and rectum cancer incidence rate per 100,000","Schenectady","32.4","188","155413","Rate","2018-2020","Cancer Registry Data as of October 2022","42.809233","-73.946838","False"
"colorectal-cancer-incidence","Age-adjusted colon and rectum cancer incidence rate per 100,000","Schoharie","37","50","31122","Rate","2018-2020","Cancer Registry Data as of October 2022","42.643426","-74.434606","False"
"colorectal-cancer-incidence","Age-adjusted colon and rectum cancer incidence rate per 100,000","Schuyler","46.3","38","17780","Rate","2018-2020","Cancer Registry Data as of October 2022","42.38593","-76.872032","False"
"colorectal-cancer-incidence","Age-adjusted colon and rectum cancer incidence rate per 100,000","Seneca","37","51","34152","Rate","2018-2020","Cancer Registry Data as of October 2022","42.833627","-76.82753","False"
"colorectal-cancer-incidence","Age-adjusted colon and rectum cancer incidence rate per 100,000","St. Lawrence","37.7","157","107828","Rate","2018-2020","Cancer Registry Data as of October 2022","44.689468","-75.242045","False"
"colorectal-cancer-incidence","Age-adjusted colon and rectum cancer incidence rate per 100,000","Steuben","36.5","148","95287","Rate","2018-2020","Cancer Registry Data as of October 2022","42.270053","-77.324618","False"
"colorectal-cancer-incidence","Age-adjusted colon and rectum cancer incidence rate per 100,000","Suffolk","38.9","2264","1478291","Rate","2018-2020","Cancer Registry Data as of October 2022","40.820237","-73.119032","False"
"colorectal-cancer-incidence","Age-adjusted colon and rectum cancer incidence rate per 100,000","Sullivan","37.4","115","75578","Rate","2018-2020","Cancer Registry Data as of October 2022","41.705166","-74.711705","False"
"colorectal-cancer-incidence","Age-adjusted colon and rectum cancer incidence rate per 100,000","Tioga","44.5","88","48213","Rate","2018-2020","Cancer Registry Data as of October 2022","42.120252","-76.29595","False"
"colorectal-cancer-incidence","Age-adjusted colon and rectum cancer incidence rate per 100,000","Tompkins","27","86","101804","Rate","2018-2020","Cancer Registry Data as of October 2022","42.461024","-76.478784","False"
"colorectal-cancer-incidence","Age-adjusted colon and rectum cancer incidence rate per 100,000","Ulster","41","308","178053","Rate","2018-2020","Cancer Registry Data as of October 2022","41.848374","-74.099412","False"
"colorectal-cancer-incidence","Age-adjusted colon and rectum cancer incidence rate per 100,000","Warren","29.7","87","64002","Rate","2018-2020","Cancer Registry Data as of October 2022","43.403024","-73.716044","False"
"colorectal-cancer-incidence","Age-adjusted colon and rectum cancer incidence rate per 100,000","Washington","35.9","90","61036","Rate","2018-2020","Cancer Registry Data as of October 2022","43.289513","-73.454761","False"
"colorectal-cancer-incidence","Age-adjusted colon and rectum cancer incidence rate per 100,000","Wayne","46.2","171","89755","Rate","2018-2020","Cancer Registry Data as of October 2022","43.144336","-77.117995","False"
"colorectal-cancer-incidence","Age-adjusted colon and rectum cancer incidence rate per 100,000","Westchester","31.9","1210","967732","Rate","2018-2020","Cancer Registry Data as of October 2022","41.039278","-73.805386","False"
"colorectal-cancer-incidence","Age-adjusted colon and rectum cancer incidence rate per 100,000","Wyoming","45.2","67","39797","Rate","2018-2020","Cancer Registry Data as of October 2022","42.723641","-78.204473","False"
"colorectal-cancer-incidence","Age-adjusted colon and rectum cancer incidence rate per 100,000","Yates","21.2","24","24880","Rate","2018-2020","Cancer Registry Data as of October 2022","42.634338","-77.078311","False"
"coronary-heart-disease-mortality","Age-adjusted coronary heart disease mortality rate per 100,000","Albany","108.8","1372","309894","Rate","2019-2021","2021 Vital Statistics Data as of July, 2023","42.678066","-73.814233","False"
"coronary-heart-disease-mortality","Age-adjusted coronary heart disease mortality rate per 100,000","Allegany","91.8","176","46498","Rate","2019-2021","2021 Vital Statistics Data as of July, 2023","42.226801","-78.020567","False"
"coronary-heart-disease-mortality","Age-adjusted coronary heart disease mortality rate per 100,000","Bronx","176.2","8068","1428574","Rate","2019-2021","2021 Vital Statistics Data as of July, 2023","40.85589","-73.868294","False"
"coronary-heart-disease-mortality","Age-adjusted coronary heart disease mortality rate per 100,000","Broome","101.2","912","194382","Rate","2019-2021","2021 Vital Statistics Data as of July, 2023","42.122015","-75.933191","False"
"coronary-heart-disease-mortality","Age-adjusted coronary heart disease mortality rate per 100,000","Cattaraugus","147.3","489","76715","Rate","2019-2021","2021 Vital Statistics Data as of July, 2023","42.224267","-78.606673","False"
"coronary-heart-disease-mortality","Age-adjusted coronary heart disease mortality rate per 100,000","Cayuga","134.6","465","76678","Rate","2019-2021","2021 Vital Statistics Data as of July, 2023","42.940095","-76.560755","False"
"coronary-heart-disease-mortality","Age-adjusted coronary heart disease mortality rate per 100,000","Chautauqua","132.8","794","127272","Rate","2019-2021","2021 Vital Statistics Data as of July, 2023","42.246904","-79.315313","False"
"coronary-heart-disease-mortality","Age-adjusted coronary heart disease mortality rate per 100,000","Chemung","143.6","533","83632","Rate","2019-2021","2021 Vital Statistics Data as of July, 2023","42.116644","-76.812331","False"
"coronary-heart-disease-mortality","Age-adjusted coronary heart disease mortality rate per 100,000","Chenango","175","383","47214","Rate","2019-2021","2021 Vital Statistics Data as of July, 2023","42.481798","-75.570013","False"
"coronary-heart-disease-mortality","Age-adjusted coronary heart disease mortality rate per 100,000","Clinton","109.4","350","80449","Rate","2019-2021","2021 Vital Statistics Data as of July, 2023","44.731944","-73.548883","False"
"coronary-heart-disease-mortality","Age-adjusted coronary heart disease mortality rate per 100,000","Columbia","117.8","381","60581","Rate","2019-2021","2021 Vital Statistics Data as of July, 2023","42.276913","-73.682168","False"
"coronary-heart-disease-mortality","Age-adjusted coronary heart disease mortality rate per 100,000","Cortland","110.8","195","47310","Rate","2019-2021","2021 Vital Statistics Data as of July, 2023","42.597101","-76.143291","False"
"coronary-heart-disease-mortality","Age-adjusted coronary heart disease mortality rate per 100,000","Delaware","128.7","320","44667","Rate","2019-2021","2021 Vital Statistics Data as of July, 2023","42.242972","-74.997944","False"
"coronary-heart-disease-mortality","Age-adjusted coronary heart disease mortality rate per 100,000","Dutchess","129.8","1636","295222","Rate","2019-2021","2021 Vital Statistics Data as of July, 2023","41.686216","-73.840468","False"
"coronary-heart-disease-mortality","Age-adjusted coronary heart disease mortality rate per 100,000","Erie","107.4","4276","931411","Rate","2019-2021","2021 Vital Statistics Data as of July, 2023","42.888143","-78.795544","False"
"coronary-heart-disease-mortality","Age-adjusted coronary heart disease mortality rate per 100,000","Essex","100.8","199","37303","Rate","2019-2021","2021 Vital Statistics Data as of July, 2023","44.166026","-73.685145","False"
"coronary-heart-disease-mortality","Age-adjusted coronary heart disease mortality rate per 100,000","Franklin","109.4","212","49230","Rate","2019-2021","2021 Vital Statistics Data as of July, 2023","44.705699","-74.340621","False"
"coronary-heart-disease-mortality","Age-adjusted coronary heart disease mortality rate per 100,000","Fulton","110.5","268","53454","Rate","2019-2021","2021 Vital Statistics Data as of July, 2023","43.06014","-74.331296","False"
"coronary-heart-disease-mortality","Age-adjusted coronary heart disease mortality rate per 100,000","Genesee","111.5","294","57669","Rate","2019-2021","2021 Vital Statistics Data as of July, 2023","43.000121","-78.172679","False"
"coronary-heart-disease-mortality","Age-adjusted coronary heart disease mortality rate per 100,000","Greene","148.8","349","47765","Rate","2019-2021","2021 Vital Statistics Data as of July, 2023","42.298326","-73.973376","False"
"coronary-heart-disease-mortality","Age-adjusted coronary heart disease mortality rate per 100,000","Hamilton","112.9","32","4673","Rate","2019-2021","2021 Vital Statistics Data as of July, 2023","43.618468","-74.395268","False"
"coronary-heart-disease-mortality","Age-adjusted coronary heart disease mortality rate per 100,000","Herkimer","115.6","333","61201","Rate","2019-2021","2021 Vital Statistics Data as of July, 2023","43.070026","-74.994246","False"
"coronary-heart-disease-mortality","Age-adjusted coronary heart disease mortality rate per 100,000","Jefferson","124.9","460","114071","Rate","2019-2021","2021 Vital Statistics Data as of July, 2023","44.019295","-75.898971","False"
"coronary-heart-disease-mortality","Age-adjusted coronary heart disease mortality rate per 100,000","Kings","178.1","15815","2599221","Rate","2019-2021","2021 Vital Statistics Data as of July, 2023","40.65642","-73.950691","False"
"coronary-heart-disease-mortality","Age-adjusted coronary heart disease mortality rate per 100,000","Lewis","99.5","113","26584","Rate","2019-2021","2021 Vital Statistics Data as of July, 2023","43.785537","-75.446296","False"
"coronary-heart-disease-mortality","Age-adjusted coronary heart disease mortality rate per 100,000","Livingston","84.2","223","62730","Rate","2019-2021","2021 Vital Statistics Data as of July, 2023","42.763754","-77.765392","False"
"coronary-heart-disease-mortality","Age-adjusted coronary heart disease mortality rate per 100,000","Madison","91.1","265","69919","Rate","2019-2021","2021 Vital Statistics Data as of July, 2023","42.986917","-75.720031","False"
"coronary-heart-disease-mortality","Age-adjusted coronary heart disease mortality rate per 100,000","Monroe","84.4","2603","748342","Rate","2019-2021","2021 Vital Statistics Data as of July, 2023","43.161748","-77.620143","False"
"coronary-heart-disease-mortality","Age-adjusted coronary heart disease mortality rate per 100,000","Montgomery","100.8","228","49538","Rate","2019-2021","2021 Vital Statistics Data as of July, 2023","42.933637","-74.341972","False"
"coronary-heart-disease-mortality","Age-adjusted coronary heart disease mortality rate per 100,000","Nassau","151.4","9349","1368653","Rate","2019-2021","2021 Vital Statistics Data as of July, 2023","40.715749","-73.601185","False"
"coronary-heart-disease-mortality","Age-adjusted coronary heart disease mortality rate per 100,000","New York","111.4","7432","1614529","Rate","2019-2021","2021 Vital Statistics Data as of July, 2023","40.726966","-74.005966","False"
"coronary-heart-disease-mortality","Age-adjusted coronary heart disease mortality rate per 100,000","New York State","133","104657","19648563","Rate","2019-2021","2021 Vital Statistics Data as of July, 2023",,,"False"
"coronary-heart-disease-mortality","Age-adjusted coronary heart disease mortality rate per 100,000","Niagara","135.2","1252","210830","Rate","2019-2021","2021 Vital Statistics Data as of July, 2023","43.134634","-78.856419","False"
"coronary-heart-disease-mortality","Age-adjusted coronary heart disease mortality rate per 100,000","Oneida","108.6","1124","229601","Rate","2019-2021","2021 Vital Statistics Data as of July, 2023","43.149482","-75.361773","False"
"coronary-heart-disease-mortality","Age-adjusted coronary heart disease mortality rate per 100,000","Onondaga","102.4","1971","465291","Rate","2019-2021","2021 Vital Statistics Data as of July, 2023","43.065629","-76.168033","False"
"coronary-heart-disease-mortality","Age-adjusted coronary heart disease mortality rate per 100,000","Ontario","86.5","439","110861","Rate","2019-2021","2021 Vital Statistics Data as of July, 2023","42.894571","-77.252045","False"
"coronary-heart-disease-mortality","Age-adjusted coronary heart disease mortality rate per 100,000","Orange","109.7","1392","389940","Rate","2019-2021","2021 Vital Statistics Data as of July, 2023","41.422459","-74.241929","False"
"coronary-heart-disease-mortality","Age-adjusted coronary heart disease mortality rate per 100,000","Orleans","139.9","232","40376","Rate","2019-2021","2021 Vital Statistics Data as of July, 2023","43.248394","-78.218438","False"
"coronary-heart-disease-mortality","Age-adjusted coronary heart disease mortality rate per 100,000","Oswego","125.7","548","117721","Rate","2019-2021","2021 Vital Statistics Data as of July, 2023","43.39123","-76.31133","False"
"coronary-heart-disease-mortality","Age-adjusted coronary heart disease mortality rate per 100,000","Otsego","99.5","284","60138","Rate","2019-2021","2021 Vital Statistics Data as of July, 2023","42.564852","-75.060334","False"
"coronary-heart-disease-mortality","Age-adjusted coronary heart disease mortality rate per 100,000","Putnam","106.7","419","98639","Rate","2019-2021","2021 Vital Statistics Data as of July, 2023","41.41131","-73.717443","False"
"coronary-heart-disease-mortality","Age-adjusted coronary heart disease mortality rate per 100,000","Queens","156.2","13956","2292904","Rate","2019-2021","2021 Vital Statistics Data as of July, 2023","40.749338","-73.789673","False"
"coronary-heart-disease-mortality","Age-adjusted coronary heart disease mortality rate per 100,000","Rensselaer","107.3","676","159881","Rate","2019-2021","2021 Vital Statistics Data as of July, 2023","42.70098","-73.628669","False"
"coronary-heart-disease-mortality","Age-adjusted coronary heart disease mortality rate per 100,000","Richmond","212.6","3865","482182","Rate","2019-2021","2021 Vital Statistics Data as of July, 2023","40.566763","-74.148102","False"
"coronary-heart-disease-mortality","Age-adjusted coronary heart disease mortality rate per 100,000","Rockland","107.6","1382","330189","Rate","2019-2021","2021 Vital Statistics Data as of July, 2023","41.127287","-74.017033","False"
"coronary-heart-disease-mortality","Age-adjusted coronary heart disease mortality rate per 100,000","Saratoga","88.8","847","232739","Rate","2019-2021","2021 Vital Statistics Data as of July, 2023","43.00894","-73.786779","False"
"coronary-heart-disease-mortality","Age-adjusted coronary heart disease mortality rate per 100,000","Schenectady","94.1","625","156961","Rate","2019-2021","2021 Vital Statistics Data as of July, 2023","42.809233","-73.946838","False"
"coronary-heart-disease-mortality","Age-adjusted coronary heart disease mortality rate per 100,000","Schoharie","100.5","148","30839","Rate","2019-2021","2021 Vital Statistics Data as of July, 2023","42.643426","-74.434606","False"
"coronary-heart-disease-mortality","Age-adjusted coronary heart disease mortality rate per 100,000","Schuyler","139.5","112","17828","Rate","2019-2021","2021 Vital Statistics Data as of July, 2023","42.38593","-76.872032","False"
"coronary-heart-disease-mortality","Age-adjusted coronary heart disease mortality rate per 100,000","Seneca","92.4","134","34043","Rate","2019-2021","2021 Vital Statistics Data as of July, 2023","42.833627","-76.82753","False"
"coronary-heart-disease-mortality","Age-adjusted coronary heart disease mortality rate per 100,000","St. Lawrence","130","569","108493","Rate","2019-2021","2021 Vital Statistics Data as of July, 2023","44.689468","-75.242045","False"
"coronary-heart-disease-mortality","Age-adjusted coronary heart disease mortality rate per 100,000","Steuben","124.7","534","94952","Rate","2019-2021","2021 Vital Statistics Data as of July, 2023","42.270053","-77.324618","False"
"coronary-heart-disease-mortality","Age-adjusted coronary heart disease mortality rate per 100,000","Suffolk","126.4","7808","1499223","Rate","2019-2021","2021 Vital Statistics Data as of July, 2023","40.820237","-73.119032","False"
"coronary-heart-disease-mortality","Age-adjusted coronary heart disease mortality rate per 100,000","Sullivan","127.1","390","76819","Rate","2019-2021","2021 Vital Statistics Data as of July, 2023","41.705166","-74.711705","False"
"coronary-heart-disease-mortality","Age-adjusted coronary heart disease mortality rate per 100,000","Tioga","102.7","243","48372","Rate","2019-2021","2021 Vital Statistics Data as of July, 2023","42.120252","-76.29595","False"
"coronary-heart-disease-mortality","Age-adjusted coronary heart disease mortality rate per 100,000","Tompkins","68.2","227","103603","Rate","2019-2021","2021 Vital Statistics Data as of July, 2023","42.461024","-76.478784","False"
"coronary-heart-disease-mortality","Age-adjusted coronary heart disease mortality rate per 100,000","Ulster","116.8","949","180241","Rate","2019-2021","2021 Vital Statistics Data as of July, 2023","41.848374","-74.099412","False"
"coronary-heart-disease-mortality","Age-adjusted coronary heart disease mortality rate per 100,000","Warren","104.2","332","64770","Rate","2019-2021","2021 Vital Statistics Data as of July, 2023","43.403024","-73.716044","False"
"coronary-heart-disease-mortality","Age-adjusted coronary heart disease mortality rate per 100,000","Washington","124.6","346","61215","Rate","2019-2021","2021 Vital Statistics Data as of July, 2023","43.289513","-73.454761","False"
"coronary-heart-disease-mortality","Age-adjusted coronary heart disease mortality rate per 100,000","Wayne","113.1","435","90474","Rate","2019-2021","2021 Vital Statistics Data as of July, 2023","43.144336","-77.117995","False"
"coronary-heart-disease-mortality","Age-adjusted coronary heart disease mortality rate per 100,000","Westchester","104.5","4642","979154","Rate","2019-2021","2021 Vital Statistics Data as of July, 2023","41.039278","-73.805386","False"
"coronary-heart-disease-mortality","Age-adjusted coronary heart disease mortality rate per 100,000","Wyoming","108","171","40051","Rate","2019-2021","2021 Vital Statistics Data as of July, 2023","42.723641","-78.204473","False"
"coronary-heart-disease-mortality","Age-adjusted coronary heart disease mortality rate per 100,000","Yates","71.4","80","24851","Rate","2019-2021","2021 Vital Statistics Data as of July, 2023","42.634338","-77.078311","False"
"dentists","Number of dentists per 100,000 population","Albany","89","280","313743","Value","2021","County Health Rankings, data as of August 2022","42.678066","-73.814233","False"
"dentists","Number of dentists per 100,000 population","Allegany","33","15","46106","Value","2021","County Health Rankings, data as of August 2022","42.226801","-78.020567","False"
"dentists","Number of dentists per 100,000 population","Bronx","52","738","1424948","Value","2021","County Health Rankings, data as of August 2022","40.85589","-73.868294","False"
"dentists","Number of dentists per 100,000 population","Broome","69","136","197240","Value","2021","County Health Rankings, data as of August 2022","42.122015","-75.933191","False"
"dentists","Number of dentists per 100,000 population","Cattaraugus","46","35","76426","Value","2021","County Health Rankings, data as of August 2022","42.224267","-78.606673","False"
"dentists","Number of dentists per 100,000 population","Cayuga","43","33","75880","Value","2021","County Health Rankings, data as of August 2022","42.940095","-76.560755","False"
"dentists","Number of dentists per 100,000 population","Chautauqua","57","72","126807","Value","2021","County Health Rankings, data as of August 2022","42.246904","-79.315313","False"
"dentists","Number of dentists per 100,000 population","Chemung","65","54","83045","Value","2021","County Health Rankings, data as of August 2022","42.116644","-76.812331","False"
"dentists","Number of dentists per 100,000 population","Chenango","34","16","46537","Value","2021","County Health Rankings, data as of August 2022","42.481798","-75.570013","False"
"dentists","Number of dentists per 100,000 population","Clinton","63","50","79596","Value","2021","County Health Rankings, data as of August 2022","44.731944","-73.548883","False"
"dentists","Number of dentists per 100,000 population","Columbia","37","23","61778","Value","2021","County Health Rankings, data as of August 2022","42.276913","-73.682168","False"
"dentists","Number of dentists per 100,000 population","Cortland","35","16","46311","Value","2021","County Health Rankings, data as of August 2022","42.597101","-76.143291","False"
"dentists","Number of dentists per 100,000 population","Delaware","23","10","44378","Value","2021","County Health Rankings, data as of August 2022","42.242972","-74.997944","False"
"dentists","Number of dentists per 100,000 population","Dutchess","71","210","297112","Value","2021","County Health Rankings, data as of August 2022","41.686216","-73.840468","False"
"dentists","Number of dentists per 100,000 population","Erie","83","793","950683","Value","2021","County Health Rankings, data as of August 2022","42.888143","-78.795544","False"
"dentists","Number of dentists per 100,000 population","Essex","32","12","37268","Value","2021","County Health Rankings, data as of August 2022","44.166026","-73.685145","False"
"dentists","Number of dentists per 100,000 population","Franklin","53","25","47456","Value","2021","County Health Rankings, data as of August 2022","44.705699","-74.340621","False"
"dentists","Number of dentists per 100,000 population","Fulton","24","13","53116","Value","2021","County Health Rankings, data as of August 2022","43.06014","-74.331296","False"
"dentists","Number of dentists per 100,000 population","Genesee","36","21","57853","Value","2021","County Health Rankings, data as of August 2022","43.000121","-78.172679","False"
"dentists","Number of dentists per 100,000 population","Greene","37","18","48499","Value","2021","County Health Rankings, data as of August 2022","42.298326","-73.973376","False"
"dentists","Number of dentists per 100,000 population","Hamilton",,,"5119","Value","2021","County Health Rankings, data as of August 2022","43.618468","-74.395268","True"
"dentists","Number of dentists per 100,000 population","Herkimer","40","24","59937","Value","2021","County Health Rankings, data as of August 2022","43.070026","-74.994246","False"
"dentists","Number of dentists per 100,000 population","Jefferson","90","105","116295","Value","2021","County Health Rankings, data as of August 2022","44.019295","-75.898971","False"
"dentists","Number of dentists per 100,000 population","Kings","63","1677","2641052","Value","2021","County Health Rankings, data as of August 2022","40.65642","-73.950691","False"
"dentists","Number of dentists per 100,000 population","Lewis","19","5","26573","Value","2021","County Health Rankings, data as of August 2022","43.785537","-75.446296","False"
"dentists","Number of dentists per 100,000 population","Livingston","50","31","61578","Value","2021","County Health Rankings, data as of August 2022","42.763754","-77.765392","False"
"dentists","Number of dentists per 100,000 population","Madison","37","25","67658","Value","2021","County Health Rankings, data as of August 2022","42.986917","-75.720031","False"
"dentists","Number of dentists per 100,000 population","Monroe","84","634","755160","Value","2021","County Health Rankings, data as of August 2022","43.161748","-77.620143","False"
"dentists","Number of dentists per 100,000 population","Montgomery","61","30","49558","Value","2021","County Health Rankings, data as of August 2022","42.933637","-74.341972","False"
"dentists","Number of dentists per 100,000 population","Nassau","119","1659","1390907","Value","2021","County Health Rankings, data as of August 2022","40.715749","-73.601185","False"
"dentists","Number of dentists per 100,000 population","New York","189","2974","1576876","Value","2021","County Health Rankings, data as of August 2022","40.726966","-74.005966","False"
"dentists","Number of dentists per 100,000 population","New York State","82","16286","19835913","Value","2021","County Health Rankings, data as of August 2022",,,"False"
"dentists","Number of dentists per 100,000 population","Niagara","50","106","211653","Value","2021","County Health Rankings, data as of August 2022","43.134634","-78.856419","False"
"dentists","Number of dentists per 100,000 population","Oneida","54","125","230274","Value","2021","County Health Rankings, data as of August 2022","43.149482","-75.361773","False"
"dentists","Number of dentists per 100,000 population","Onondaga","75","357","473236","Value","2021","County Health Rankings, data as of August 2022","43.065629","-76.168033","False"
"dentists","Number of dentists per 100,000 population","Ontario","60","68","112508","Value","2021","County Health Rankings, data as of August 2022","42.894571","-77.252045","False"
"dentists","Number of dentists per 100,000 population","Orange","67","272","404525","Value","2021","County Health Rankings, data as of August 2022","41.422459","-74.241929","False"
"dentists","Number of dentists per 100,000 population","Orleans","22","9","40191","Value","2021","County Health Rankings, data as of August 2022","43.248394","-78.218438","False"
"dentists","Number of dentists per 100,000 population","Oswego","46","54","117387","Value","2021","County Health Rankings, data as of August 2022","43.39123","-76.31133","False"
"dentists","Number of dentists per 100,000 population","Otsego","50","29","58123","Value","2021","County Health Rankings, data as of August 2022","42.564852","-75.060334","False"
"dentists","Number of dentists per 100,000 population","Putnam","60","59","97936","Value","2021","County Health Rankings, data as of August 2022","41.41131","-73.717443","False"
"dentists","Number of dentists per 100,000 population","Queens","73","1703","2331143","Value","2021","County Health Rankings, data as of August 2022","40.749338","-73.789673","False"
"dentists","Number of dentists per 100,000 population","Rensselaer","42","67","160232","Value","2021","County Health Rankings, data as of August 2022","42.70098","-73.628669","False"
"dentists","Number of dentists per 100,000 population","Richmond","63","312","493494","Value","2021","County Health Rankings, data as of August 2022","40.566763","-74.148102","False"
"dentists","Number of dentists per 100,000 population","Rockland","94","319","339227","Value","2021","County Health Rankings, data as of August 2022","41.127287","-74.017033","False"
"dentists","Number of dentists per 100,000 population","Saratoga","69","164","237359","Value","2021","County Health Rankings, data as of August 2022","43.00894","-73.786779","False"
"dentists","Number of dentists per 100,000 population","Schenectady","80","126","158089","Value","2021","County Health Rankings, data as of August 2022","42.809233","-73.946838","False"
"dentists","Number of dentists per 100,000 population","Schoharie","33","10","29863","Value","2021","County Health Rankings, data as of August 2022","42.643426","-74.434606","False"
"dentists","Number of dentists per 100,000 population","Schuyler","28","5","17752","Value","2021","County Health Rankings, data as of August 2022","42.38593","-76.872032","False"
"dentists","Number of dentists per 100,000 population","Seneca","30","10","33688","Value","2021","County Health Rankings, data as of August 2022","42.833627","-76.82753","False"
"dentists","Number of dentists per 100,000 population","St. Lawrence","40","43","108051","Value","2021","County Health Rankings, data as of August 2022","44.689468","-75.242045","False"
"dentists","Number of dentists per 100,000 population","Steuben","37","34","92948","Value","2021","County Health Rankings, data as of August 2022","42.270053","-77.324618","False"
"dentists","Number of dentists per 100,000 population","Suffolk","81","1234","1526344","Value","2021","County Health Rankings, data as of August 2022","40.820237","-73.119032","False"
"dentists","Number of dentists per 100,000 population","Sullivan","40","32","79806","Value","2021","County Health Rankings, data as of August 2022","41.705166","-74.711705","False"
"dentists","Number of dentists per 100,000 population","Tioga","17","8","47980","Value","2021","County Health Rankings, data as of August 2022","42.120252","-76.29595","False"
"dentists","Number of dentists per 100,000 population","Tompkins","59","62","105162","Value","2021","County Health Rankings, data as of August 2022","42.461024","-76.478784","False"
"dentists","Number of dentists per 100,000 population","Ulster","67","123","182951","Value","2021","County Health Rankings, data as of August 2022","41.848374","-74.099412","False"
"dentists","Number of dentists per 100,000 population","Warren","90","59","65618","Value","2021","County Health Rankings, data as of August 2022","43.403024","-73.716044","False"
"dentists","Number of dentists per 100,000 population","Washington","21","13","60956","Value","2021","County Health Rankings, data as of August 2022","43.289513","-73.454761","False"
"dentists","Number of dentists per 100,000 population","Wayne","47","43","90923","Value","2021","County Health Rankings, data as of August 2022","43.144336","-77.117995","False"
"dentists","Number of dentists per 100,000 population","Westchester","108","1076","997895","Value","2021","County Health Rankings, data as of August 2022","41.039278","-73.805386","False"
"dentists","Number of dentists per 100,000 population","Wyoming","47","19","40491","Value","2021","County Health Rankings, data as of August 2022","42.723641","-78.204473","False"
"dentists","Number of dentists per 100,000 population","Yates","45","11","24613","Value","2021","County Health Rankings, data as of August 2022","42.634338","-77.078311","False"
"diabetes-hospitalization","Age-adjusted diabetes hospitalization rate per 10,000 (primary diagnosis)","Albany","14.1","499","316301","Rate","2021","2021 SPARCS Data as of June, 2023","42.678066","-73.814233","False"
"diabetes-hospitalization","Age-adjusted diabetes hospitalization rate per 10,000 (primary diagnosis)","Allegany","12.8","72","46921","Rate","2021","2021 SPARCS Data as of June, 2023","42.226801","-78.020567","False"
"diabetes-hospitalization","Age-adjusted diabetes hospitalization rate per 10,000 (primary diagnosis)","Bronx","35.8","5338","1421089","Rate","2021","2021 SPARCS Data as of June, 2023","40.85589","-73.868294","False"
"diabetes-hospitalization","Age-adjusted diabetes hospitalization rate per 10,000 (primary diagnosis)","Broome","21.1","448","198703","Rate","2021","2021 SPARCS Data as of June, 2023","42.122015","-75.933191","False"
"diabetes-hospitalization","Age-adjusted diabetes hospitalization rate per 10,000 (primary diagnosis)","Cattaraugus","17.6","153","76650","Rate","2021","2021 SPARCS Data as of June, 2023","42.224267","-78.606673","False"
"diabetes-hospitalization","Age-adjusted diabetes hospitalization rate per 10,000 (primary diagnosis)","Cayuga","22.4","199","75791","Rate","2021","2021 SPARCS Data as of June, 2023","42.940095","-76.560755","False"
"diabetes-hospitalization","Age-adjusted diabetes hospitalization rate per 10,000 (primary diagnosis)","Chautauqua","15.5","200","126785","Rate","2021","2021 SPARCS Data as of June, 2023","42.246904","-79.315313","False"
"diabetes-hospitalization","Age-adjusted diabetes hospitalization rate per 10,000 (primary diagnosis)","Chemung","17.8","155","82830","Rate","2021","2021 SPARCS Data as of June, 2023","42.116644","-76.812331","False"
"diabetes-hospitalization","Age-adjusted diabetes hospitalization rate per 10,000 (primary diagnosis)","Chenango","19.5","107","46637","Rate","2021","2021 SPARCS Data as of June, 2023","42.481798","-75.570013","False"
"diabetes-hospitalization","Age-adjusted diabetes hospitalization rate per 10,000 (primary diagnosis)","Clinton","23.7","224","79996","Rate","2021","2021 SPARCS Data as of June, 2023","44.731944","-73.548883","False"
"diabetes-hospitalization","Age-adjusted diabetes hospitalization rate per 10,000 (primary diagnosis)","Columbia","16.5","122","62039","Rate","2021","2021 SPARCS Data as of June, 2023","42.276913","-73.682168","False"
"diabetes-hospitalization","Age-adjusted diabetes hospitalization rate per 10,000 (primary diagnosis)","Cortland","16.5","86","46489","Rate","2021","2021 SPARCS Data as of June, 2023","42.597101","-76.143291","False"
"diabetes-hospitalization","Age-adjusted diabetes hospitalization rate per 10,000 (primary diagnosis)","Delaware","13.1","70","44753","Rate","2021","2021 SPARCS Data as of June, 2023","42.242972","-74.997944","False"
"diabetes-hospitalization","Age-adjusted diabetes hospitalization rate per 10,000 (primary diagnosis)","Dutchess","15.2","555","298039","Rate","2021","2021 SPARCS Data as of June, 2023","41.686216","-73.840468","False"
"diabetes-hospitalization","Age-adjusted diabetes hospitalization rate per 10,000 (primary diagnosis)","Erie","16.2","1737","954350","Rate","2021","2021 SPARCS Data as of June, 2023","42.888143","-78.795544","False"
"diabetes-hospitalization","Age-adjusted diabetes hospitalization rate per 10,000 (primary diagnosis)","Essex","10.3","54","37292","Rate","2021","2021 SPARCS Data as of June, 2023","44.166026","-73.685145","False"
"diabetes-hospitalization","Age-adjusted diabetes hospitalization rate per 10,000 (primary diagnosis)","Franklin","15.6","87","47040","Rate","2021","2021 SPARCS Data as of June, 2023","44.705699","-74.340621","False"
"diabetes-hospitalization","Age-adjusted diabetes hospitalization rate per 10,000 (primary diagnosis)","Fulton","17.8","110","53055","Rate","2021","2021 SPARCS Data as of June, 2023","43.06014","-74.331296","False"
"diabetes-hospitalization","Age-adjusted diabetes hospitalization rate per 10,000 (primary diagnosis)","Genesee","11.2","76","57988","Rate","2021","2021 SPARCS Data as of June, 2023","43.000121","-78.172679","False"
"diabetes-hospitalization","Age-adjusted diabetes hospitalization rate per 10,000 (primary diagnosis)","Greene","16.8","101","48493","Rate","2021","2021 SPARCS Data as of June, 2023","42.298326","-73.973376","False"
"diabetes-hospitalization","Age-adjusted diabetes hospitalization rate per 10,000 (primary diagnosis)","Hamilton","13.8","9","5114","Rate","2021","2021 SPARCS Data as of June, 2023","43.618468","-74.395268","False"
"diabetes-hospitalization","Age-adjusted diabetes hospitalization rate per 10,000 (primary diagnosis)","Herkimer","22.3","147","60082","Rate","2021","2021 SPARCS Data as of June, 2023","43.070026","-74.994246","False"
"diabetes-hospitalization","Age-adjusted diabetes hospitalization rate per 10,000 (primary diagnosis)","Jefferson","20.2","243","117680","Rate","2021","2021 SPARCS Data as of June, 2023","44.019295","-75.898971","False"
"diabetes-hospitalization","Age-adjusted diabetes hospitalization rate per 10,000 (primary diagnosis)","Kings","20.2","5765","2637486","Rate","2021","2021 SPARCS Data as of June, 2023","40.65642","-73.950691","False"
"diabetes-hospitalization","Age-adjusted diabetes hospitalization rate per 10,000 (primary diagnosis)","Lewis","14.3","45","26745","Rate","2021","2021 SPARCS Data as of June, 2023","43.785537","-75.446296","False"
"diabetes-hospitalization","Age-adjusted diabetes hospitalization rate per 10,000 (primary diagnosis)","Livingston","15.8","103","61629","Rate","2021","2021 SPARCS Data as of June, 2023","42.763754","-77.765392","False"
"diabetes-hospitalization","Age-adjusted diabetes hospitalization rate per 10,000 (primary diagnosis)","Madison","14.7","105","67397","Rate","2021","2021 SPARCS Data as of June, 2023","42.986917","-75.720031","False"
"diabetes-hospitalization","Age-adjusted diabetes hospitalization rate per 10,000 (primary diagnosis)","Monroe","20.6","1747","756547","Rate","2021","2021 SPARCS Data as of June, 2023","43.161748","-77.620143","False"
"diabetes-hospitalization","Age-adjusted diabetes hospitalization rate per 10,000 (primary diagnosis)","Montgomery","20.4","111","49611","Rate","2021","2021 SPARCS Data as of June, 2023","42.933637","-74.341972","False"
"diabetes-hospitalization","Age-adjusted diabetes hospitalization rate per 10,000 (primary diagnosis)","Nassau","13.7","2301","1391112","Rate","2021","2021 SPARCS Data as of June, 2023","40.715749","-73.601185","False"
"diabetes-hospitalization","Age-adjusted diabetes hospitalization rate per 10,000 (primary diagnosis)","New York","17.7","3333","1578801","Rate","2021","2021 SPARCS Data as of June, 2023","40.726966","-74.005966","False"
"diabetes-hospitalization","Age-adjusted diabetes hospitalization rate per 10,000 (primary diagnosis)","New York State","17.7","40591","19857492","Rate","2021","2021 SPARCS Data as of June, 2023",,,"False"
"diabetes-hospitalization","Age-adjusted diabetes hospitalization rate per 10,000 (primary diagnosis)","Niagara","20.6","493","211891","Rate","2021","2021 SPARCS Data as of June, 2023","43.134634","-78.856419","False"
"diabetes-hospitalization","Age-adjusted diabetes hospitalization rate per 10,000 (primary diagnosis)","Oneida","20.6","540","229942","Rate","2021","2021 SPARCS Data as of June, 2023","43.149482","-75.361773","False"
"diabetes-hospitalization","Age-adjusted diabetes hospitalization rate per 10,000 (primary diagnosis)","Onondaga","21","1061","472094","Rate","2021","2021 SPARCS Data as of June, 2023","43.065629","-76.168033","False"
"diabetes-hospitalization","Age-adjusted diabetes hospitalization rate per 10,000 (primary diagnosis)","Ontario","12.7","176","112660","Rate","2021","2021 SPARCS Data as of June, 2023","42.894571","-77.252045","False"
"diabetes-hospitalization","Age-adjusted diabetes hospitalization rate per 10,000 (primary diagnosis)","Orange","16.7","724","404997","Rate","2021","2021 SPARCS Data as of June, 2023","41.422459","-74.241929","False"
"diabetes-hospitalization","Age-adjusted diabetes hospitalization rate per 10,000 (primary diagnosis)","Orleans","16.1","79","39711","Rate","2021","2021 SPARCS Data as of June, 2023","43.248394","-78.218438","False"
"diabetes-hospitalization","Age-adjusted diabetes hospitalization rate per 10,000 (primary diagnosis)","Oswego","22.1","292","118124","Rate","2021","2021 SPARCS Data as of June, 2023","43.39123","-76.31133","False"
"diabetes-hospitalization","Age-adjusted diabetes hospitalization rate per 10,000 (primary diagnosis)","Otsego","15.2","107","60758","Rate","2021","2021 SPARCS Data as of June, 2023","42.564852","-75.060334","False"
"diabetes-hospitalization","Age-adjusted diabetes hospitalization rate per 10,000 (primary diagnosis)","Putnam","7.9","105","98176","Rate","2021","2021 SPARCS Data as of June, 2023","41.41131","-73.717443","False"
"diabetes-hospitalization","Age-adjusted diabetes hospitalization rate per 10,000 (primary diagnosis)","Queens","15.4","4276","2328141","Rate","2021","2021 SPARCS Data as of June, 2023","40.749338","-73.789673","False"
"diabetes-hospitalization","Age-adjusted diabetes hospitalization rate per 10,000 (primary diagnosis)","Rensselaer","16.4","303","160740","Rate","2021","2021 SPARCS Data as of June, 2023","42.70098","-73.628669","False"
"diabetes-hospitalization","Age-adjusted diabetes hospitalization rate per 10,000 (primary diagnosis)","Richmond","17.4","1007","493484","Rate","2021","2021 SPARCS Data as of June, 2023","40.566763","-74.148102","False"
"diabetes-hospitalization","Age-adjusted diabetes hospitalization rate per 10,000 (primary diagnosis)","Rockland","13.5","485","339256","Rate","2021","2021 SPARCS Data as of June, 2023","41.127287","-74.017033","False"
"diabetes-hospitalization","Age-adjusted diabetes hospitalization rate per 10,000 (primary diagnosis)","Saratoga","9.8","287","237962","Rate","2021","2021 SPARCS Data as of June, 2023","43.00894","-73.786779","False"
"diabetes-hospitalization","Age-adjusted diabetes hospitalization rate per 10,000 (primary diagnosis)","Schenectady","15","264","160214","Rate","2021","2021 SPARCS Data as of June, 2023","42.809233","-73.946838","False"
"diabetes-hospitalization","Age-adjusted diabetes hospitalization rate per 10,000 (primary diagnosis)","Schoharie","9.7","36","30152","Rate","2021","2021 SPARCS Data as of June, 2023","42.643426","-74.434606","False"
"diabetes-hospitalization","Age-adjusted diabetes hospitalization rate per 10,000 (primary diagnosis)","Schuyler","9.6","20","17800","Rate","2021","2021 SPARCS Data as of June, 2023","42.38593","-76.872032","False"
"diabetes-hospitalization","Age-adjusted diabetes hospitalization rate per 10,000 (primary diagnosis)","Seneca","11.8","48","33576","Rate","2021","2021 SPARCS Data as of June, 2023","42.833627","-76.82753","False"
"diabetes-hospitalization","Age-adjusted diabetes hospitalization rate per 10,000 (primary diagnosis)","St. Lawrence","21.6","251","108410","Rate","2021","2021 SPARCS Data as of June, 2023","44.689468","-75.242045","False"
"diabetes-hospitalization","Age-adjusted diabetes hospitalization rate per 10,000 (primary diagnosis)","Steuben","14.3","157","93105","Rate","2021","2021 SPARCS Data as of June, 2023","42.270053","-77.324618","False"
"diabetes-hospitalization","Age-adjusted diabetes hospitalization rate per 10,000 (primary diagnosis)","Suffolk","14.4","2622","1533118","Rate","2021","2021 SPARCS Data as of June, 2023","40.820237","-73.119032","False"
"diabetes-hospitalization","Age-adjusted diabetes hospitalization rate per 10,000 (primary diagnosis)","Sullivan","15.7","152","79694","Rate","2021","2021 SPARCS Data as of June, 2023","41.705166","-74.711705","False"
"diabetes-hospitalization","Age-adjusted diabetes hospitalization rate per 10,000 (primary diagnosis)","Tioga","10","54","48087","Rate","2021","2021 SPARCS Data as of June, 2023","42.120252","-76.29595","False"
"diabetes-hospitalization","Age-adjusted diabetes hospitalization rate per 10,000 (primary diagnosis)","Tompkins","7.8","85","106044","Rate","2021","2021 SPARCS Data as of June, 2023","42.461024","-76.478784","False"
"diabetes-hospitalization","Age-adjusted diabetes hospitalization rate per 10,000 (primary diagnosis)","Ulster","13.7","315","183704","Rate","2021","2021 SPARCS Data as of June, 2023","41.848374","-74.099412","False"
"diabetes-hospitalization","Age-adjusted diabetes hospitalization rate per 10,000 (primary diagnosis)","Warren","20.4","162","65773","Rate","2021","2021 SPARCS Data as of June, 2023","43.403024","-73.716044","False"
"diabetes-hospitalization","Age-adjusted diabetes hospitalization rate per 10,000 (primary diagnosis)","Washington","19.2","129","60975","Rate","2021","2021 SPARCS Data as of June, 2023","43.289513","-73.454761","False"
"diabetes-hospitalization","Age-adjusted diabetes hospitalization rate per 10,000 (primary diagnosis)","Wayne","24.6","271","91201","Rate","2021","2021 SPARCS Data as of June, 2023","43.144336","-77.117995","False"
"diabetes-hospitalization","Age-adjusted diabetes hospitalization rate per 10,000 (primary diagnosis)","Westchester","13.9","1678","999607","Rate","2021","2021 SPARCS Data as of June, 2023","41.039278","-73.805386","False"
"diabetes-hospitalization","Age-adjusted diabetes hospitalization rate per 10,000 (primary diagnosis)","Wyoming","15.6","69","40017","Rate","2021","2021 SPARCS Data as of June, 2023","42.723641","-78.204473","False"
"diabetes-hospitalization","Age-adjusted diabetes hospitalization rate per 10,000 (primary diagnosis)","Yates","15.3","41","24634","Rate","2021","2021 SPARCS Data as of June, 2023","42.634338","-77.078311","False"
"diabetes-mortality","Age-adjusted diabetes mortality rate per 100,000","Albany","18.3","227","309894","Rate","2019-2021","2021 Vital Statistics Data as of July, 2023","42.678066","-73.814233","False"
"diabetes-mortality","Age-adjusted diabetes mortality rate per 100,000","Allegany","30.5","63","46498","Rate","2019-2021","2021 Vital Statistics Data as of July, 2023","42.226801","-78.020567","False"
"diabetes-mortality","Age-adjusted diabetes mortality rate per 100,000","Bronx","26.8","1208","1428574","Rate","2019-2021","2021 Vital Statistics Data as of July, 2023","40.85589","-73.868294","False"
"diabetes-mortality","Age-adjusted diabetes mortality rate per 100,000","Broome","24.1","205","194382","Rate","2019-2021","2021 Vital Statistics Data as of July, 2023","42.122015","-75.933191","False"
"diabetes-mortality","Age-adjusted diabetes mortality rate per 100,000","Cattaraugus","31.9","103","76715","Rate","2019-2021","2021 Vital Statistics Data as of July, 2023","42.224267","-78.606673","False"
"diabetes-mortality","Age-adjusted diabetes mortality rate per 100,000","Cayuga","14","49","76678","Rate","2019-2021","2021 Vital Statistics Data as of July, 2023","42.940095","-76.560755","False"
"diabetes-mortality","Age-adjusted diabetes mortality rate per 100,000","Chautauqua","28.7","163","127272","Rate","2019-2021","2021 Vital Statistics Data as of July, 2023","42.246904","-79.315313","False"
"diabetes-mortality","Age-adjusted diabetes mortality rate per 100,000","Chemung","20.6","71","83632","Rate","2019-2021","2021 Vital Statistics Data as of July, 2023","42.116644","-76.812331","False"
"diabetes-mortality","Age-adjusted diabetes mortality rate per 100,000","Chenango","26.8","60","47214","Rate","2019-2021","2021 Vital Statistics Data as of July, 2023","42.481798","-75.570013","False"
"diabetes-mortality","Age-adjusted diabetes mortality rate per 100,000","Clinton","25.2","82","80449","Rate","2019-2021","2021 Vital Statistics Data as of July, 2023","44.731944","-73.548883","False"
"diabetes-mortality","Age-adjusted diabetes mortality rate per 100,000","Columbia","24.9","78","60581","Rate","2019-2021","2021 Vital Statistics Data as of July, 2023","42.276913","-73.682168","False"
"diabetes-mortality","Age-adjusted diabetes mortality rate per 100,000","Cortland","21.8","39","47310","Rate","2019-2021","2021 Vital Statistics Data as of July, 2023","42.597101","-76.143291","False"
"diabetes-mortality","Age-adjusted diabetes mortality rate per 100,000","Delaware","20.3","50","44667","Rate","2019-2021","2021 Vital Statistics Data as of July, 2023","42.242972","-74.997944","False"
"diabetes-mortality","Age-adjusted diabetes mortality rate per 100,000","Dutchess","13.8","170","295222","Rate","2019-2021","2021 Vital Statistics Data as of July, 2023","41.686216","-73.840468","False"
"diabetes-mortality","Age-adjusted diabetes mortality rate per 100,000","Erie","24.7","951","931411","Rate","2019-2021","2021 Vital Statistics Data as of July, 2023","42.888143","-78.795544","False"
"diabetes-mortality","Age-adjusted diabetes mortality rate per 100,000","Essex","33.8","60","37303","Rate","2019-2021","2021 Vital Statistics Data as of July, 2023","44.166026","-73.685145","False"
"diabetes-mortality","Age-adjusted diabetes mortality rate per 100,000","Franklin","27.3","54","49230","Rate","2019-2021","2021 Vital Statistics Data as of July, 2023","44.705699","-74.340621","False"
"diabetes-mortality","Age-adjusted diabetes mortality rate per 100,000","Fulton","26.9","61","53454","Rate","2019-2021","2021 Vital Statistics Data as of July, 2023","43.06014","-74.331296","False"
"diabetes-mortality","Age-adjusted diabetes mortality rate per 100,000","Genesee","37.4","97","57669","Rate","2019-2021","2021 Vital Statistics Data as of July, 2023","43.000121","-78.172679","False"
"diabetes-mortality","Age-adjusted diabetes mortality rate per 100,000","Greene","18.4","43","47765","Rate","2019-2021","2021 Vital Statistics Data as of July, 2023","42.298326","-73.973376","False"
"diabetes-mortality","Age-adjusted diabetes mortality rate per 100,000","Hamilton","24.4","6","4673","Rate","2019-2021","2021 Vital Statistics Data as of July, 2023","43.618468","-74.395268","False"
"diabetes-mortality","Age-adjusted diabetes mortality rate per 100,000","Herkimer","24.8","71","61201","Rate","2019-2021","2021 Vital Statistics Data as of July, 2023","43.070026","-74.994246","False"
"diabetes-mortality","Age-adjusted diabetes mortality rate per 100,000","Jefferson","25.7","93","114071","Rate","2019-2021","2021 Vital Statistics Data as of July, 2023","44.019295","-75.898971","False"
"diabetes-mortality","Age-adjusted diabetes mortality rate per 100,000","Kings","22.5","1946","2599221","Rate","2019-2021","2021 Vital Statistics Data as of July, 2023","40.65642","-73.950691","False"
"diabetes-mortality","Age-adjusted diabetes mortality rate per 100,000","Lewis","21.5","26","26584","Rate","2019-2021","2021 Vital Statistics Data as of July, 2023","43.785537","-75.446296","False"
"diabetes-mortality","Age-adjusted diabetes mortality rate per 100,000","Livingston","22.1","56","62730","Rate","2019-2021","2021 Vital Statistics Data as of July, 2023","42.763754","-77.765392","False"
"diabetes-mortality","Age-adjusted diabetes mortality rate per 100,000","Madison","22.6","64","69919","Rate","2019-2021","2021 Vital Statistics Data as of July, 2023","42.986917","-75.720031","False"
"diabetes-mortality","Age-adjusted diabetes mortality rate per 100,000","Monroe","17.9","512","748342","Rate","2019-2021","2021 Vital Statistics Data as of July, 2023","43.161748","-77.620143","False"
"diabetes-mortality","Age-adjusted diabetes mortality rate per 100,000","Montgomery","22.4","50","49538","Rate","2019-2021","2021 Vital Statistics Data as of July, 2023","42.933637","-74.341972","False"
"diabetes-mortality","Age-adjusted diabetes mortality rate per 100,000","Nassau","13.5","786","1368653","Rate","2019-2021","2021 Vital Statistics Data as of July, 2023","40.715749","-73.601185","False"
"diabetes-mortality","Age-adjusted diabetes mortality rate per 100,000","New York","13.1","831","1614529","Rate","2019-2021","2021 Vital Statistics Data as of July, 2023","40.726966","-74.005966","False"
"diabetes-mortality","Age-adjusted diabetes mortality rate per 100,000","New York State","19.4","14720","19648563","Rate","2019-2021","2021 Vital Statistics Data as of July, 2023",,,"False"
"diabetes-mortality","Age-adjusted diabetes mortality rate per 100,000","Niagara","24.8","219","210830","Rate","2019-2021","2021 Vital Statistics Data as of July, 2023","43.134634","-78.856419","False"
"diabetes-mortality","Age-adjusted diabetes mortality rate per 100,000","Oneida","25.5","249","229601","Rate","2019-2021","2021 Vital Statistics Data as of July, 2023","43.149482","-75.361773","False"
"diabetes-mortality","Age-adjusted diabetes mortality rate per 100,000","Onondaga","21.4","399","465291","Rate","2019-2021","2021 Vital Statistics Data as of July, 2023","43.065629","-76.168033","False"
"diabetes-mortality","Age-adjusted diabetes mortality rate per 100,000","Ontario","17","82","110861","Rate","2019-2021","2021 Vital Statistics Data as of July, 2023","42.894571","-77.252045","False"
"diabetes-mortality","Age-adjusted diabetes mortality rate per 100,000","Orange","17.8","231","389940","Rate","2019-2021","2021 Vital Statistics Data as of July, 2023","41.422459","-74.241929","False"
"diabetes-mortality","Age-adjusted diabetes mortality rate per 100,000","Orleans","16.8","29","40376","Rate","2019-2021","2021 Vital Statistics Data as of July, 2023","43.248394","-78.218438","False"
"diabetes-mortality","Age-adjusted diabetes mortality rate per 100,000","Oswego","33.2","139","117721","Rate","2019-2021","2021 Vital Statistics Data as of July, 2023","43.39123","-76.31133","False"
"diabetes-mortality","Age-adjusted diabetes mortality rate per 100,000","Otsego","25.7","70","60138","Rate","2019-2021","2021 Vital Statistics Data as of July, 2023","42.564852","-75.060334","False"
"diabetes-mortality","Age-adjusted diabetes mortality rate per 100,000","Putnam","17.1","69","98639","Rate","2019-2021","2021 Vital Statistics Data as of July, 2023","41.41131","-73.717443","False"
"diabetes-mortality","Age-adjusted diabetes mortality rate per 100,000","Queens","16.1","1411","2292904","Rate","2019-2021","2021 Vital Statistics Data as of July, 2023","40.749338","-73.789673","False"
"diabetes-mortality","Age-adjusted diabetes mortality rate per 100,000","Rensselaer","21.9","134","159881","Rate","2019-2021","2021 Vital Statistics Data as of July, 2023","42.70098","-73.628669","False"
"diabetes-mortality","Age-adjusted diabetes mortality rate per 100,000","Richmond","25.1","453","482182","Rate","2019-2021","2021 Vital Statistics Data as of July, 2023","40.566763","-74.148102","False"
"diabetes-mortality","Age-adjusted diabetes mortality rate per 100,000","Rockland","12.9","161","330189","Rate","2019-2021","2021 Vital Statistics Data as of July, 2023","41.127287","-74.017033","False"
"diabetes-mortality","Age-adjusted diabetes mortality rate per 100,000","Saratoga","19.5","186","232739","Rate","2019-2021","2021 Vital Statistics Data as of July, 2023","43.00894","-73.786779","False"
"diabetes-mortality","Age-adjusted diabetes mortality rate per 100,000","Schenectady","29.5","183","156961","Rate","2019-2021","2021 Vital Statistics Data as of July, 2023","42.809233","-73.946838","False"
"diabetes-mortality","Age-adjusted diabetes mortality rate per 100,000","Schoharie","31.5","44","30839","Rate","2019-2021","2021 Vital Statistics Data as of July, 2023","42.643426","-74.434606","False"
"diabetes-mortality","Age-adjusted diabetes mortality rate per 100,000","Schuyler","43","37","17828","Rate","2019-2021","2021 Vital Statistics Data as of July, 2023","42.38593","-76.872032","False"
"diabetes-mortality","Age-adjusted diabetes mortality rate per 100,000","Seneca","19.8","28","34043","Rate","2019-2021","2021 Vital Statistics Data as of July, 2023","42.833627","-76.82753","False"
"diabetes-mortality","Age-adjusted diabetes mortality rate per 100,000","St. Lawrence","32.1","138","108493","Rate","2019-2021","2021 Vital Statistics Data as of July, 2023","44.689468","-75.242045","False"
"diabetes-mortality","Age-adjusted diabetes mortality rate per 100,000","Steuben","25.4","102","94952","Rate","2019-2021","2021 Vital Statistics Data as of July, 2023","42.270053","-77.324618","False"
"diabetes-mortality","Age-adjusted diabetes mortality rate per 100,000","Suffolk","14.9","900","1499223","Rate","2019-2021","2021 Vital Statistics Data as of July, 2023","40.820237","-73.119032","False"
"diabetes-mortality","Age-adjusted diabetes mortality rate per 100,000","Sullivan","23.2","77","76819","Rate","2019-2021","2021 Vital Statistics Data as of July, 2023","41.705166","-74.711705","False"
"diabetes-mortality","Age-adjusted diabetes mortality rate per 100,000","Tioga","14","32","48372","Rate","2019-2021","2021 Vital Statistics Data as of July, 2023","42.120252","-76.29595","False"
"diabetes-mortality","Age-adjusted diabetes mortality rate per 100,000","Tompkins","19.1","65","103603","Rate","2019-2021","2021 Vital Statistics Data as of July, 2023","42.461024","-76.478784","False"
"diabetes-mortality","Age-adjusted diabetes mortality rate per 100,000","Ulster","15.9","132","180241","Rate","2019-2021","2021 Vital Statistics Data as of July, 2023","41.848374","-74.099412","False"
"diabetes-mortality","Age-adjusted diabetes mortality rate per 100,000","Warren","28.2","93","64770","Rate","2019-2021","2021 Vital Statistics Data as of July, 2023","43.403024","-73.716044","False"
"diabetes-mortality","Age-adjusted diabetes mortality rate per 100,000","Washington","31.9","83","61215","Rate","2019-2021","2021 Vital Statistics Data as of July, 2023","43.289513","-73.454761","False"
"diabetes-mortality","Age-adjusted diabetes mortality rate per 100,000","Wayne","19.3","75","90474","Rate","2019-2021","2021 Vital Statistics Data as of July, 2023","43.144336","-77.117995","False"
"diabetes-mortality","Age-adjusted diabetes mortality rate per 100,000","Westchester","13.5","558","979154","Rate","2019-2021","2021 Vital Statistics Data as of July, 2023","41.039278","-73.805386","False"
"diabetes-mortality","Age-adjusted diabetes mortality rate per 100,000","Wyoming","25.8","41","40051","Rate","2019-2021","2021 Vital Statistics Data as of July, 2023","42.723641","-78.204473","False"
"diabetes-mortality","Age-adjusted diabetes mortality rate per 100,000","Yates","22.2","25","24851","Rate","2019-2021","2021 Vital Statistics Data as of July, 2023","42.634338","-77.078311","False"
"diagnosed-diabetes","Age-adjusted percentage of adults with physician diagnosed diabetes","Albany","8.7",,,"Percentage","2022","NYS Expanded Behavioral Risk Factor Surveillance System, data as of November 2022","42.678066","-73.814233","False"
"diagnosed-diabetes","Age-adjusted percentage of adults with physician diagnosed diabetes","Allegany","13.6",,,"Percentage","2022","NYS Expanded Behavioral Risk Factor Surveillance System, data as of November 2022","42.226801","-78.020567","False"
"diagnosed-diabetes","Age-adjusted percentage of adults with physician diagnosed diabetes","Bronx","13.4",,,"Percentage","2022","NYS Expanded Behavioral Risk Factor Surveillance System, data as of November 2022","40.85589","-73.868294","False"
"diagnosed-diabetes","Age-adjusted percentage of adults with physician diagnosed diabetes","Broome","10.9",,,"Percentage","2022","NYS Expanded Behavioral Risk Factor Surveillance System, data as of November 2022","42.122015","-75.933191","False"
"diagnosed-diabetes","Age-adjusted percentage of adults with physician diagnosed diabetes","Cattaraugus","9.9",,,"Percentage","2022","NYS Expanded Behavioral Risk Factor Surveillance System, data as of November 2022","42.224267","-78.606673","False"
"diagnosed-diabetes","Age-adjusted percentage of adults with physician diagnosed diabetes","Cayuga","9.3",,,"Percentage","2022","NYS Expanded Behavioral Risk Factor Surveillance System, data as of November 2022","42.940095","-76.560755","False"
"diagnosed-diabetes","Age-adjusted percentage of adults with physician diagnosed diabetes","Chautauqua","13.3",,,"Percentage","2022","NYS Expanded Behavioral Risk Factor Surveillance System, data as of November 2022","42.246904","-79.315313","False"
"diagnosed-diabetes","Age-adjusted percentage of adults with physician diagnosed diabetes","Chemung","8",,,"Percentage","2022","NYS Expanded Behavioral Risk Factor Surveillance System, data as of November 2022","42.116644","-76.812331","False"
"diagnosed-diabetes","Age-adjusted percentage of adults with physician diagnosed diabetes","Chenango","9.6",,,"Percentage","2022","NYS Expanded Behavioral Risk Factor Surveillance System, data as of November 2022","42.481798","-75.570013","False"
"diagnosed-diabetes","Age-adjusted percentage of adults with physician diagnosed diabetes","Clinton","11.7",,,"Percentage","2022","NYS Expanded Behavioral Risk Factor Surveillance System, data as of November 2022","44.731944","-73.548883","False"
"diagnosed-diabetes","Age-adjusted percentage of adults with physician diagnosed diabetes","Columbia","9.8",,,"Percentage","2022","NYS Expanded Behavioral Risk Factor Surveillance System, data as of November 2022","42.276913","-73.682168","False"
"diagnosed-diabetes","Age-adjusted percentage of adults with physician diagnosed diabetes","Cortland","8.6",,,"Percentage","2022","NYS Expanded Behavioral Risk Factor Surveillance System, data as of November 2022","42.597101","-76.143291","False"
"diagnosed-diabetes","Age-adjusted percentage of adults with physician diagnosed diabetes","Delaware","8.7",,,"Percentage","2022","NYS Expanded Behavioral Risk Factor Surveillance System, data as of November 2022","42.242972","-74.997944","False"
"diagnosed-diabetes","Age-adjusted percentage of adults with physician diagnosed diabetes","Dutchess","9.1",,,"Percentage","2022","NYS Expanded Behavioral Risk Factor Surveillance System, data as of November 2022","41.686216","-73.840468","False"
"diagnosed-diabetes","Age-adjusted percentage of adults with physician diagnosed diabetes","Erie","10",,,"Percentage","2022","NYS Expanded Behavioral Risk Factor Surveillance System, data as of November 2022","42.888143","-78.795544","False"
"diagnosed-diabetes","Age-adjusted percentage of adults with physician diagnosed diabetes","Essex","11.6",,,"Percentage","2022","NYS Expanded Behavioral Risk Factor Surveillance System, data as of November 2022","44.166026","-73.685145","False"
"diagnosed-diabetes","Age-adjusted percentage of adults with physician diagnosed diabetes","Franklin","12.9",,,"Percentage","2022","NYS Expanded Behavioral Risk Factor Surveillance System, data as of November 2022","44.705699","-74.340621","False"
"diagnosed-diabetes","Age-adjusted percentage of adults with physician diagnosed diabetes","Fulton","9.4",,,"Percentage","2022","NYS Expanded Behavioral Risk Factor Surveillance System, data as of November 2022","43.06014","-74.331296","False"
"diagnosed-diabetes","Age-adjusted percentage of adults with physician diagnosed diabetes","Genesee","11.4",,,"Percentage","2022","NYS Expanded Behavioral Risk Factor Surveillance System, data as of November 2022","43.000121","-78.172679","False"
"diagnosed-diabetes","Age-adjusted percentage of adults with physician diagnosed diabetes","Greene","9.6",,,"Percentage","2022","NYS Expanded Behavioral Risk Factor Surveillance System, data as of November 2022","42.298326","-73.973376","False"
"diagnosed-diabetes","Age-adjusted percentage of adults with physician diagnosed diabetes","Hamilton",,,,"Percentage","2022","NYS Expanded Behavioral Risk Factor Surveillance System, data as of November 2022","43.618468","-74.395268","True"
"diagnosed-diabetes","Age-adjusted percentage of adults with physician diagnosed diabetes","Herkimer","8.9",,,"Percentage","2022","NYS Expanded Behavioral Risk Factor Surveillance System, data as of November 2022","43.070026","-74.994246","False"
"diagnosed-diabetes","Age-adjusted percentage of adults with physician diagnosed diabetes","Jefferson","10",,,"Percentage","2022","NYS Expanded Behavioral Risk Factor Surveillance System, data as of November 2022","44.019295","-75.898971","False"
"diagnosed-diabetes","Age-adjusted percentage of adults with physician diagnosed diabetes","Kings","10.4",,,"Percentage","2022","NYS Expanded Behavioral Risk Factor Surveillance System, data as of November 2022","40.65642","-73.950691","False"
"diagnosed-diabetes","Age-adjusted percentage of adults with physician diagnosed diabetes","Lewis","9.9",,,"Percentage","2022","NYS Expanded Behavioral Risk Factor Surveillance System, data as of November 2022","43.785537","-75.446296","False"
"diagnosed-diabetes","Age-adjusted percentage of adults with physician diagnosed diabetes","Livingston","12",,,"Percentage","2022","NYS Expanded Behavioral Risk Factor Surveillance System, data as of November 2022","42.763754","-77.765392","False"
"diagnosed-diabetes","Age-adjusted percentage of adults with physician diagnosed diabetes","Madison","10.2",,,"Percentage","2022","NYS Expanded Behavioral Risk Factor Surveillance System, data as of November 2022","42.986917","-75.720031","False"
"diagnosed-diabetes","Age-adjusted percentage of adults with physician diagnosed diabetes","Monroe","9.2",,,"Percentage","2022","NYS Expanded Behavioral Risk Factor Surveillance System, data as of November 2022","43.161748","-77.620143","False"
"diagnosed-diabetes","Age-adjusted percentage of adults with physician diagnosed diabetes","Montgomery","11.7",,,"Percentage","2022","NYS Expanded Behavioral Risk Factor Surveillance System, data as of November 2022","42.933637","-74.341972","False"
"diagnosed-diabetes","Age-adjusted percentage of adults with physician diagnosed diabetes","Nassau","7.7",,,"Percentage","2022","NYS Expanded Behavioral Risk Factor Surveillance System, data as of November 2022","40.715749","-73.601185","False"
"diagnosed-diabetes","Age-adjusted percentage of adults with physician diagnosed diabetes","New York","7.2",,,"Percentage","2022","NYS Expanded Behavioral Risk Factor Surveillance System, data as of November 2022","40.726966","-74.005966","False"
"diagnosed-diabetes","Age-adjusted percentage of adults with physician diagnosed diabetes","New York State","10.2",,,"Percentage","2022","NYS Expanded Behavioral Risk Factor Surveillance System, data as of November 2022",,,"False"
"diagnosed-diabetes","Age-adjusted percentage of adults with physician diagnosed diabetes","Niagara","12.8",,,"Percentage","2022","NYS Expanded Behavioral Risk Factor Surveillance System, data as of November 2022","43.134634","-78.856419","False"
"diagnosed-diabetes","Age-adjusted percentage of adults with physician diagnosed diabetes","Oneida","12.1",,,"Percentage","2022","NYS Expanded Behavioral Risk Factor Surveillance System, data as of November 2022","43.149482","-75.361773","False"
"diagnosed-diabetes","Age-adjusted percentage of adults with physician diagnosed diabetes","Onondaga","9.1",,,"Percentage","2022","NYS Expanded Behavioral Risk Factor Surveillance System, data as of November 2022","43.065629","-76.168033","False"
"diagnosed-diabetes","Age-adjusted percentage of adults with physician diagnosed diabetes","Ontario","7.3",,,"Percentage","2022","NYS Expanded Behavioral Risk Factor Surveillance System, data as of November 2022","42.894571","-77.252045","False"
"diagnosed-diabetes","Age-adjusted percentage of adults with physician diagnosed diabetes","Orange","7.3",,,"Percentage","2022","NYS Expanded Behavioral Risk Factor Surveillance System, data as of November 2022","41.422459","-74.241929","False"
"diagnosed-diabetes","Age-adjusted percentage of adults with physician diagnosed diabetes","Orleans","13.6",,,"Percentage","2022","NYS Expanded Behavioral Risk Factor Surveillance System, data as of November 2022","43.248394","-78.218438","False"
"diagnosed-diabetes","Age-adjusted percentage of adults with physician diagnosed diabetes","Oswego","9.4",,,"Percentage","2022","NYS Expanded Behavioral Risk Factor Surveillance System, data as of November 2022","43.39123","-76.31133","False"
"diagnosed-diabetes","Age-adjusted percentage of adults with physician diagnosed diabetes","Otsego","7.4",,,"Percentage","2022","NYS Expanded Behavioral Risk Factor Surveillance System, data as of November 2022","42.564852","-75.060334","False"
"diagnosed-diabetes","Age-adjusted percentage of adults with physician diagnosed diabetes","Putnam","6.7",,,"Percentage","2022","NYS Expanded Behavioral Risk Factor Surveillance System, data as of November 2022","41.41131","-73.717443","False"
"diagnosed-diabetes","Age-adjusted percentage of adults with physician diagnosed diabetes","Queens","11.6",,,"Percentage","2022","NYS Expanded Behavioral Risk Factor Surveillance System, data as of November 2022","40.749338","-73.789673","False"
"diagnosed-diabetes","Age-adjusted percentage of adults with physician diagnosed diabetes","Rensselaer","8.9",,,"Percentage","2022","NYS Expanded Behavioral Risk Factor Surveillance System, data as of November 2022","42.70098","-73.628669","False"
"diagnosed-diabetes","Age-adjusted percentage of adults with physician diagnosed diabetes","Richmond","12.2",,,"Percentage","2022","NYS Expanded Behavioral Risk Factor Surveillance System, data as of November 2022","40.566763","-74.148102","False"
"diagnosed-diabetes","Age-adjusted percentage of adults with physician diagnosed diabetes","Rockland","9.4",,,"Percentage","2022","NYS Expanded Behavioral Risk Factor Surveillance System, data as of November 2022","41.127287","-74.017033","False"
"diagnosed-diabetes","Age-adjusted percentage of adults with physician diagnosed diabetes","Saratoga","5.6",,,"Percentage","2022","NYS Expanded Behavioral Risk Factor Surveillance System, data as of November 2022","43.00894","-73.786779","False"
"diagnosed-diabetes","Age-adjusted percentage of adults with physician diagnosed diabetes","Schenectady","9.4",,,"Percentage","2022","NYS Expanded Behavioral Risk Factor Surveillance System, data as of November 2022","42.809233","-73.946838","False"
"diagnosed-diabetes","Age-adjusted percentage of adults with physician diagnosed diabetes","Schoharie","10",,,"Percentage","2022","NYS Expanded Behavioral Risk Factor Surveillance System, data as of November 2022","42.643426","-74.434606","False"
"diagnosed-diabetes","Age-adjusted percentage of adults with physician diagnosed diabetes","Schuyler","9",,,"Percentage","2022","NYS Expanded Behavioral Risk Factor Surveillance System, data as of November 2022","42.38593","-76.872032","False"
"diagnosed-diabetes","Age-adjusted percentage of adults with physician diagnosed diabetes","Seneca","13.3",,,"Percentage","2022","NYS Expanded Behavioral Risk Factor Surveillance System, data as of November 2022","42.833627","-76.82753","False"
"diagnosed-diabetes","Age-adjusted percentage of adults with physician diagnosed diabetes","St. Lawrence","11.9",,,"Percentage","2022","NYS Expanded Behavioral Risk Factor Surveillance System, data as of November 2022","44.689468","-75.242045","False"
"diagnosed-diabetes","Age-adjusted percentage of adults with physician diagnosed diabetes","Steuben","11.2",,,"Percentage","2022","NYS Expanded Behavioral Risk Factor Surveillance System, data as of November 2022","42.270053","-77.324618","False"
"diagnosed-diabetes","Age-adjusted percentage of adults with physician diagnosed diabetes","Suffolk","7.9",,,"Percentage","2022","NYS Expanded Behavioral Risk Factor Surveillance System, data as of November 2022","40.820237","-73.119032","False"
"diagnosed-diabetes","Age-adjusted percentage of adults with physician diagnosed diabetes","Sullivan","7.9",,,"Percentage","2022","NYS Expanded Behavioral Risk Factor Surveillance System, data as of November 2022","41.705166","-74.711705","False"
"diagnosed-diabetes","Age-adjusted percentage of adults with physician diagnosed diabetes","Tioga","12.1",,,"Percentage","2022","NYS Expanded Behavioral Risk Factor Surveillance System, data as of November 2022","42.120252","-76.29595","False"
"diagnosed-diabetes","Age-adjusted percentage of adults with physician diagnosed diabetes","Tompkins","6.7",,,"Percentage","2022","NYS Expanded Behavioral Risk Factor Surveillance System, data as of November 2022","42.461024","-76.478784","False"
"diagnosed-diabetes","Age-adjusted percentage of adults with physician diagnosed diabetes","Ulster","6",,,"Percentage","2022","NYS Expanded Behavioral Risk Factor Surveillance System, data as of November 2022","41.848374","-74.099412","False"
"diagnosed-diabetes","Age-adjusted percentage of adults with physician diagnosed diabetes","Warren","13",,,"Percentage","2022","NYS Expanded Behavioral Risk Factor Surveillance System, data as of November 2022","43.403024","-73.716044","False"
"diagnosed-diabetes","Age-adjusted percentage of adults with physician diagnosed diabetes","Washington","10.5",,,"Percentage","2022","NYS Expanded Behavioral Risk Factor Surveillance System, data as of November 2022","43.289513","-73.454761","False"
"diagnosed-diabetes","Age-adjusted percentage of adults with physician diagnosed diabetes","Wayne","9.1",,,"Percentage","2022","NYS Expanded Behavioral Risk Factor Surveillance System, data as of November 2022","43.144336","-77.117995","False"
"diagnosed-diabetes","Age-adjusted percentage of adults with physician diagnosed diabetes","Westchester","8.6",,,"Percentage","2022","NYS Expanded Behavioral Risk Factor Surveillance System, data as of November 2022","41.039278","-73.805386","False"
"diagnosed-diabetes","Age-adjusted percentage of adults with physician diagnosed diabetes","Wyoming","9.1",,,"Percentage","2022","NYS Expanded Behavioral Risk Factor Surveillance System, data as of November 2022","42.723641","-78.204473","False"
"diagnosed-diabetes","Age-adjusted percentage of adults with physician diagnosed diabetes","Yates","9",,,"Percentage","2022","NYS Expanded Behavioral Risk Factor Surveillance System, data as of November 2022","42.634338","-77.078311","False"
"food-insecurity","Percentage of population who did not have access to a reliable source of food during the past year (Food insecurity)","Albany","8.8",,,"Percentage","2021","Map the Meal Gap 2022, data as of October 2022","42.678066","-73.814233","False"
"food-insecurity","Percentage of population who did not have access to a reliable source of food during the past year (Food insecurity)","Allegany","11",,,"Percentage","2021","Map the Meal Gap 2022, data as of October 2022","42.226801","-78.020567","False"
"food-insecurity","Percentage of population who did not have access to a reliable source of food during the past year (Food insecurity)","Bronx","18.5",,,"Percentage","2021","Map the Meal Gap 2022, data as of October 2022","40.85589","-73.868294","False"
"food-insecurity","Percentage of population who did not have access to a reliable source of food during the past year (Food insecurity)","Broome","12.1",,,"Percentage","2021","Map the Meal Gap 2022, data as of October 2022","42.122015","-75.933191","False"
"food-insecurity","Percentage of population who did not have access to a reliable source of food during the past year (Food insecurity)","Cattaraugus","12.2",,,"Percentage","2021","Map the Meal Gap 2022, data as of October 2022","42.224267","-78.606673","False"
"food-insecurity","Percentage of population who did not have access to a reliable source of food during the past year (Food insecurity)","Cayuga","10.3",,,"Percentage","2021","Map the Meal Gap 2022, data as of October 2022","42.940095","-76.560755","False"
"food-insecurity","Percentage of population who did not have access to a reliable source of food during the past year (Food insecurity)","Chautauqua","12.4",,,"Percentage","2021","Map the Meal Gap 2022, data as of October 2022","42.246904","-79.315313","False"
"food-insecurity","Percentage of population who did not have access to a reliable source of food during the past year (Food insecurity)","Chemung","11",,,"Percentage","2021","Map the Meal Gap 2022, data as of October 2022","42.116644","-76.812331","False"
"food-insecurity","Percentage of population who did not have access to a reliable source of food during the past year (Food insecurity)","Chenango","10.4",,,"Percentage","2021","Map the Meal Gap 2022, data as of October 2022","42.481798","-75.570013","False"
"food-insecurity","Percentage of population who did not have access to a reliable source of food during the past year (Food insecurity)","Clinton","10.3",,,"Percentage","2021","Map the Meal Gap 2022, data as of October 2022","44.731944","-73.548883","False"
"food-insecurity","Percentage of population who did not have access to a reliable source of food during the past year (Food insecurity)","Columbia","8.3",,,"Percentage","2021","Map the Meal Gap 2022, data as of October 2022","42.276913","-73.682168","False"
"food-insecurity","Percentage of population who did not have access to a reliable source of food during the past year (Food insecurity)","Cortland","9.7",,,"Percentage","2021","Map the Meal Gap 2022, data as of October 2022","42.597101","-76.143291","False"
"food-insecurity","Percentage of population who did not have access to a reliable source of food during the past year (Food insecurity)","Delaware","11.1",,,"Percentage","2021","Map the Meal Gap 2022, data as of October 2022","42.242972","-74.997944","False"
"food-insecurity","Percentage of population who did not have access to a reliable source of food during the past year (Food insecurity)","Dutchess","7.2",,,"Percentage","2021","Map the Meal Gap 2022, data as of October 2022","41.686216","-73.840468","False"
"food-insecurity","Percentage of population who did not have access to a reliable source of food during the past year (Food insecurity)","Erie","9.9",,,"Percentage","2021","Map the Meal Gap 2022, data as of October 2022","42.888143","-78.795544","False"
"food-insecurity","Percentage of population who did not have access to a reliable source of food during the past year (Food insecurity)","Essex","8.9",,,"Percentage","2021","Map the Meal Gap 2022, data as of October 2022","44.166026","-73.685145","False"
"food-insecurity","Percentage of population who did not have access to a reliable source of food during the past year (Food insecurity)","Franklin","11.8",,,"Percentage","2021","Map the Meal Gap 2022, data as of October 2022","44.705699","-74.340621","False"
"food-insecurity","Percentage of population who did not have access to a reliable source of food during the past year (Food insecurity)","Fulton","11.7",,,"Percentage","2021","Map the Meal Gap 2022, data as of October 2022","43.06014","-74.331296","False"
"food-insecurity","Percentage of population who did not have access to a reliable source of food during the past year (Food insecurity)","Genesee","9.2",,,"Percentage","2021","Map the Meal Gap 2022, data as of October 2022","43.000121","-78.172679","False"
"food-insecurity","Percentage of population who did not have access to a reliable source of food during the past year (Food insecurity)","Greene","8.4",,,"Percentage","2021","Map the Meal Gap 2022, data as of October 2022","42.298326","-73.973376","False"
"food-insecurity","Percentage of population who did not have access to a reliable source of food during the past year (Food insecurity)","Hamilton","9.5",,,"Percentage","2021","Map the Meal Gap 2022, data as of October 2022","43.618468","-74.395268","False"
"food-insecurity","Percentage of population who did not have access to a reliable source of food during the past year (Food insecurity)","Herkimer","10.8",,,"Percentage","2021","Map the Meal Gap 2022, data as of October 2022","43.070026","-74.994246","False"
"food-insecurity","Percentage of population who did not have access to a reliable source of food during the past year (Food insecurity)","Jefferson","11.1",,,"Percentage","2021","Map the Meal Gap 2022, data as of October 2022","44.019295","-75.898971","False"
"food-insecurity","Percentage of population who did not have access to a reliable source of food during the past year (Food insecurity)","Kings","13.9",,,"Percentage","2021","Map the Meal Gap 2022, data as of October 2022","40.65642","-73.950691","False"
"food-insecurity","Percentage of population who did not have access to a reliable source of food during the past year (Food insecurity)","Lewis","9.1",,,"Percentage","2021","Map the Meal Gap 2022, data as of October 2022","43.785537","-75.446296","False"
"food-insecurity","Percentage of population who did not have access to a reliable source of food during the past year (Food insecurity)","Livingston","8",,,"Percentage","2021","Map the Meal Gap 2022, data as of October 2022","42.763754","-77.765392","False"
"food-insecurity","Percentage of population who did not have access to a reliable source of food during the past year (Food insecurity)","Madison","7.9",,,"Percentage","2021","Map the Meal Gap 2022, data as of October 2022","42.986917","-75.720031","False"
"food-insecurity","Percentage of population who did not have access to a reliable source of food during the past year (Food insecurity)","Monroe","9.6",,,"Percentage","2021","Map the Meal Gap 2022, data as of October 2022","43.161748","-77.620143","False"
"food-insecurity","Percentage of population who did not have access to a reliable source of food during the past year (Food insecurity)","Montgomery","11.8",,,"Percentage","2021","Map the Meal Gap 2022, data as of October 2022","42.933637","-74.341972","False"
"food-insecurity","Percentage of population who did not have access to a reliable source of food during the past year (Food insecurity)","Nassau","4.4",,,"Percentage","2021","Map the Meal Gap 2022, data as of October 2022","40.715749","-73.601185","False"
"food-insecurity","Percentage of population who did not have access to a reliable source of food during the past year (Food insecurity)","New York","13.2",,,"Percentage","2021","Map the Meal Gap 2022, data as of October 2022","40.726966","-74.005966","False"
"food-insecurity","Percentage of population who did not have access to a reliable source of food during the past year (Food insecurity)","New York State","11.4",,,"Percentage","2021","Map the Meal Gap 2022, data as of October 2022",,,"False"
"food-insecurity","Percentage of population who did not have access to a reliable source of food during the past year (Food insecurity)","Niagara","10",,,"Percentage","2021","Map the Meal Gap 2022, data as of October 2022","43.134634","-78.856419","False"
"food-insecurity","Percentage of population who did not have access to a reliable source of food during the past year (Food insecurity)","Oneida","10.3",,,"Percentage","2021","Map the Meal Gap 2022, data as of October 2022","43.149482","-75.361773","False"
"food-insecurity","Percentage of population who did not have access to a reliable source of food during the past year (Food insecurity)","Onondaga","9.7",,,"Percentage","2021","Map the Meal Gap 2022, data as of October 2022","43.065629","-76.168033","False"
"food-insecurity","Percentage of population who did not have access to a reliable source of food during the past year (Food insecurity)","Ontario","8",,,"Percentage","2021","Map the Meal Gap 2022, data as of October 2022","42.894571","-77.252045","False"
"food-insecurity","Percentage of population who did not have access to a reliable source of food during the past year (Food insecurity)","Orange","7.8",,,"Percentage","2021","Map the Meal Gap 2022, data as of October 2022","41.422459","-74.241929","False"
"food-insecurity","Percentage of population who did not have access to a reliable source of food during the past year (Food insecurity)","Orleans","10.4",,,"Percentage","2021","Map the Meal Gap 2022, data as of October 2022","43.248394","-78.218438","False"
"food-insecurity","Percentage of population who did not have access to a reliable source of food during the past year (Food insecurity)","Oswego","11.5",,,"Percentage","2021","Map the Meal Gap 2022, data as of October 2022","43.39123","-76.31133","False"
"food-insecurity","Percentage of population who did not have access to a reliable source of food during the past year (Food insecurity)","Otsego","9.2",,,"Percentage","2021","Map the Meal Gap 2022, data as of October 2022","42.564852","-75.060334","False"
"food-insecurity","Percentage of population who did not have access to a reliable source of food during the past year (Food insecurity)","Putnam","5.3",,,"Percentage","2021","Map the Meal Gap 2022, data as of October 2022","41.41131","-73.717443","False"
"food-insecurity","Percentage of population who did not have access to a reliable source of food during the past year (Food insecurity)","Queens","10.9",,,"Percentage","2021","Map the Meal Gap 2022, data as of October 2022","40.749338","-73.789673","False"
"food-insecurity","Percentage of population who did not have access to a reliable source of food during the past year (Food insecurity)","Rensselaer","9.3",,,"Percentage","2021","Map the Meal Gap 2022, data as of October 2022","42.70098","-73.628669","False"
"food-insecurity","Percentage of population who did not have access to a reliable source of food during the past year (Food insecurity)","Richmond","9.4",,,"Percentage","2021","Map the Meal Gap 2022, data as of October 2022","40.566763","-74.148102","False"
"food-insecurity","Percentage of population who did not have access to a reliable source of food during the past year (Food insecurity)","Rockland","8.2",,,"Percentage","2021","Map the Meal Gap 2022, data as of October 2022","41.127287","-74.017033","False"
"food-insecurity","Percentage of population who did not have access to a reliable source of food during the past year (Food insecurity)","Saratoga","6.8",,,"Percentage","2021","Map the Meal Gap 2022, data as of October 2022","43.00894","-73.786779","False"
"food-insecurity","Percentage of population who did not have access to a reliable source of food during the past year (Food insecurity)","Schenectady","9",,,"Percentage","2021","Map the Meal Gap 2022, data as of October 2022","42.809233","-73.946838","False"
"food-insecurity","Percentage of population who did not have access to a reliable source of food during the past year (Food insecurity)","Schoharie","9.9",,,"Percentage","2021","Map the Meal Gap 2022, data as of October 2022","42.643426","-74.434606","False"
"food-insecurity","Percentage of population who did not have access to a reliable source of food during the past year (Food insecurity)","Schuyler","11.4",,,"Percentage","2021","Map the Meal Gap 2022, data as of October 2022","42.38593","-76.872032","False"
"food-insecurity","Percentage of population who did not have access to a reliable source of food during the past year (Food insecurity)","Seneca","9.9",,,"Percentage","2021","Map the Meal Gap 2022, data as of October 2022","42.833627","-76.82753","False"
"food-insecurity","Percentage of population who did not have access to a reliable source of food during the past year (Food insecurity)","St. Lawrence","11.8",,,"Percentage","2021","Map the Meal Gap 2022, data as of October 2022","44.689468","-75.242045","False"
"food-insecurity","Percentage of population who did not have access to a reliable source of food during the past year (Food insecurity)","Steuben","10.3",,,"Percentage","2021","Map the Meal Gap 2022, data as of October 2022","42.270053","-77.324618","False"
"food-insecurity","Percentage of population who did not have access to a reliable source of food during the past year (Food insecurity)","Suffolk","5.2",,,"Percentage","2021","Map the Meal Gap 2022, data as of October 2022","40.820237","-73.119032","False"
"food-insecurity","Percentage of population who did not have access to a reliable source of food during the past year (Food insecurity)","Sullivan","9.9",,,"Percentage","2021","Map the Meal Gap 2022, data as of October 2022","41.705166","-74.711705","False"
"food-insecurity","Percentage of population who did not have access to a reliable source of food during the past year (Food insecurity)","Tioga","8.5",,,"Percentage","2021","Map the Meal Gap 2022, data as of October 2022","42.120252","-76.29595","False"
"food-insecurity","Percentage of population who did not have access to a reliable source of food during the past year (Food insecurity)","Tompkins","9.2",,,"Percentage","2021","Map the Meal Gap 2022, data as of October 2022","42.461024","-76.478784","False"
"food-insecurity","Percentage of population who did not have access to a reliable source of food during the past year (Food insecurity)","Ulster","9.5",,,"Percentage","2021","Map the Meal Gap 2022, data as of October 2022","41.848374","-74.099412","False"
"food-insecurity","Percentage of population who did not have access to a reliable source of food during the past year (Food insecurity)","Warren","9",,,"Percentage","2021","Map the Meal Gap 2022, data as of October 2022","43.403024","-73.716044","False"
"food-insecurity","Percentage of population who did not have access to a reliable source of food during the past year (Food insecurity)","Washington","9.7",,,"Percentage","2021","Map the Meal Gap 2022, data as of October 2022","43.289513","-73.454761","False"
"food-insecurity","Percentage of population who did not have access to a reliable source of food during the past year (Food insecurity)","Wayne","8.8",,,"Percentage","2021","Map the Meal Gap 2022, data as of October 2022","43.144336","-77.117995","False"
"food-insecurity","Percentage of population who did not have access to a reliable source of food during the past year (Food insecurity)","Westchester","6.6",,,"Percentage","2021","Map the Meal Gap 2022, data as of October 2022","41.039278","-73.805386","False"
"food-insecurity","Percentage of population who did not have access to a reliable source of food during the past year (Food insecurity)","Wyoming","7.9",,,"Percentage","2021","Map the Meal Gap 2022, data as of October 2022","42.723641","-78.204473","False"
"food-insecurity","Percentage of population who did not have access to a reliable source of food during the past year (Food insecurity)","Yates","8.9",,,"Percentage","2021","Map the Meal Gap 2022, data as of October 2022","42.634338","-77.078311","False"
"heart-disease-mortality","Age-adjusted diseases of the heart mortality rate per 100,000","Albany","170.5","2146","309894","Rate","2019-2021","2021 Vital Statistics Data as of July, 2023","42.678066","-73.814233","False"
"heart-disease-mortality","Age-adjusted diseases of the heart mortality rate per 100,000","Allegany","151.1","287","46498","Rate","2019-2021","2021 Vital Statistics Data as of July, 2023","42.226801","-78.020567","False"
"heart-disease-mortality","Age-adjusted diseases of the heart mortality rate per 100,000","Bronx","203.6","9308","1428574","Rate","2019-2021","2021 Vital Statistics Data as of July, 2023","40.85589","-73.868294","False"
"heart-disease-mortality","Age-adjusted diseases of the heart mortality rate per 100,000","Broome","163.7","1478","194382","Rate","2019-2021","2021 Vital Statistics Data as of July, 2023","42.122015","-75.933191","False"
"heart-disease-mortality","Age-adjusted diseases of the heart mortality rate per 100,000","Cattaraugus","213.5","703","76715","Rate","2019-2021","2021 Vital Statistics Data as of July, 2023","42.224267","-78.606673","False"
"heart-disease-mortality","Age-adjusted diseases of the heart mortality rate per 100,000","Cayuga","186.2","640","76678","Rate","2019-2021","2021 Vital Statistics Data as of July, 2023","42.940095","-76.560755","False"
"heart-disease-mortality","Age-adjusted diseases of the heart mortality rate per 100,000","Chautauqua","188.8","1130","127272","Rate","2019-2021","2021 Vital Statistics Data as of July, 2023","42.246904","-79.315313","False"
"heart-disease-mortality","Age-adjusted diseases of the heart mortality rate per 100,000","Chemung","201.6","750","83632","Rate","2019-2021","2021 Vital Statistics Data as of July, 2023","42.116644","-76.812331","False"
"heart-disease-mortality","Age-adjusted diseases of the heart mortality rate per 100,000","Chenango","224","487","47214","Rate","2019-2021","2021 Vital Statistics Data as of July, 2023","42.481798","-75.570013","False"
"heart-disease-mortality","Age-adjusted diseases of the heart mortality rate per 100,000","Clinton","168.8","537","80449","Rate","2019-2021","2021 Vital Statistics Data as of July, 2023","44.731944","-73.548883","False"
"heart-disease-mortality","Age-adjusted diseases of the heart mortality rate per 100,000","Columbia","161.7","521","60581","Rate","2019-2021","2021 Vital Statistics Data as of July, 2023","42.276913","-73.682168","False"
"heart-disease-mortality","Age-adjusted diseases of the heart mortality rate per 100,000","Cortland","172.1","302","47310","Rate","2019-2021","2021 Vital Statistics Data as of July, 2023","42.597101","-76.143291","False"
"heart-disease-mortality","Age-adjusted diseases of the heart mortality rate per 100,000","Delaware","191.2","468","44667","Rate","2019-2021","2021 Vital Statistics Data as of July, 2023","42.242972","-74.997944","False"
"heart-disease-mortality","Age-adjusted diseases of the heart mortality rate per 100,000","Dutchess","174.2","2188","295222","Rate","2019-2021","2021 Vital Statistics Data as of July, 2023","41.686216","-73.840468","False"
"heart-disease-mortality","Age-adjusted diseases of the heart mortality rate per 100,000","Erie","163.3","6493","931411","Rate","2019-2021","2021 Vital Statistics Data as of July, 2023","42.888143","-78.795544","False"
"heart-disease-mortality","Age-adjusted diseases of the heart mortality rate per 100,000","Essex","151.4","296","37303","Rate","2019-2021","2021 Vital Statistics Data as of July, 2023","44.166026","-73.685145","False"
"heart-disease-mortality","Age-adjusted diseases of the heart mortality rate per 100,000","Franklin","164","317","49230","Rate","2019-2021","2021 Vital Statistics Data as of July, 2023","44.705699","-74.340621","False"
"heart-disease-mortality","Age-adjusted diseases of the heart mortality rate per 100,000","Fulton","200.4","483","53454","Rate","2019-2021","2021 Vital Statistics Data as of July, 2023","43.06014","-74.331296","False"
"heart-disease-mortality","Age-adjusted diseases of the heart mortality rate per 100,000","Genesee","164","429","57669","Rate","2019-2021","2021 Vital Statistics Data as of July, 2023","43.000121","-78.172679","False"
"heart-disease-mortality","Age-adjusted diseases of the heart mortality rate per 100,000","Greene","193.4","456","47765","Rate","2019-2021","2021 Vital Statistics Data as of July, 2023","42.298326","-73.973376","False"
"heart-disease-mortality","Age-adjusted diseases of the heart mortality rate per 100,000","Hamilton","166.4","50","4673","Rate","2019-2021","2021 Vital Statistics Data as of July, 2023","43.618468","-74.395268","False"
"heart-disease-mortality","Age-adjusted diseases of the heart mortality rate per 100,000","Herkimer","178","510","61201","Rate","2019-2021","2021 Vital Statistics Data as of July, 2023","43.070026","-74.994246","False"
"heart-disease-mortality","Age-adjusted diseases of the heart mortality rate per 100,000","Jefferson","178.6","656","114071","Rate","2019-2021","2021 Vital Statistics Data as of July, 2023","44.019295","-75.898971","False"
"heart-disease-mortality","Age-adjusted diseases of the heart mortality rate per 100,000","Kings","200.6","17788","2599221","Rate","2019-2021","2021 Vital Statistics Data as of July, 2023","40.65642","-73.950691","False"
"heart-disease-mortality","Age-adjusted diseases of the heart mortality rate per 100,000","Lewis","143.1","161","26584","Rate","2019-2021","2021 Vital Statistics Data as of July, 2023","43.785537","-75.446296","False"
"heart-disease-mortality","Age-adjusted diseases of the heart mortality rate per 100,000","Livingston","160.9","423","62730","Rate","2019-2021","2021 Vital Statistics Data as of July, 2023","42.763754","-77.765392","False"
"heart-disease-mortality","Age-adjusted diseases of the heart mortality rate per 100,000","Madison","140.8","409","69919","Rate","2019-2021","2021 Vital Statistics Data as of July, 2023","42.986917","-75.720031","False"
"heart-disease-mortality","Age-adjusted diseases of the heart mortality rate per 100,000","Monroe","133.1","4124","748342","Rate","2019-2021","2021 Vital Statistics Data as of July, 2023","43.161748","-77.620143","False"
"heart-disease-mortality","Age-adjusted diseases of the heart mortality rate per 100,000","Montgomery","193.8","429","49538","Rate","2019-2021","2021 Vital Statistics Data as of July, 2023","42.933637","-74.341972","False"
"heart-disease-mortality","Age-adjusted diseases of the heart mortality rate per 100,000","Nassau","181.1","11177","1368653","Rate","2019-2021","2021 Vital Statistics Data as of July, 2023","40.715749","-73.601185","False"
"heart-disease-mortality","Age-adjusted diseases of the heart mortality rate per 100,000","New York","132.4","8850","1614529","Rate","2019-2021","2021 Vital Statistics Data as of July, 2023","40.726966","-74.005966","False"
"heart-disease-mortality","Age-adjusted diseases of the heart mortality rate per 100,000","New York State","170.6","134016","19648563","Rate","2019-2021","2021 Vital Statistics Data as of July, 2023",,,"False"
"heart-disease-mortality","Age-adjusted diseases of the heart mortality rate per 100,000","Niagara","215.4","2013","210830","Rate","2019-2021","2021 Vital Statistics Data as of July, 2023","43.134634","-78.856419","False"
"heart-disease-mortality","Age-adjusted diseases of the heart mortality rate per 100,000","Oneida","167.3","1724","229601","Rate","2019-2021","2021 Vital Statistics Data as of July, 2023","43.149482","-75.361773","False"
"heart-disease-mortality","Age-adjusted diseases of the heart mortality rate per 100,000","Onondaga","152","2913","465291","Rate","2019-2021","2021 Vital Statistics Data as of July, 2023","43.065629","-76.168033","False"
"heart-disease-mortality","Age-adjusted diseases of the heart mortality rate per 100,000","Ontario","130.9","661","110861","Rate","2019-2021","2021 Vital Statistics Data as of July, 2023","42.894571","-77.252045","False"
"heart-disease-mortality","Age-adjusted diseases of the heart mortality rate per 100,000","Orange","157.8","1994","389940","Rate","2019-2021","2021 Vital Statistics Data as of July, 2023","41.422459","-74.241929","False"
"heart-disease-mortality","Age-adjusted diseases of the heart mortality rate per 100,000","Orleans","184.5","308","40376","Rate","2019-2021","2021 Vital Statistics Data as of July, 2023","43.248394","-78.218438","False"
"heart-disease-mortality","Age-adjusted diseases of the heart mortality rate per 100,000","Oswego","177.1","766","117721","Rate","2019-2021","2021 Vital Statistics Data as of July, 2023","43.39123","-76.31133","False"
"heart-disease-mortality","Age-adjusted diseases of the heart mortality rate per 100,000","Otsego","164.3","460","60138","Rate","2019-2021","2021 Vital Statistics Data as of July, 2023","42.564852","-75.060334","False"
"heart-disease-mortality","Age-adjusted diseases of the heart mortality rate per 100,000","Putnam","146.3","570","98639","Rate","2019-2021","2021 Vital Statistics Data as of July, 2023","41.41131","-73.717443","False"
"heart-disease-mortality","Age-adjusted diseases of the heart mortality rate per 100,000","Queens","176.6","15758","2292904","Rate","2019-2021","2021 Vital Statistics Data as of July, 2023","40.749338","-73.789673","False"
"heart-disease-mortality","Age-adjusted diseases of the heart mortality rate per 100,000","Rensselaer","176.1","1099","159881","Rate","2019-2021","2021 Vital Statistics Data as of July, 2023","42.70098","-73.628669","False"
"heart-disease-mortality","Age-adjusted diseases of the heart mortality rate per 100,000","Richmond","234.6","4254","482182","Rate","2019-2021","2021 Vital Statistics Data as of July, 2023","40.566763","-74.148102","False"
"heart-disease-mortality","Age-adjusted diseases of the heart mortality rate per 100,000","Rockland","143.6","1854","330189","Rate","2019-2021","2021 Vital Statistics Data as of July, 2023","41.127287","-74.017033","False"
"heart-disease-mortality","Age-adjusted diseases of the heart mortality rate per 100,000","Saratoga","140","1329","232739","Rate","2019-2021","2021 Vital Statistics Data as of July, 2023","43.00894","-73.786779","False"
"heart-disease-mortality","Age-adjusted diseases of the heart mortality rate per 100,000","Schenectady","175.2","1150","156961","Rate","2019-2021","2021 Vital Statistics Data as of July, 2023","42.809233","-73.946838","False"
"heart-disease-mortality","Age-adjusted diseases of the heart mortality rate per 100,000","Schoharie","154.4","223","30839","Rate","2019-2021","2021 Vital Statistics Data as of July, 2023","42.643426","-74.434606","False"
"heart-disease-mortality","Age-adjusted diseases of the heart mortality rate per 100,000","Schuyler","180.3","143","17828","Rate","2019-2021","2021 Vital Statistics Data as of July, 2023","42.38593","-76.872032","False"
"heart-disease-mortality","Age-adjusted diseases of the heart mortality rate per 100,000","Seneca","146.8","215","34043","Rate","2019-2021","2021 Vital Statistics Data as of July, 2023","42.833627","-76.82753","False"
"heart-disease-mortality","Age-adjusted diseases of the heart mortality rate per 100,000","St. Lawrence","180.4","787","108493","Rate","2019-2021","2021 Vital Statistics Data as of July, 2023","44.689468","-75.242045","False"
"heart-disease-mortality","Age-adjusted diseases of the heart mortality rate per 100,000","Steuben","177.8","755","94952","Rate","2019-2021","2021 Vital Statistics Data as of July, 2023","42.270053","-77.324618","False"
"heart-disease-mortality","Age-adjusted diseases of the heart mortality rate per 100,000","Suffolk","165.1","10178","1499223","Rate","2019-2021","2021 Vital Statistics Data as of July, 2023","40.820237","-73.119032","False"
"heart-disease-mortality","Age-adjusted diseases of the heart mortality rate per 100,000","Sullivan","183.1","556","76819","Rate","2019-2021","2021 Vital Statistics Data as of July, 2023","41.705166","-74.711705","False"
"heart-disease-mortality","Age-adjusted diseases of the heart mortality rate per 100,000","Tioga","158.2","364","48372","Rate","2019-2021","2021 Vital Statistics Data as of July, 2023","42.120252","-76.29595","False"
"heart-disease-mortality","Age-adjusted diseases of the heart mortality rate per 100,000","Tompkins","115.3","387","103603","Rate","2019-2021","2021 Vital Statistics Data as of July, 2023","42.461024","-76.478784","False"
"heart-disease-mortality","Age-adjusted diseases of the heart mortality rate per 100,000","Ulster","175","1427","180241","Rate","2019-2021","2021 Vital Statistics Data as of July, 2023","41.848374","-74.099412","False"
"heart-disease-mortality","Age-adjusted diseases of the heart mortality rate per 100,000","Warren","162.7","507","64770","Rate","2019-2021","2021 Vital Statistics Data as of July, 2023","43.403024","-73.716044","False"
"heart-disease-mortality","Age-adjusted diseases of the heart mortality rate per 100,000","Washington","177.2","486","61215","Rate","2019-2021","2021 Vital Statistics Data as of July, 2023","43.289513","-73.454761","False"
"heart-disease-mortality","Age-adjusted diseases of the heart mortality rate per 100,000","Wayne","164.5","627","90474","Rate","2019-2021","2021 Vital Statistics Data as of July, 2023","43.144336","-77.117995","False"
"heart-disease-mortality","Age-adjusted diseases of the heart mortality rate per 100,000","Westchester","138.4","6113","979154","Rate","2019-2021","2021 Vital Statistics Data as of July, 2023","41.039278","-73.805386","False"
"heart-disease-mortality","Age-adjusted diseases of the heart mortality rate per 100,000","Wyoming","165.5","263","40051","Rate","2019-2021","2021 Vital Statistics Data as of July, 2023","42.723641","-78.204473","False"
"heart-disease-mortality","Age-adjusted diseases of the heart mortality rate per 100,000","Yates","124.6","136","24851","Rate","2019-2021","2021 Vital Statistics Data as of July, 2023","42.634338","-77.078311","False"
"infant-mortality","Mortality rate per 1,000 live births - Infant (<1 year)","Albany","6.6","58","2925","Rate","2019-2021","2021 Vital Statistics Data as of July, 2023","42.678066","-73.814233","False"
"infant-mortality","Mortality rate per 1,000 live births - Infant (<1 year)","Allegany","1.4","2","478","Rate","2019-2021","2021 Vital Statistics Data as of July, 2023","42.226801","-78.020567","False"
"infant-mortality","Mortality rate per 1,000 live births - Infant (<1 year)","Bronx","5.2","276","17749","Rate","2019-2021","2021 Vital Statistics Data as of July, 2023","40.85589","-73.868294","False"
"infant-mortality","Mortality rate per 1,000 live births - Infant (<1 year)","Broome","4.8","27","1859","Rate","2019-2021","2021 Vital Statistics Data as of July, 2023","42.122015","-75.933191","False"
"infant-mortality","Mortality rate per 1,000 live births - Infant (<1 year)","Cattaraugus","4.1","10","816","Rate","2019-2021","2021 Vital Statistics Data as of July, 2023","42.224267","-78.606673","False"
"infant-mortality","Mortality rate per 1,000 live births - Infant (<1 year)","Cayuga","8","17","704","Rate","2019-2021","2021 Vital Statistics Data as of July, 2023","42.940095","-76.560755","False"
"infant-mortality","Mortality rate per 1,000 live births - Infant (<1 year)","Chautauqua","4.2","16","1279","Rate","2019-2021","2021 Vital Statistics Data as of July, 2023","42.246904","-79.315313","False"
"infant-mortality","Mortality rate per 1,000 live births - Infant (<1 year)","Chemung","6.3","16","840","Rate","2019-2021","2021 Vital Statistics Data as of July, 2023","42.116644","-76.812331","False"
"infant-mortality","Mortality rate per 1,000 live births - Infant (<1 year)","Chenango","8.7","12","458","Rate","2019-2021","2021 Vital Statistics Data as of July, 2023","42.481798","-75.570013","False"
"infant-mortality","Mortality rate per 1,000 live births - Infant (<1 year)","Clinton","4","8","674","Rate","2019-2021","2021 Vital Statistics Data as of July, 2023","44.731944","-73.548883","False"
"infant-mortality","Mortality rate per 1,000 live births - Infant (<1 year)","Columbia","4.9","7","474","Rate","2019-2021","2021 Vital Statistics Data as of July, 2023","42.276913","-73.682168","False"
"infant-mortality","Mortality rate per 1,000 live births - Infant (<1 year)","Cortland","4.5","6","446","Rate","2019-2021","2021 Vital Statistics Data as of July, 2023","42.597101","-76.143291","False"
"infant-mortality","Mortality rate per 1,000 live births - Infant (<1 year)","Delaware","6.5","7","360","Rate","2019-2021","2021 Vital Statistics Data as of July, 2023","42.242972","-74.997944","False"
"infant-mortality","Mortality rate per 1,000 live births - Infant (<1 year)","Dutchess","3.5","28","2634","Rate","2019-2021","2021 Vital Statistics Data as of July, 2023","41.686216","-73.840468","False"
"infant-mortality","Mortality rate per 1,000 live births - Infant (<1 year)","Erie","6.5","186","9546","Rate","2019-2021","2021 Vital Statistics Data as of July, 2023","42.888143","-78.795544","False"
"infant-mortality","Mortality rate per 1,000 live births - Infant (<1 year)","Essex","4.7","4","286","Rate","2019-2021","2021 Vital Statistics Data as of July, 2023","44.166026","-73.685145","False"
"infant-mortality","Mortality rate per 1,000 live births - Infant (<1 year)","Franklin","6.1","8","436","Rate","2019-2021","2021 Vital Statistics Data as of July, 2023","44.705699","-74.340621","False"
"infant-mortality","Mortality rate per 1,000 live births - Infant (<1 year)","Fulton","5.5","8","481","Rate","2019-2021","2021 Vital Statistics Data as of July, 2023","43.06014","-74.331296","False"
"infant-mortality","Mortality rate per 1,000 live births - Infant (<1 year)","Genesee","5.5","9","547","Rate","2019-2021","2021 Vital Statistics Data as of July, 2023","43.000121","-78.172679","False"
"infant-mortality","Mortality rate per 1,000 live births - Infant (<1 year)","Greene","4.4","5","383","Rate","2019-2021","2021 Vital Statistics Data as of July, 2023","42.298326","-73.973376","False"
"infant-mortality","Mortality rate per 1,000 live births - Infant (<1 year)","Hamilton",,,"28","Rate","2019-2021","2021 Vital Statistics Data as of July, 2023","43.618468","-74.395268","True"
"infant-mortality","Mortality rate per 1,000 live births - Infant (<1 year)","Herkimer","6.1","11","602","Rate","2019-2021","2021 Vital Statistics Data as of July, 2023","43.070026","-74.994246","False"
"infant-mortality","Mortality rate per 1,000 live births - Infant (<1 year)","Jefferson","6.7","36","1799","Rate","2019-2021","2021 Vital Statistics Data as of July, 2023","44.019295","-75.898971","False"
"infant-mortality","Mortality rate per 1,000 live births - Infant (<1 year)","Kings","3.4","351","34835","Rate","2019-2021","2021 Vital Statistics Data as of July, 2023","40.65642","-73.950691","False"
"infant-mortality","Mortality rate per 1,000 live births - Infant (<1 year)","Lewis","4.6","4","290","Rate","2019-2021","2021 Vital Statistics Data as of July, 2023","43.785537","-75.446296","False"
"infant-mortality","Mortality rate per 1,000 live births - Infant (<1 year)","Livingston","3.2","5","529","Rate","2019-2021","2021 Vital Statistics Data as of July, 2023","42.763754","-77.765392","False"
"infant-mortality","Mortality rate per 1,000 live births - Infant (<1 year)","Madison","4.1","7","572","Rate","2019-2021","2021 Vital Statistics Data as of July, 2023","42.986917","-75.720031","False"
"infant-mortality","Mortality rate per 1,000 live births - Infant (<1 year)","Monroe","6.1","141","7717","Rate","2019-2021","2021 Vital Statistics Data as of July, 2023","43.161748","-77.620143","False"
"infant-mortality","Mortality rate per 1,000 live births - Infant (<1 year)","Montgomery","10.2","18","588","Rate","2019-2021","2021 Vital Statistics Data as of July, 2023","42.933637","-74.341972","False"
"infant-mortality","Mortality rate per 1,000 live births - Infant (<1 year)","Nassau","2.7","112","13802","Rate","2019-2021","2021 Vital Statistics Data as of July, 2023","40.715749","-73.601185","False"
"infant-mortality","Mortality rate per 1,000 live births - Infant (<1 year)","New York","2.9","129","14667","Rate","2019-2021","2021 Vital Statistics Data as of July, 2023","40.726966","-74.005966","False"
"infant-mortality","Mortality rate per 1,000 live births - Infant (<1 year)","New York State","4.2","2677","212691","Rate","2019-2021","2021 Vital Statistics Data as of July, 2023",,,"False"
"infant-mortality","Mortality rate per 1,000 live births - Infant (<1 year)","Niagara","5.3","32","2011","Rate","2019-2021","2021 Vital Statistics Data as of July, 2023","43.134634","-78.856419","False"
"infant-mortality","Mortality rate per 1,000 live births - Infant (<1 year)","Oneida","7.2","53","2439","Rate","2019-2021","2021 Vital Statistics Data as of July, 2023","43.149482","-75.361773","False"
"infant-mortality","Mortality rate per 1,000 live births - Infant (<1 year)","Onondaga","5.2","77","4934","Rate","2019-2021","2021 Vital Statistics Data as of July, 2023","43.065629","-76.168033","False"
"infant-mortality","Mortality rate per 1,000 live births - Infant (<1 year)","Ontario","5.5","16","966","Rate","2019-2021","2021 Vital Statistics Data as of July, 2023","42.894571","-77.252045","False"
"infant-mortality","Mortality rate per 1,000 live births - Infant (<1 year)","Orange","3.9","62","5348","Rate","2019-2021","2021 Vital Statistics Data as of July, 2023","41.422459","-74.241929","False"
"infant-mortality","Mortality rate per 1,000 live births - Infant (<1 year)","Orleans","7.4","9","404","Rate","2019-2021","2021 Vital Statistics Data as of July, 2023","43.248394","-78.218438","False"
"infant-mortality","Mortality rate per 1,000 live births - Infant (<1 year)","Oswego","5.9","21","1178","Rate","2019-2021","2021 Vital Statistics Data as of July, 2023","43.39123","-76.31133","False"
"infant-mortality","Mortality rate per 1,000 live births - Infant (<1 year)","Otsego","4.3","6","470","Rate","2019-2021","2021 Vital Statistics Data as of July, 2023","42.564852","-75.060334","False"
"infant-mortality","Mortality rate per 1,000 live births - Infant (<1 year)","Putnam","2.8","7","848","Rate","2019-2021","2021 Vital Statistics Data as of July, 2023","41.41131","-73.717443","False"
"infant-mortality","Mortality rate per 1,000 live births - Infant (<1 year)","Queens","3.7","278","24954","Rate","2019-2021","2021 Vital Statistics Data as of July, 2023","40.749338","-73.789673","False"
"infant-mortality","Mortality rate per 1,000 live births - Infant (<1 year)","Rensselaer","3.6","17","1555","Rate","2019-2021","2021 Vital Statistics Data as of July, 2023","42.70098","-73.628669","False"
"infant-mortality","Mortality rate per 1,000 live births - Infant (<1 year)","Richmond","4.2","63","5019","Rate","2019-2021","2021 Vital Statistics Data as of July, 2023","40.566763","-74.148102","False"
"infant-mortality","Mortality rate per 1,000 live births - Infant (<1 year)","Rockland","3.1","55","5938","Rate","2019-2021","2021 Vital Statistics Data as of July, 2023","41.127287","-74.017033","False"
"infant-mortality","Mortality rate per 1,000 live births - Infant (<1 year)","Saratoga","2.8","17","2048","Rate","2019-2021","2021 Vital Statistics Data as of July, 2023","43.00894","-73.786779","False"
"infant-mortality","Mortality rate per 1,000 live births - Infant (<1 year)","Schenectady","6.5","34","1741","Rate","2019-2021","2021 Vital Statistics Data as of July, 2023","42.809233","-73.946838","False"
"infant-mortality","Mortality rate per 1,000 live births - Infant (<1 year)","Schoharie","4","3","250","Rate","2019-2021","2021 Vital Statistics Data as of July, 2023","42.643426","-74.434606","False"
"infant-mortality","Mortality rate per 1,000 live births - Infant (<1 year)","Schuyler","4","2","167","Rate","2019-2021","2021 Vital Statistics Data as of July, 2023","42.38593","-76.872032","False"
"infant-mortality","Mortality rate per 1,000 live births - Infant (<1 year)","Seneca","5.6","6","354","Rate","2019-2021","2021 Vital Statistics Data as of July, 2023","42.833627","-76.82753","False"
"infant-mortality","Mortality rate per 1,000 live births - Infant (<1 year)","St. Lawrence","6.3","19","1009","Rate","2019-2021","2021 Vital Statistics Data as of July, 2023","44.689468","-75.242045","False"
"infant-mortality","Mortality rate per 1,000 live births - Infant (<1 year)","Steuben","5.8","17","982","Rate","2019-2021","2021 Vital Statistics Data as of July, 2023","42.270053","-77.324618","False"
"infant-mortality","Mortality rate per 1,000 live births - Infant (<1 year)","Suffolk","3.6","164","15195","Rate","2019-2021","2021 Vital Statistics Data as of July, 2023","40.820237","-73.119032","False"
"infant-mortality","Mortality rate per 1,000 live births - Infant (<1 year)","Sullivan","4.4","12","906","Rate","2019-2021","2021 Vital Statistics Data as of July, 2023","41.705166","-74.711705","False"
"infant-mortality","Mortality rate per 1,000 live births - Infant (<1 year)","Tioga","4.4","6","458","Rate","2019-2021","2021 Vital Statistics Data as of July, 2023","42.120252","-76.29595","False"
"infant-mortality","Mortality rate per 1,000 live births - Infant (<1 year)","Tompkins","3.9","8","688","Rate","2019-2021","2021 Vital Statistics Data as of July, 2023","42.461024","-76.478784","False"
"infant-mortality","Mortality rate per 1,000 live births - Infant (<1 year)","Ulster","3.9","18","1523","Rate","2019-2021","2021 Vital Statistics Data as of July, 2023","41.848374","-74.099412","False"
"infant-mortality","Mortality rate per 1,000 live births - Infant (<1 year)","Warren","4.5","7","518","Rate","2019-2021","2021 Vital Statistics Data as of July, 2023","43.403024","-73.716044","False"
"infant-mortality","Mortality rate per 1,000 live births - Infant (<1 year)","Washington","6.7","11","549","Rate","2019-2021","2021 Vital Statistics Data as of July, 2023","43.289513","-73.454761","False"
"infant-mortality","Mortality rate per 1,000 live births - Infant (<1 year)","Wayne","8.3","22","888","Rate","2019-2021","2021 Vital Statistics Data as of July, 2023","43.144336","-77.117995","False"
"infant-mortality","Mortality rate per 1,000 live births - Infant (<1 year)","Westchester","3.3","99","9866","Rate","2019-2021","2021 Vital Statistics Data as of July, 2023","41.039278","-73.805386","False"
"infant-mortality","Mortality rate per 1,000 live births - Infant (<1 year)","Wyoming","4.7","5","355","Rate","2019-2021","2021 Vital Statistics Data as of July, 2023","42.723641","-78.204473","False"
"infant-mortality","Mortality rate per 1,000 live births - Infant (<1 year)","Yates","7.2","7","323","Rate","2019-2021","2021 Vital Statistics Data as of July, 2023","42.634338","-77.078311","False"
"late-prenatal-care","Percentage of births with late (3rd trimester) or no prenatal care","Albany","5.7","496","2879","Percentage","2019-2021","2021 Vital Statistics Data as of July, 2023","42.678066","-73.814233","False"
"late-prenatal-care","Percentage of births with late (3rd trimester) or no prenatal care","Allegany","10.3","139","452","Percentage","2019-2021","2021 Vital Statistics Data as of July, 2023","42.226801","-78.020567","False"
"late-prenatal-care","Percentage of births with late (3rd trimester) or no prenatal care","Bronx","10.9","5802","17729","Percentage","2019-2021","2021 Vital Statistics Data as of July, 2023","40.85589","-73.868294","False"
"late-prenatal-care","Percentage of births with late (3rd trimester) or no prenatal care","Broome","6.3","353","1856","Percentage","2019-2021","2021 Vital Statistics Data as of July, 2023","42.122015","-75.933191","False"
"late-prenatal-care","Percentage of births with late (3rd trimester) or no prenatal care","Cattaraugus","5.7","122","708","Percentage","2019-2021","2021 Vital Statistics Data as of July, 2023","42.224267","-78.606673","False"
"late-prenatal-care","Percentage of births with late (3rd trimester) or no prenatal care","Cayuga","3.7","78","699","Percentage","2019-2021","2021 Vital Statistics Data as of July, 2023","42.940095","-76.560755","False"
"late-prenatal-care","Percentage of births with late (3rd trimester) or no prenatal care","Chautauqua","7.8","270","1153","Percentage","2019-2021","2021 Vital Statistics Data as of July, 2023","42.246904","-79.315313","False"
"late-prenatal-care","Percentage of births with late (3rd trimester) or no prenatal care","Chemung","3.2","81","836","Percentage","2019-2021","2021 Vital Statistics Data as of July, 2023","42.116644","-76.812331","False"
"late-prenatal-care","Percentage of births with late (3rd trimester) or no prenatal care","Chenango","3.6","49","453","Percentage","2019-2021","2021 Vital Statistics Data as of July, 2023","42.481798","-75.570013","False"
"late-prenatal-care","Percentage of births with late (3rd trimester) or no prenatal care","Clinton","6.7","135","671","Percentage","2019-2021","2021 Vital Statistics Data as of July, 2023","44.731944","-73.548883","False"
"late-prenatal-care","Percentage of births with late (3rd trimester) or no prenatal care","Columbia","6.5","91","467","Percentage","2019-2021","2021 Vital Statistics Data as of July, 2023","42.276913","-73.682168","False"
"late-prenatal-care","Percentage of births with late (3rd trimester) or no prenatal care","Cortland","3.3","43","430","Percentage","2019-2021","2021 Vital Statistics Data as of July, 2023","42.597101","-76.143291","False"
"late-prenatal-care","Percentage of births with late (3rd trimester) or no prenatal care","Delaware","4.2","45","357","Percentage","2019-2021","2021 Vital Statistics Data as of July, 2023","42.242972","-74.997944","False"
"late-prenatal-care","Percentage of births with late (3rd trimester) or no prenatal care","Dutchess","3.8","288","2543","Percentage","2019-2021","2021 Vital Statistics Data as of July, 2023","41.686216","-73.840468","False"
"late-prenatal-care","Percentage of births with late (3rd trimester) or no prenatal care","Erie","3.5","928","8914","Percentage","2019-2021","2021 Vital Statistics Data as of July, 2023","42.888143","-78.795544","False"
"late-prenatal-care","Percentage of births with late (3rd trimester) or no prenatal care","Essex","6.1","52","282","Percentage","2019-2021","2021 Vital Statistics Data as of July, 2023","44.166026","-73.685145","False"
"late-prenatal-care","Percentage of births with late (3rd trimester) or no prenatal care","Franklin","8.6","111","431","Percentage","2019-2021","2021 Vital Statistics Data as of July, 2023","44.705699","-74.340621","False"
"late-prenatal-care","Percentage of births with late (3rd trimester) or no prenatal care","Fulton","3.6","51","479","Percentage","2019-2021","2021 Vital Statistics Data as of July, 2023","43.06014","-74.331296","False"
"late-prenatal-care","Percentage of births with late (3rd trimester) or no prenatal care","Genesee","2.9","46","521","Percentage","2019-2021","2021 Vital Statistics Data as of July, 2023","43.000121","-78.172679","False"
"late-prenatal-care","Percentage of births with late (3rd trimester) or no prenatal care","Greene","6.3","71","378","Percentage","2019-2021","2021 Vital Statistics Data as of July, 2023","42.298326","-73.973376","False"
"late-prenatal-care","Percentage of births with late (3rd trimester) or no prenatal care","Hamilton",,,"28","Percentage","2019-2021","2021 Vital Statistics Data as of July, 2023","43.618468","-74.395268","True"
"late-prenatal-care","Percentage of births with late (3rd trimester) or no prenatal care","Herkimer","5.7","101","595","Percentage","2019-2021","2021 Vital Statistics Data as of July, 2023","43.070026","-74.994246","False"
"late-prenatal-care","Percentage of births with late (3rd trimester) or no prenatal care","Jefferson","3.3","175","1788","Percentage","2019-2021","2021 Vital Statistics Data as of July, 2023","44.019295","-75.898971","False"
"late-prenatal-care","Percentage of births with late (3rd trimester) or no prenatal care","Kings","5.3","5507","34797","Percentage","2019-2021","2021 Vital Statistics Data as of July, 2023","40.65642","-73.950691","False"
"late-prenatal-care","Percentage of births with late (3rd trimester) or no prenatal care","Lewis","6.3","55","289","Percentage","2019-2021","2021 Vital Statistics Data as of July, 2023","43.785537","-75.446296","False"
"late-prenatal-care","Percentage of births with late (3rd trimester) or no prenatal care","Livingston","4.5","68","506","Percentage","2019-2021","2021 Vital Statistics Data as of July, 2023","42.763754","-77.765392","False"
"late-prenatal-care","Percentage of births with late (3rd trimester) or no prenatal care","Madison","3.7","62","557","Percentage","2019-2021","2021 Vital Statistics Data as of July, 2023","42.986917","-75.720031","False"
"late-prenatal-care","Percentage of births with late (3rd trimester) or no prenatal care","Monroe","3.9","857","7311","Percentage","2019-2021","2021 Vital Statistics Data as of July, 2023","43.161748","-77.620143","False"
"late-prenatal-care","Percentage of births with late (3rd trimester) or no prenatal care","Montgomery","14.2","247","579","Percentage","2019-2021","2021 Vital Statistics Data as of July, 2023","42.933637","-74.341972","False"
"late-prenatal-care","Percentage of births with late (3rd trimester) or no prenatal care","Nassau","2.5","1005","13394","Percentage","2019-2021","2021 Vital Statistics Data as of July, 2023","40.715749","-73.601185","False"
"late-prenatal-care","Percentage of births with late (3rd trimester) or no prenatal care","New York","5.9","2609","14660","Percentage","2019-2021","2021 Vital Statistics Data as of July, 2023","40.726966","-74.005966","False"
"late-prenatal-care","Percentage of births with late (3rd trimester) or no prenatal care","New York State","5.4","33618","209019","Percentage","2019-2021","2021 Vital Statistics Data as of July, 2023",,,"False"
"late-prenatal-care","Percentage of births with late (3rd trimester) or no prenatal care","Niagara","4.3","250","1920","Percentage","2019-2021","2021 Vital Statistics Data as of July, 2023","43.134634","-78.856419","False"
"late-prenatal-care","Percentage of births with late (3rd trimester) or no prenatal care","Oneida","6.2","449","2432","Percentage","2019-2021","2021 Vital Statistics Data as of July, 2023","43.149482","-75.361773","False"
"late-prenatal-care","Percentage of births with late (3rd trimester) or no prenatal care","Onondaga","3.6","529","4929","Percentage","2019-2021","2021 Vital Statistics Data as of July, 2023","43.065629","-76.168033","False"
"late-prenatal-care","Percentage of births with late (3rd trimester) or no prenatal care","Ontario","3.1","86","932","Percentage","2019-2021","2021 Vital Statistics Data as of July, 2023","42.894571","-77.252045","False"
"late-prenatal-care","Percentage of births with late (3rd trimester) or no prenatal care","Orange","5.6","876","5230","Percentage","2019-2021","2021 Vital Statistics Data as of July, 2023","41.422459","-74.241929","False"
"late-prenatal-care","Percentage of births with late (3rd trimester) or no prenatal care","Orleans","4.3","50","388","Percentage","2019-2021","2021 Vital Statistics Data as of July, 2023","43.248394","-78.218438","False"
"late-prenatal-care","Percentage of births with late (3rd trimester) or no prenatal care","Oswego","4.5","157","1164","Percentage","2019-2021","2021 Vital Statistics Data as of July, 2023","43.39123","-76.31133","False"
"late-prenatal-care","Percentage of births with late (3rd trimester) or no prenatal care","Otsego","5.3","71","448","Percentage","2019-2021","2021 Vital Statistics Data as of July, 2023","42.564852","-75.060334","False"
"late-prenatal-care","Percentage of births with late (3rd trimester) or no prenatal care","Putnam","2.6","65","844","Percentage","2019-2021","2021 Vital Statistics Data as of July, 2023","41.41131","-73.717443","False"
"late-prenatal-care","Percentage of births with late (3rd trimester) or no prenatal care","Queens","6.6","4881","24746","Percentage","2019-2021","2021 Vital Statistics Data as of July, 2023","40.749338","-73.789673","False"
"late-prenatal-care","Percentage of births with late (3rd trimester) or no prenatal care","Rensselaer","4.7","215","1535","Percentage","2019-2021","2021 Vital Statistics Data as of July, 2023","42.70098","-73.628669","False"
"late-prenatal-care","Percentage of births with late (3rd trimester) or no prenatal care","Richmond","2.5","375","5018","Percentage","2019-2021","2021 Vital Statistics Data as of July, 2023","40.566763","-74.148102","False"
"late-prenatal-care","Percentage of births with late (3rd trimester) or no prenatal care","Rockland","4","682","5680","Percentage","2019-2021","2021 Vital Statistics Data as of July, 2023","41.127287","-74.017033","False"
"late-prenatal-care","Percentage of births with late (3rd trimester) or no prenatal care","Saratoga","3.3","198","2024","Percentage","2019-2021","2021 Vital Statistics Data as of July, 2023","43.00894","-73.786779","False"
"late-prenatal-care","Percentage of births with late (3rd trimester) or no prenatal care","Schenectady","6.8","346","1685","Percentage","2019-2021","2021 Vital Statistics Data as of July, 2023","42.809233","-73.946838","False"
"late-prenatal-care","Percentage of births with late (3rd trimester) or no prenatal care","Schoharie","3.5","26","245","Percentage","2019-2021","2021 Vital Statistics Data as of July, 2023","42.643426","-74.434606","False"
"late-prenatal-care","Percentage of births with late (3rd trimester) or no prenatal care","Schuyler","4.2","21","165","Percentage","2019-2021","2021 Vital Statistics Data as of July, 2023","42.38593","-76.872032","False"
"late-prenatal-care","Percentage of births with late (3rd trimester) or no prenatal care","Seneca","6.3","65","344","Percentage","2019-2021","2021 Vital Statistics Data as of July, 2023","42.833627","-76.82753","False"
"late-prenatal-care","Percentage of births with late (3rd trimester) or no prenatal care","St. Lawrence","7.3","210","961","Percentage","2019-2021","2021 Vital Statistics Data as of July, 2023","44.689468","-75.242045","False"
"late-prenatal-care","Percentage of births with late (3rd trimester) or no prenatal care","Steuben","8.2","238","966","Percentage","2019-2021","2021 Vital Statistics Data as of July, 2023","42.270053","-77.324618","False"
"late-prenatal-care","Percentage of births with late (3rd trimester) or no prenatal care","Suffolk","3.8","1694","14755","Percentage","2019-2021","2021 Vital Statistics Data as of July, 2023","40.820237","-73.119032","False"
"late-prenatal-care","Percentage of births with late (3rd trimester) or no prenatal care","Sullivan","7","189","902","Percentage","2019-2021","2021 Vital Statistics Data as of July, 2023","41.705166","-74.711705","False"
"late-prenatal-care","Percentage of births with late (3rd trimester) or no prenatal care","Tioga","4.3","59","455","Percentage","2019-2021","2021 Vital Statistics Data as of July, 2023","42.120252","-76.29595","False"
"late-prenatal-care","Percentage of births with late (3rd trimester) or no prenatal care","Tompkins","3.1","64","684","Percentage","2019-2021","2021 Vital Statistics Data as of July, 2023","42.461024","-76.478784","False"
"late-prenatal-care","Percentage of births with late (3rd trimester) or no prenatal care","Ulster","5.2","231","1490","Percentage","2019-2021","2021 Vital Statistics Data as of July, 2023","41.848374","-74.099412","False"
"late-prenatal-care","Percentage of births with late (3rd trimester) or no prenatal care","Warren","3.1","47","512","Percentage","2019-2021","2021 Vital Statistics Data as of July, 2023","43.403024","-73.716044","False"
"late-prenatal-care","Percentage of births with late (3rd trimester) or no prenatal care","Washington","4","65","542","Percentage","2019-2021","2021 Vital Statistics Data as of July, 2023","43.289513","-73.454761","False"
"late-prenatal-care","Percentage of births with late (3rd trimester) or no prenatal care","Wayne","4","104","859","Percentage","2019-2021","2021 Vital Statistics Data as of July, 2023","43.144336","-77.117995","False"
"late-prenatal-care","Percentage of births with late (3rd trimester) or no prenatal care","Westchester","4.6","1360","9775","Percentage","2019-2021","2021 Vital Statistics Data as of July, 2023","41.039278","-73.805386","False"
"late-prenatal-care","Percentage of births with late (3rd trimester) or no prenatal care","Wyoming","1.7","17","337","Percentage","2019-2021","2021 Vital Statistics Data as of July, 2023","42.723641","-78.204473","False"
"late-prenatal-care","Percentage of births with late (3rd trimester) or no prenatal care","Yates","6.4","60","313","Percentage","2019-2021","2021 Vital Statistics Data as of July, 2023","42.634338","-77.078311","False"
"low-birthweight","Percentage low birthweight (<2.5 kg) births","Albany","8.4","736","2919","Percentage","2019-2021","2021 Vital Statistics Data as of July, 2023","42.678066","-73.814233","False"
"low-birthweight","Percentage low birthweight (<2.5 kg) births","Allegany","6.9","95","462","Percentage","2019-2021","2021 Vital Statistics Data as of July, 2023","42.226801","-78.020567","False"
"low-birthweight","Percentage low birthweight (<2.5 kg) births","Bronx","10.5","5608","17746","Percentage","2019-2021","2021 Vital Statistics Data as of July, 2023","40.85589","-73.868294","False"
"low-birthweight","Percentage low birthweight (<2.5 kg) births","Broome","7.8","436","1857","Percentage","2019-2021","2021 Vital Statistics Data as of July, 2023","42.122015","-75.933191","False"
"low-birthweight","Percentage low birthweight (<2.5 kg) births","Cattaraugus","7.6","166","731","Percentage","2019-2021","2021 Vital Statistics Data as of July, 2023","42.224267","-78.606673","False"
"low-birthweight","Percentage low birthweight (<2.5 kg) births","Cayuga","7.6","160","699","Percentage","2019-2021","2021 Vital Statistics Data as of July, 2023","42.940095","-76.560755","False"
"low-birthweight","Percentage low birthweight (<2.5 kg) births","Chautauqua","8.3","310","1241","Percentage","2019-2021","2021 Vital Statistics Data as of July, 2023","42.246904","-79.315313","False"
"low-birthweight","Percentage low birthweight (<2.5 kg) births","Chemung","8","202","840","Percentage","2019-2021","2021 Vital Statistics Data as of July, 2023","42.116644","-76.812331","False"
"low-birthweight","Percentage low birthweight (<2.5 kg) births","Chenango","7.4","100","453","Percentage","2019-2021","2021 Vital Statistics Data as of July, 2023","42.481798","-75.570013","False"
"low-birthweight","Percentage low birthweight (<2.5 kg) births","Clinton","7.7","156","673","Percentage","2019-2021","2021 Vital Statistics Data as of July, 2023","44.731944","-73.548883","False"
"low-birthweight","Percentage low birthweight (<2.5 kg) births","Columbia","7.1","100","469","Percentage","2019-2021","2021 Vital Statistics Data as of July, 2023","42.276913","-73.682168","False"
"low-birthweight","Percentage low birthweight (<2.5 kg) births","Cortland","6.7","87","435","Percentage","2019-2021","2021 Vital Statistics Data as of July, 2023","42.597101","-76.143291","False"
"low-birthweight","Percentage low birthweight (<2.5 kg) births","Delaware","7.5","81","360","Percentage","2019-2021","2021 Vital Statistics Data as of July, 2023","42.242972","-74.997944","False"
"low-birthweight","Percentage low birthweight (<2.5 kg) births","Dutchess","7.8","616","2631","Percentage","2019-2021","2021 Vital Statistics Data as of July, 2023","41.686216","-73.840468","False"
"low-birthweight","Percentage low birthweight (<2.5 kg) births","Erie","9.1","2603","9542","Percentage","2019-2021","2021 Vital Statistics Data as of July, 2023","42.888143","-78.795544","False"
"low-birthweight","Percentage low birthweight (<2.5 kg) births","Essex","7.1","60","283","Percentage","2019-2021","2021 Vital Statistics Data as of July, 2023","44.166026","-73.685145","False"
"low-birthweight","Percentage low birthweight (<2.5 kg) births","Franklin","7.3","95","431","Percentage","2019-2021","2021 Vital Statistics Data as of July, 2023","44.705699","-74.340621","False"
"low-birthweight","Percentage low birthweight (<2.5 kg) births","Fulton","9.5","137","481","Percentage","2019-2021","2021 Vital Statistics Data as of July, 2023","43.06014","-74.331296","False"
"low-birthweight","Percentage low birthweight (<2.5 kg) births","Genesee","6.7","110","547","Percentage","2019-2021","2021 Vital Statistics Data as of July, 2023","43.000121","-78.172679","False"
"low-birthweight","Percentage low birthweight (<2.5 kg) births","Greene","7.3","84","381","Percentage","2019-2021","2021 Vital Statistics Data as of July, 2023","42.298326","-73.973376","False"
"low-birthweight","Percentage low birthweight (<2.5 kg) births","Hamilton",,,"28","Percentage","2019-2021","2021 Vital Statistics Data as of July, 2023","43.618468","-74.395268","True"
"low-birthweight","Percentage low birthweight (<2.5 kg) births","Herkimer","6.3","114","599","Percentage","2019-2021","2021 Vital Statistics Data as of July, 2023","43.070026","-74.994246","False"
"low-birthweight","Percentage low birthweight (<2.5 kg) births","Jefferson","7.7","416","1791","Percentage","2019-2021","2021 Vital Statistics Data as of July, 2023","44.019295","-75.898971","False"
"low-birthweight","Percentage low birthweight (<2.5 kg) births","Kings","7.8","8176","34831","Percentage","2019-2021","2021 Vital Statistics Data as of July, 2023","40.65642","-73.950691","False"
"low-birthweight","Percentage low birthweight (<2.5 kg) births","Lewis","5.3","46","288","Percentage","2019-2021","2021 Vital Statistics Data as of July, 2023","43.785537","-75.446296","False"
"low-birthweight","Percentage low birthweight (<2.5 kg) births","Livingston","6.8","107","523","Percentage","2019-2021","2021 Vital Statistics Data as of July, 2023","42.763754","-77.765392","False"
"low-birthweight","Percentage low birthweight (<2.5 kg) births","Madison","6.9","116","558","Percentage","2019-2021","2021 Vital Statistics Data as of July, 2023","42.986917","-75.720031","False"
"low-birthweight","Percentage low birthweight (<2.5 kg) births","Monroe","9.3","2151","7716","Percentage","2019-2021","2021 Vital Statistics Data as of July, 2023","43.161748","-77.620143","False"
"low-birthweight","Percentage low birthweight (<2.5 kg) births","Montgomery","8.4","141","561","Percentage","2019-2021","2021 Vital Statistics Data as of July, 2023","42.933637","-74.341972","False"
"low-birthweight","Percentage low birthweight (<2.5 kg) births","Nassau","8.1","3355","13794","Percentage","2019-2021","2021 Vital Statistics Data as of July, 2023","40.715749","-73.601185","False"
"low-birthweight","Percentage low birthweight (<2.5 kg) births","New York","8","3532","14665","Percentage","2019-2021","2021 Vital Statistics Data as of July, 2023","40.726966","-74.005966","False"
"low-birthweight","Percentage low birthweight (<2.5 kg) births","New York State","8.2","52309","212066","Percentage","2019-2021","2021 Vital Statistics Data as of July, 2023",,,"False"
"low-birthweight","Percentage low birthweight (<2.5 kg) births","Niagara","8.4","504","2010","Percentage","2019-2021","2021 Vital Statistics Data as of July, 2023","43.134634","-78.856419","False"
"low-birthweight","Percentage low birthweight (<2.5 kg) births","Oneida","8.6","628","2437","Percentage","2019-2021","2021 Vital Statistics Data as of July, 2023","43.149482","-75.361773","False"
"low-birthweight","Percentage low birthweight (<2.5 kg) births","Onondaga","8.4","1236","4933","Percentage","2019-2021","2021 Vital Statistics Data as of July, 2023","43.065629","-76.168033","False"
"low-birthweight","Percentage low birthweight (<2.5 kg) births","Ontario","6.9","201","965","Percentage","2019-2021","2021 Vital Statistics Data as of July, 2023","42.894571","-77.252045","False"
"low-birthweight","Percentage low birthweight (<2.5 kg) births","Orange","7","1115","5290","Percentage","2019-2021","2021 Vital Statistics Data as of July, 2023","41.422459","-74.241929","False"
"low-birthweight","Percentage low birthweight (<2.5 kg) births","Orleans","6.7","81","403","Percentage","2019-2021","2021 Vital Statistics Data as of July, 2023","43.248394","-78.218438","False"
"low-birthweight","Percentage low birthweight (<2.5 kg) births","Oswego","7.2","251","1169","Percentage","2019-2021","2021 Vital Statistics Data as of July, 2023","43.39123","-76.31133","False"
"low-birthweight","Percentage low birthweight (<2.5 kg) births","Otsego","5.1","69","451","Percentage","2019-2021","2021 Vital Statistics Data as of July, 2023","42.564852","-75.060334","False"
"low-birthweight","Percentage low birthweight (<2.5 kg) births","Putnam","7","178","847","Percentage","2019-2021","2021 Vital Statistics Data as of July, 2023","41.41131","-73.717443","False"
"low-birthweight","Percentage low birthweight (<2.5 kg) births","Queens","9","6732","24951","Percentage","2019-2021","2021 Vital Statistics Data as of July, 2023","40.749338","-73.789673","False"
"low-birthweight","Percentage low birthweight (<2.5 kg) births","Rensselaer","8.8","412","1554","Percentage","2019-2021","2021 Vital Statistics Data as of July, 2023","42.70098","-73.628669","False"
"low-birthweight","Percentage low birthweight (<2.5 kg) births","Richmond","7.8","1170","5018","Percentage","2019-2021","2021 Vital Statistics Data as of July, 2023","40.566763","-74.148102","False"
"low-birthweight","Percentage low birthweight (<2.5 kg) births","Rockland","5.7","979","5762","Percentage","2019-2021","2021 Vital Statistics Data as of July, 2023","41.127287","-74.017033","False"
"low-birthweight","Percentage low birthweight (<2.5 kg) births","Saratoga","6.8","418","2045","Percentage","2019-2021","2021 Vital Statistics Data as of July, 2023","43.00894","-73.786779","False"
"low-birthweight","Percentage low birthweight (<2.5 kg) births","Schenectady","8.7","453","1739","Percentage","2019-2021","2021 Vital Statistics Data as of July, 2023","42.809233","-73.946838","False"
"low-birthweight","Percentage low birthweight (<2.5 kg) births","Schoharie","4.6","34","249","Percentage","2019-2021","2021 Vital Statistics Data as of July, 2023","42.643426","-74.434606","False"
"low-birthweight","Percentage low birthweight (<2.5 kg) births","Schuyler","5.2","26","166","Percentage","2019-2021","2021 Vital Statistics Data as of July, 2023","42.38593","-76.872032","False"
"low-birthweight","Percentage low birthweight (<2.5 kg) births","Seneca","6.1","65","353","Percentage","2019-2021","2021 Vital Statistics Data as of July, 2023","42.833627","-76.82753","False"
"low-birthweight","Percentage low birthweight (<2.5 kg) births","St. Lawrence","7.6","223","973","Percentage","2019-2021","2021 Vital Statistics Data as of July, 2023","44.689468","-75.242045","False"
"low-birthweight","Percentage low birthweight (<2.5 kg) births","Steuben","7.3","214","975","Percentage","2019-2021","2021 Vital Statistics Data as of July, 2023","42.270053","-77.324618","False"
"low-birthweight","Percentage low birthweight (<2.5 kg) births","Suffolk","8","3631","15188","Percentage","2019-2021","2021 Vital Statistics Data as of July, 2023","40.820237","-73.119032","False"
"low-birthweight","Percentage low birthweight (<2.5 kg) births","Sullivan","8.3","225","905","Percentage","2019-2021","2021 Vital Statistics Data as of July, 2023","41.705166","-74.711705","False"
"low-birthweight","Percentage low birthweight (<2.5 kg) births","Tioga","7.2","98","454","Percentage","2019-2021","2021 Vital Statistics Data as of July, 2023","42.120252","-76.29595","False"
"low-birthweight","Percentage low birthweight (<2.5 kg) births","Tompkins","4.5","93","687","Percentage","2019-2021","2021 Vital Statistics Data as of July, 2023","42.461024","-76.478784","False"
"low-birthweight","Percentage low birthweight (<2.5 kg) births","Ulster","7.9","359","1519","Percentage","2019-2021","2021 Vital Statistics Data as of July, 2023","41.848374","-74.099412","False"
"low-birthweight","Percentage low birthweight (<2.5 kg) births","Warren","6.4","100","517","Percentage","2019-2021","2021 Vital Statistics Data as of July, 2023","43.403024","-73.716044","False"
"low-birthweight","Percentage low birthweight (<2.5 kg) births","Washington","7.8","128","549","Percentage","2019-2021","2021 Vital Statistics Data as of July, 2023","43.289513","-73.454761","False"
"low-birthweight","Percentage low birthweight (<2.5 kg) births","Wayne","7.5","199","887","Percentage","2019-2021","2021 Vital Statistics Data as of July, 2023","43.144336","-77.117995","False"
"low-birthweight","Percentage low birthweight (<2.5 kg) births","Westchester","7.7","2273","9856","Percentage","2019-2021","2021 Vital Statistics Data as of July, 2023","41.039278","-73.805386","False"
"low-birthweight","Percentage low birthweight (<2.5 kg) births","Wyoming","7","74","355","Percentage","2019-2021","2021 Vital Statistics Data as of July, 2023","42.723641","-78.204473","False"
"low-birthweight","Percentage low birthweight (<2.5 kg) births","Yates","4.3","41","320","Percentage","2019-2021","2021 Vital Statistics Data as of July, 2023","42.634338","-77.078311","False"
"low-food-access","Percentage of population with low income and low access to supermarket or large grocery store","Albany","4.8","14540",,"Percentage","2015","USDA, Food Environment Atlas, data as of March 2018","42.678066","-73.814233","False"
"low-food-access","Percentage of population with low income and low access to supermarket or large grocery store","Allegany","3","1464",,"Percentage","2015","USDA, Food Environment Atlas, data as of March 2018","42.226801","-78.020567","False"
"low-food-access","Percentage of population with low income and low access to supermarket or large grocery store","Bronx","0","13",,"Percentage","2015","USDA, Food Environment Atlas, data as of March 2018","40.85589","-73.868294","False"
"low-food-access","Percentage of population with low income and low access to supermarket or large grocery store","Broome","3.2","6501",,"Percentage","2015","USDA, Food Environment Atlas, data as of March 2018","42.122015","-75.933191","False"
"low-food-access","Percentage of population with low income and low access to supermarket or large grocery store","Cattaraugus","2.6","2075",,"Percentage","2015","USDA, Food Environment Atlas, data as of March 2018","42.224267","-78.606673","False"
"low-food-access","Percentage of population with low income and low access to supermarket or large grocery store","Cayuga","1.7","1349",,"Percentage","2015","USDA, Food Environment Atlas, data as of March 2018","42.940095","-76.560755","False"
"low-food-access","Percentage of population with low income and low access to supermarket or large grocery store","Chautauqua","6.8","9107",,"Percentage","2015","USDA, Food Environment Atlas, data as of March 2018","42.246904","-79.315313","False"
"low-food-access","Percentage of population with low income and low access to supermarket or large grocery store","Chemung","5.8","5151",,"Percentage","2015","USDA, Food Environment Atlas, data as of March 2018","42.116644","-76.812331","False"
"low-food-access","Percentage of population with low income and low access to supermarket or large grocery store","Chenango","1.6","815",,"Percentage","2015","USDA, Food Environment Atlas, data as of March 2018","42.481798","-75.570013","False"
"low-food-access","Percentage of population with low income and low access to supermarket or large grocery store","Clinton","9.9","8154",,"Percentage","2015","USDA, Food Environment Atlas, data as of March 2018","44.731944","-73.548883","False"
"low-food-access","Percentage of population with low income and low access to supermarket or large grocery store","Columbia","5.1","3189",,"Percentage","2015","USDA, Food Environment Atlas, data as of March 2018","42.276913","-73.682168","False"
"low-food-access","Percentage of population with low income and low access to supermarket or large grocery store","Cortland","3.4","1686",,"Percentage","2015","USDA, Food Environment Atlas, data as of March 2018","42.597101","-76.143291","False"
"low-food-access","Percentage of population with low income and low access to supermarket or large grocery store","Delaware","0.8","379",,"Percentage","2015","USDA, Food Environment Atlas, data as of March 2018","42.242972","-74.997944","False"
"low-food-access","Percentage of population with low income and low access to supermarket or large grocery store","Dutchess","5.6","16666",,"Percentage","2015","USDA, Food Environment Atlas, data as of March 2018","41.686216","-73.840468","False"
"low-food-access","Percentage of population with low income and low access to supermarket or large grocery store","Erie","5.6","51234",,"Percentage","2015","USDA, Food Environment Atlas, data as of March 2018","42.888143","-78.795544","False"
"low-food-access","Percentage of population with low income and low access to supermarket or large grocery store","Essex","2.1","824",,"Percentage","2015","USDA, Food Environment Atlas, data as of March 2018","44.166026","-73.685145","False"
"low-food-access","Percentage of population with low income and low access to supermarket or large grocery store","Franklin","9.1","4672",,"Percentage","2015","USDA, Food Environment Atlas, data as of March 2018","44.705699","-74.340621","False"
"low-food-access","Percentage of population with low income and low access to supermarket or large grocery store","Fulton","3.5","1941",,"Percentage","2015","USDA, Food Environment Atlas, data as of March 2018","43.06014","-74.331296","False"
"low-food-access","Percentage of population with low income and low access to supermarket or large grocery store","Genesee","1.2","734",,"Percentage","2015","USDA, Food Environment Atlas, data as of March 2018","43.000121","-78.172679","False"
"low-food-access","Percentage of population with low income and low access to supermarket or large grocery store","Greene","6","2966",,"Percentage","2015","USDA, Food Environment Atlas, data as of March 2018","42.298326","-73.973376","False"
"low-food-access","Percentage of population with low income and low access to supermarket or large grocery store","Hamilton","12.1","585",,"Percentage","2015","USDA, Food Environment Atlas, data as of March 2018","43.618468","-74.395268","False"
"low-food-access","Percentage of population with low income and low access to supermarket or large grocery store","Herkimer","6.6","4239",,"Percentage","2015","USDA, Food Environment Atlas, data as of March 2018","43.070026","-74.994246","False"
"low-food-access","Percentage of population with low income and low access to supermarket or large grocery store","Jefferson","6.4","7385",,"Percentage","2015","USDA, Food Environment Atlas, data as of March 2018","44.019295","-75.898971","False"
"low-food-access","Percentage of population with low income and low access to supermarket or large grocery store","Kings","0","132",,"Percentage","2015","USDA, Food Environment Atlas, data as of March 2018","40.65642","-73.950691","False"
"low-food-access","Percentage of population with low income and low access to supermarket or large grocery store","Lewis","6.3","1707",,"Percentage","2015","USDA, Food Environment Atlas, data as of March 2018","43.785537","-75.446296","False"
"low-food-access","Percentage of population with low income and low access to supermarket or large grocery store","Livingston","5.2","3429",,"Percentage","2015","USDA, Food Environment Atlas, data as of March 2018","42.763754","-77.765392","False"
"low-food-access","Percentage of population with low income and low access to supermarket or large grocery store","Madison","1.3","963",,"Percentage","2015","USDA, Food Environment Atlas, data as of March 2018","42.986917","-75.720031","False"
"low-food-access","Percentage of population with low income and low access to supermarket or large grocery store","Monroe","5.8","43048",,"Percentage","2015","USDA, Food Environment Atlas, data as of March 2018","43.161748","-77.620143","False"
"low-food-access","Percentage of population with low income and low access to supermarket or large grocery store","Montgomery","7.9","3962",,"Percentage","2015","USDA, Food Environment Atlas, data as of March 2018","42.933637","-74.341972","False"
"low-food-access","Percentage of population with low income and low access to supermarket or large grocery store","Nassau","0.5","6273",,"Percentage","2015","USDA, Food Environment Atlas, data as of March 2018","40.715749","-73.601185","False"
"low-food-access","Percentage of population with low income and low access to supermarket or large grocery store","New York","0","0",,"Percentage","2015","USDA, Food Environment Atlas, data as of March 2018","40.726966","-74.005966","False"
"low-food-access","Percentage of population with low income and low access to supermarket or large grocery store","Niagara","4.2","9174",,"Percentage","2015","USDA, Food Environment Atlas, data as of March 2018","43.134634","-78.856419","False"
"low-food-access","Percentage of population with low income and low access to supermarket or large grocery store","Oneida","4.2","9851",,"Percentage","2015","USDA, Food Environment Atlas, data as of March 2018","43.149482","-75.361773","False"
"low-food-access","Percentage of population with low income and low access to supermarket or large grocery store","Onondaga","3.8","17526",,"Percentage","2015","USDA, Food Environment Atlas, data as of March 2018","43.065629","-76.168033","False"
"low-food-access","Percentage of population with low income and low access to supermarket or large grocery store","Ontario","5.3","5713",,"Percentage","2015","USDA, Food Environment Atlas, data as of March 2018","42.894571","-77.252045","False"
"low-food-access","Percentage of population with low income and low access to supermarket or large grocery store","Orange","5","18463",,"Percentage","2015","USDA, Food Environment Atlas, data as of March 2018","41.422459","-74.241929","False"
"low-food-access","Percentage of population with low income and low access to supermarket or large grocery store","Orleans","5.6","2383",,"Percentage","2015","USDA, Food Environment Atlas, data as of March 2018","43.248394","-78.218438","False"
"low-food-access","Percentage of population with low income and low access to supermarket or large grocery store","Oswego","3.5","4305",,"Percentage","2015","USDA, Food Environment Atlas, data as of March 2018","43.39123","-76.31133","False"
"low-food-access","Percentage of population with low income and low access to supermarket or large grocery store","Otsego","9.1","5676",,"Percentage","2015","USDA, Food Environment Atlas, data as of March 2018","42.564852","-75.060334","False"
"low-food-access","Percentage of population with low income and low access to supermarket or large grocery store","Putnam","5.6","5548",,"Percentage","2015","USDA, Food Environment Atlas, data as of March 2018","41.41131","-73.717443","False"
"low-food-access","Percentage of population with low income and low access to supermarket or large grocery store","Queens","0","715",,"Percentage","2015","USDA, Food Environment Atlas, data as of March 2018","40.749338","-73.789673","False"
"low-food-access","Percentage of population with low income and low access to supermarket or large grocery store","Rensselaer","4.3","6826",,"Percentage","2015","USDA, Food Environment Atlas, data as of March 2018","42.70098","-73.628669","False"
"low-food-access","Percentage of population with low income and low access to supermarket or large grocery store","Richmond","0.2","807",,"Percentage","2015","USDA, Food Environment Atlas, data as of March 2018","40.566763","-74.148102","False"
"low-food-access","Percentage of population with low income and low access to supermarket or large grocery store","Rockland","3.3","10403",,"Percentage","2015","USDA, Food Environment Atlas, data as of March 2018","41.127287","-74.017033","False"
"low-food-access","Percentage of population with low income and low access to supermarket or large grocery store","Saratoga","4","8750",,"Percentage","2015","USDA, Food Environment Atlas, data as of March 2018","43.00894","-73.786779","False"
"low-food-access","Percentage of population with low income and low access to supermarket or large grocery store","Schenectady","5.7","8858",,"Percentage","2015","USDA, Food Environment Atlas, data as of March 2018","42.809233","-73.946838","False"
"low-food-access","Percentage of population with low income and low access to supermarket or large grocery store","Schoharie","6.9","2271",,"Percentage","2015","USDA, Food Environment Atlas, data as of March 2018","42.643426","-74.434606","False"
"low-food-access","Percentage of population with low income and low access to supermarket or large grocery store","Schuyler","3","557",,"Percentage","2015","USDA, Food Environment Atlas, data as of March 2018","42.38593","-76.872032","False"
"low-food-access","Percentage of population with low income and low access to supermarket or large grocery store","Seneca","6","2107",,"Percentage","2015","USDA, Food Environment Atlas, data as of March 2018","42.833627","-76.82753","False"
"low-food-access","Percentage of population with low income and low access to supermarket or large grocery store","St. Lawrence","6.8","7598",,"Percentage","2015","USDA, Food Environment Atlas, data as of March 2018","44.689468","-75.242045","False"
"low-food-access","Percentage of population with low income and low access to supermarket or large grocery store","Steuben","3","2933",,"Percentage","2015","USDA, Food Environment Atlas, data as of March 2018","42.270053","-77.324618","False"
"low-food-access","Percentage of population with low income and low access to supermarket or large grocery store","Suffolk","3.9","58309",,"Percentage","2015","USDA, Food Environment Atlas, data as of March 2018","40.820237","-73.119032","False"
"low-food-access","Percentage of population with low income and low access to supermarket or large grocery store","Sullivan","4.7","3621",,"Percentage","2015","USDA, Food Environment Atlas, data as of March 2018","41.705166","-74.711705","False"
"low-food-access","Percentage of population with low income and low access to supermarket or large grocery store","Tioga","2.7","1402",,"Percentage","2015","USDA, Food Environment Atlas, data as of March 2018","42.120252","-76.29595","False"
"low-food-access","Percentage of population with low income and low access to supermarket or large grocery store","Tompkins","5.4","5445",,"Percentage","2015","USDA, Food Environment Atlas, data as of March 2018","42.461024","-76.478784","False"
"low-food-access","Percentage of population with low income and low access to supermarket or large grocery store","Ulster","8.1","14819",,"Percentage","2015","USDA, Food Environment Atlas, data as of March 2018","41.848374","-74.099412","False"
"low-food-access","Percentage of population with low income and low access to supermarket or large grocery store","Warren","3.9","2543",,"Percentage","2015","USDA, Food Environment Atlas, data as of March 2018","43.403024","-73.716044","False"
"low-food-access","Percentage of population with low income and low access to supermarket or large grocery store","Washington","4.3","2710",,"Percentage","2015","USDA, Food Environment Atlas, data as of March 2018","43.289513","-73.454761","False"
"low-food-access","Percentage of population with low income and low access to supermarket or large grocery store","Wayne","3.5","3272",,"Percentage","2015","USDA, Food Environment Atlas, data as of March 2018","43.144336","-77.117995","False"
"low-food-access","Percentage of population with low income and low access to supermarket or large grocery store","Westchester","1.4","13090",,"Percentage","2015","USDA, Food Environment Atlas, data as of March 2018","41.039278","-73.805386","False"
"low-food-access","Percentage of population with low income and low access to supermarket or large grocery store","Wyoming","6.1","2557",,"Percentage","2015","USDA, Food Environment Atlas, data as of March 2018","42.723641","-78.204473","False"
"low-food-access","Percentage of population with low income and low access to supermarket or large grocery store","Yates","0.5","127",,"Percentage","2015","USDA, Food Environment Atlas, data as of March 2018","42.634338","-77.078311","False"
"lung-cancer-incidence","Age-adjusted lung and bronchus cancer incidence rate per 100,000","Albany","67.6","822","305032","Rate","2018-2020","Cancer Registry Data as of October 2022","42.678066","-73.814233","False"
"lung-cancer-incidence","Age-adjusted lung and bronchus cancer incidence rate per 100,000","Allegany","58.5","118","45929","Rate","2018-2020","Cancer Registry Data as of October 2022","42.226801","-78.020567","False"
"lung-cancer-incidence","Age-adjusted lung and bronchus cancer incidence rate per 100,000","Bronx","40.9","1873","1417215","Rate","2018-2020","Cancer Registry Data as of October 2022","40.85589","-73.868294","False"
"lung-cancer-incidence","Age-adjusted lung and bronchus cancer incidence rate per 100,000","Broome","57.7","491","190793","Rate","2018-2020","Cancer Registry Data as of October 2022","42.122015","-75.933191","False"
"lung-cancer-incidence","Age-adjusted lung and bronchus cancer incidence rate per 100,000","Cattaraugus","68.6","242","76280","Rate","2018-2020","Cancer Registry Data as of October 2022","42.224267","-78.606673","False"
"lung-cancer-incidence","Age-adjusted lung and bronchus cancer incidence rate per 100,000","Cayuga","77","275","76533","Rate","2018-2020","Cancer Registry Data as of October 2022","42.940095","-76.560755","False"
"lung-cancer-incidence","Age-adjusted lung and bronchus cancer incidence rate per 100,000","Chautauqua","68.1","394","126728","Rate","2018-2020","Cancer Registry Data as of October 2022","42.246904","-79.315313","False"
"lung-cancer-incidence","Age-adjusted lung and bronchus cancer incidence rate per 100,000","Chemung","73.4","274","83353","Rate","2018-2020","Cancer Registry Data as of October 2022","42.116644","-76.812331","False"
"lung-cancer-incidence","Age-adjusted lung and bronchus cancer incidence rate per 100,000","Chenango","60.1","136","47155","Rate","2018-2020","Cancer Registry Data as of October 2022","42.481798","-75.570013","False"
"lung-cancer-incidence","Age-adjusted lung and bronchus cancer incidence rate per 100,000","Clinton","95.5","322","80161","Rate","2018-2020","Cancer Registry Data as of October 2022","44.731944","-73.548883","False"
"lung-cancer-incidence","Age-adjusted lung and bronchus cancer incidence rate per 100,000","Columbia","68.4","214","59656","Rate","2018-2020","Cancer Registry Data as of October 2022","42.276913","-73.682168","False"
"lung-cancer-incidence","Age-adjusted lung and bronchus cancer incidence rate per 100,000","Cortland","71.9","132","47435","Rate","2018-2020","Cancer Registry Data as of October 2022","42.597101","-76.143291","False"
"lung-cancer-incidence","Age-adjusted lung and bronchus cancer incidence rate per 100,000","Delaware","60.9","150","44306","Rate","2018-2020","Cancer Registry Data as of October 2022","42.242972","-74.997944","False"
"lung-cancer-incidence","Age-adjusted lung and bronchus cancer incidence rate per 100,000","Dutchess","58","724","293680","Rate","2018-2020","Cancer Registry Data as of October 2022","41.686216","-73.840468","False"
"lung-cancer-incidence","Age-adjusted lung and bronchus cancer incidence rate per 100,000","Erie","65.4","2562","918665","Rate","2018-2020","Cancer Registry Data as of October 2022","42.888143","-78.795544","False"
"lung-cancer-incidence","Age-adjusted lung and bronchus cancer incidence rate per 100,000","Essex","60.8","121","37062","Rate","2018-2020","Cancer Registry Data as of October 2022","44.166026","-73.685145","False"
"lung-cancer-incidence","Age-adjusted lung and bronchus cancer incidence rate per 100,000","Franklin","76.5","158","50131","Rate","2018-2020","Cancer Registry Data as of October 2022","44.705699","-74.340621","False"
"lung-cancer-incidence","Age-adjusted lung and bronchus cancer incidence rate per 100,000","Fulton","75.5","184","53267","Rate","2018-2020","Cancer Registry Data as of October 2022","43.06014","-74.331296","False"
"lung-cancer-incidence","Age-adjusted lung and bronchus cancer incidence rate per 100,000","Genesee","67.8","177","57306","Rate","2018-2020","Cancer Registry Data as of October 2022","43.000121","-78.172679","False"
"lung-cancer-incidence","Age-adjusted lung and bronchus cancer incidence rate per 100,000","Greene","75.9","187","47263","Rate","2018-2020","Cancer Registry Data as of October 2022","42.298326","-73.973376","False"
"lung-cancer-incidence","Age-adjusted lung and bronchus cancer incidence rate per 100,000","Hamilton",,,"4412","Rate","2018-2020","Cancer Registry Data as of October 2022","43.618468","-74.395268","True"
"lung-cancer-incidence","Age-adjusted lung and bronchus cancer incidence rate per 100,000","Herkimer","64","184","61354","Rate","2018-2020","Cancer Registry Data as of October 2022","43.070026","-74.994246","False"
"lung-cancer-incidence","Age-adjusted lung and bronchus cancer incidence rate per 100,000","Jefferson","82.9","299","110168","Rate","2018-2020","Cancer Registry Data as of October 2022","44.019295","-75.898971","False"
"lung-cancer-incidence","Age-adjusted lung and bronchus cancer incidence rate per 100,000","Kings","40.4","3493","2560450","Rate","2018-2020","Cancer Registry Data as of October 2022","40.65642","-73.950691","False"
"lung-cancer-incidence","Age-adjusted lung and bronchus cancer incidence rate per 100,000","Lewis","59.1","69","26340","Rate","2018-2020","Cancer Registry Data as of October 2022","43.785537","-75.446296","False"
"lung-cancer-incidence","Age-adjusted lung and bronchus cancer incidence rate per 100,000","Livingston","69.3","188","62857","Rate","2018-2020","Cancer Registry Data as of October 2022","42.763754","-77.765392","False"
"lung-cancer-incidence","Age-adjusted lung and bronchus cancer incidence rate per 100,000","Madison","57.3","184","70844","Rate","2018-2020","Cancer Registry Data as of October 2022","42.986917","-75.720031","False"
"lung-cancer-incidence","Age-adjusted lung and bronchus cancer incidence rate per 100,000","Monroe","59.7","1834","742581","Rate","2018-2020","Cancer Registry Data as of October 2022","43.161748","-77.620143","False"
"lung-cancer-incidence","Age-adjusted lung and bronchus cancer incidence rate per 100,000","Montgomery","85.1","182","49342","Rate","2018-2020","Cancer Registry Data as of October 2022","42.933637","-74.341972","False"
"lung-cancer-incidence","Age-adjusted lung and bronchus cancer incidence rate per 100,000","Nassau","49.4","2819","1354943","Rate","2018-2020","Cancer Registry Data as of October 2022","40.715749","-73.601185","False"
"lung-cancer-incidence","Age-adjusted lung and bronchus cancer incidence rate per 100,000","New York","40.5","2551","1625569","Rate","2018-2020","Cancer Registry Data as of October 2022","40.726966","-74.005966","False"
"lung-cancer-incidence","Age-adjusted lung and bronchus cancer incidence rate per 100,000","New York State","53.4","41100","19448002","Rate","2018-2020","Cancer Registry Data as of October 2022",,,"False"
"lung-cancer-incidence","Age-adjusted lung and bronchus cancer incidence rate per 100,000","Niagara","69.7","671","209420","Rate","2018-2020","Cancer Registry Data as of October 2022","43.134634","-78.856419","False"
"lung-cancer-incidence","Age-adjusted lung and bronchus cancer incidence rate per 100,000","Oneida","68.5","675","228339","Rate","2018-2020","Cancer Registry Data as of October 2022","43.149482","-75.361773","False"
"lung-cancer-incidence","Age-adjusted lung and bronchus cancer incidence rate per 100,000","Onondaga","71.1","1331","460658","Rate","2018-2020","Cancer Registry Data as of October 2022","43.065629","-76.168033","False"
"lung-cancer-incidence","Age-adjusted lung and bronchus cancer incidence rate per 100,000","Ontario","57.5","301","110012","Rate","2018-2020","Cancer Registry Data as of October 2022","42.894571","-77.252045","False"
"lung-cancer-incidence","Age-adjusted lung and bronchus cancer incidence rate per 100,000","Orange","61.8","818","384198","Rate","2018-2020","Cancer Registry Data as of October 2022","41.422459","-74.241929","False"
"lung-cancer-incidence","Age-adjusted lung and bronchus cancer incidence rate per 100,000","Orleans","104.1","179","40346","Rate","2018-2020","Cancer Registry Data as of October 2022","43.248394","-78.218438","False"
"lung-cancer-incidence","Age-adjusted lung and bronchus cancer incidence rate per 100,000","Oswego","94.7","446","116933","Rate","2018-2020","Cancer Registry Data as of October 2022","43.39123","-76.31133","False"
"lung-cancer-incidence","Age-adjusted lung and bronchus cancer incidence rate per 100,000","Otsego","64.7","181","59292","Rate","2018-2020","Cancer Registry Data as of October 2022","42.564852","-75.060334","False"
"lung-cancer-incidence","Age-adjusted lung and bronchus cancer incidence rate per 100,000","Putnam","56.6","239","98638","Rate","2018-2020","Cancer Registry Data as of October 2022","41.41131","-73.717443","False"
"lung-cancer-incidence","Age-adjusted lung and bronchus cancer incidence rate per 100,000","Queens","40.8","3536","2251683","Rate","2018-2020","Cancer Registry Data as of October 2022","40.749338","-73.789673","False"
"lung-cancer-incidence","Age-adjusted lung and bronchus cancer incidence rate per 100,000","Rensselaer","78.2","514","158847","Rate","2018-2020","Cancer Registry Data as of October 2022","42.70098","-73.628669","False"
"lung-cancer-incidence","Age-adjusted lung and bronchus cancer incidence rate per 100,000","Richmond","61.5","1149","476000","Rate","2018-2020","Cancer Registry Data as of October 2022","40.566763","-74.148102","False"
"lung-cancer-incidence","Age-adjusted lung and bronchus cancer incidence rate per 100,000","Rockland","47.2","563","326078","Rate","2018-2020","Cancer Registry Data as of October 2022","41.127287","-74.017033","False"
"lung-cancer-incidence","Age-adjusted lung and bronchus cancer incidence rate per 100,000","Saratoga","64.1","642","230020","Rate","2018-2020","Cancer Registry Data as of October 2022","43.00894","-73.786779","False"
"lung-cancer-incidence","Age-adjusted lung and bronchus cancer incidence rate per 100,000","Schenectady","66.8","426","155413","Rate","2018-2020","Cancer Registry Data as of October 2022","42.809233","-73.946838","False"
"lung-cancer-incidence","Age-adjusted lung and bronchus cancer incidence rate per 100,000","Schoharie","65.8","102","31122","Rate","2018-2020","Cancer Registry Data as of October 2022","42.643426","-74.434606","False"
"lung-cancer-incidence","Age-adjusted lung and bronchus cancer incidence rate per 100,000","Schuyler","78.4","69","17780","Rate","2018-2020","Cancer Registry Data as of October 2022","42.38593","-76.872032","False"
"lung-cancer-incidence","Age-adjusted lung and bronchus cancer incidence rate per 100,000","Seneca","68.3","102","34152","Rate","2018-2020","Cancer Registry Data as of October 2022","42.833627","-76.82753","False"
"lung-cancer-incidence","Age-adjusted lung and bronchus cancer incidence rate per 100,000","St. Lawrence","70.8","317","107828","Rate","2018-2020","Cancer Registry Data as of October 2022","44.689468","-75.242045","False"
"lung-cancer-incidence","Age-adjusted lung and bronchus cancer incidence rate per 100,000","Steuben","60","264","95287","Rate","2018-2020","Cancer Registry Data as of October 2022","42.270053","-77.324618","False"
"lung-cancer-incidence","Age-adjusted lung and bronchus cancer incidence rate per 100,000","Suffolk","58.6","3561","1478291","Rate","2018-2020","Cancer Registry Data as of October 2022","40.820237","-73.119032","False"
"lung-cancer-incidence","Age-adjusted lung and bronchus cancer incidence rate per 100,000","Sullivan","60","201","75578","Rate","2018-2020","Cancer Registry Data as of October 2022","41.705166","-74.711705","False"
"lung-cancer-incidence","Age-adjusted lung and bronchus cancer incidence rate per 100,000","Tioga","54.7","129","48213","Rate","2018-2020","Cancer Registry Data as of October 2022","42.120252","-76.29595","False"
"lung-cancer-incidence","Age-adjusted lung and bronchus cancer incidence rate per 100,000","Tompkins","51.9","182","101804","Rate","2018-2020","Cancer Registry Data as of October 2022","42.461024","-76.478784","False"
"lung-cancer-incidence","Age-adjusted lung and bronchus cancer incidence rate per 100,000","Ulster","57.4","482","178053","Rate","2018-2020","Cancer Registry Data as of October 2022","41.848374","-74.099412","False"
"lung-cancer-incidence","Age-adjusted lung and bronchus cancer incidence rate per 100,000","Warren","64.9","216","64002","Rate","2018-2020","Cancer Registry Data as of October 2022","43.403024","-73.716044","False"
"lung-cancer-incidence","Age-adjusted lung and bronchus cancer incidence rate per 100,000","Washington","75.9","214","61036","Rate","2018-2020","Cancer Registry Data as of October 2022","43.289513","-73.454761","False"
"lung-cancer-incidence","Age-adjusted lung and bronchus cancer incidence rate per 100,000","Wayne","70","289","89755","Rate","2018-2020","Cancer Registry Data as of October 2022","43.144336","-77.117995","False"
"lung-cancer-incidence","Age-adjusted lung and bronchus cancer incidence rate per 100,000","Westchester","43.3","1726","967732","Rate","2018-2020","Cancer Registry Data as of October 2022","41.039278","-73.805386","False"
"lung-cancer-incidence","Age-adjusted lung and bronchus cancer incidence rate per 100,000","Wyoming","66.7","116","39797","Rate","2018-2020","Cancer Registry Data as of October 2022","42.723641","-78.204473","False"
"lung-cancer-incidence","Age-adjusted lung and bronchus cancer incidence rate per 100,000","Yates","62.2","75","24880","Rate","2018-2020","Cancer Registry Data as of October 2022","42.634338","-77.078311","False"
"median-household-income","Annual median household income in US dollars","Albany","74512",,,"Median household inc","2021","U.S. Census Bureau, data as of December 2021","42.678066","-73.814233","False"
"median-household-income","Annual median household income in US dollars","Allegany","55320",,,"Median household inc","2021","U.S. Census Bureau, data as of December 2021","42.226801","-78.020567","False"
"median-household-income","Annual median household income in US dollars","Bronx","43143",,,"Median household inc","2021","U.S. Census Bureau, data as of December 2021","40.85589","-73.868294","False"
"median-household-income","Annual median household income in US dollars","Broome","55729",,,"Median household inc","2021","U.S. Census Bureau, data as of December 2021","42.122015","-75.933191","False"
"median-household-income","Annual median household income in US dollars","Cattaraugus","54602",,,"Median household inc","2021","U.S. Census Bureau, data as of December 2021","42.224267","-78.606673","False"
"median-household-income","Annual median household income in US dollars","Cayuga","62839",,,"Median household inc","2021","U.S. Census Bureau, data as of December 2021","42.940095","-76.560755","False"
"median-household-income","Annual median household income in US dollars","Chautauqua","48102",,,"Median household inc","2021","U.S. Census Bureau, data as of December 2021","42.246904","-79.315313","False"
"median-household-income","Annual median household income in US dollars","Chemung","59155",,,"Median household inc","2021","U.S. Census Bureau, data as of December 2021","42.116644","-76.812331","False"
"median-household-income","Annual median household income in US dollars","Chenango","58177",,,"Median household inc","2021","U.S. Census Bureau, data as of December 2021","42.481798","-75.570013","False"
"median-household-income","Annual median household income in US dollars","Clinton","60094",,,"Median household inc","2021","U.S. Census Bureau, data as of December 2021","44.731944","-73.548883","False"
"median-household-income","Annual median household income in US dollars","Columbia","69403",,,"Median household inc","2021","U.S. Census Bureau, data as of December 2021","42.276913","-73.682168","False"
"median-household-income","Annual median household income in US dollars","Cortland","62292",,,"Median household inc","2021","U.S. Census Bureau, data as of December 2021","42.597101","-76.143291","False"
"median-household-income","Annual median household income in US dollars","Delaware","53385",,,"Median household inc","2021","U.S. Census Bureau, data as of December 2021","42.242972","-74.997944","False"
"median-household-income","Annual median household income in US dollars","Dutchess","87370",,,"Median household inc","2021","U.S. Census Bureau, data as of December 2021","41.686216","-73.840468","False"
"median-household-income","Annual median household income in US dollars","Erie","63014",,,"Median household inc","2021","U.S. Census Bureau, data as of December 2021","42.888143","-78.795544","False"
"median-household-income","Annual median household income in US dollars","Essex","62884",,,"Median household inc","2021","U.S. Census Bureau, data as of December 2021","44.166026","-73.685145","False"
"median-household-income","Annual median household income in US dollars","Franklin","54960",,,"Median household inc","2021","U.S. Census Bureau, data as of December 2021","44.705699","-74.340621","False"
"median-household-income","Annual median household income in US dollars","Fulton","56169",,,"Median household inc","2021","U.S. Census Bureau, data as of December 2021","43.06014","-74.331296","False"
"median-household-income","Annual median household income in US dollars","Genesee","62785",,,"Median household inc","2021","U.S. Census Bureau, data as of December 2021","43.000121","-78.172679","False"
"median-household-income","Annual median household income in US dollars","Greene","61375",,,"Median household inc","2021","U.S. Census Bureau, data as of December 2021","42.298326","-73.973376","False"
"median-household-income","Annual median household income in US dollars","Hamilton","57427",,,"Median household inc","2021","U.S. Census Bureau, data as of December 2021","43.618468","-74.395268","False"
"median-household-income","Annual median household income in US dollars","Herkimer","59366",,,"Median household inc","2021","U.S. Census Bureau, data as of December 2021","43.070026","-74.994246","False"
"median-household-income","Annual median household income in US dollars","Jefferson","59430",,,"Median household inc","2021","U.S. Census Bureau, data as of December 2021","44.019295","-75.898971","False"
"median-household-income","Annual median household income in US dollars","Kings","66943",,,"Median household inc","2021","U.S. Census Bureau, data as of December 2021","40.65642","-73.950691","False"
"median-household-income","Annual median household income in US dollars","Lewis","59978",,,"Median household inc","2021","U.S. Census Bureau, data as of December 2021","43.785537","-75.446296","False"
"median-household-income","Annual median household income in US dollars","Livingston","65221",,,"Median household inc","2021","U.S. Census Bureau, data as of December 2021","42.763754","-77.765392","False"
"median-household-income","Annual median household income in US dollars","Madison","66419",,,"Median household inc","2021","U.S. Census Bureau, data as of December 2021","42.986917","-75.720031","False"
"median-household-income","Annual median household income in US dollars","Monroe","66003",,,"Median household inc","2021","U.S. Census Bureau, data as of December 2021","43.161748","-77.620143","False"
"median-household-income","Annual median household income in US dollars","Montgomery","55523",,,"Median household inc","2021","U.S. Census Bureau, data as of December 2021","42.933637","-74.341972","False"
"median-household-income","Annual median household income in US dollars","Nassau","125118",,,"Median household inc","2021","U.S. Census Bureau, data as of December 2021","40.715749","-73.601185","False"
"median-household-income","Annual median household income in US dollars","New York","84371",,,"Median household inc","2021","U.S. Census Bureau, data as of December 2021","40.726966","-74.005966","False"
"median-household-income","Annual median household income in US dollars","New York State","74230",,,"Median household inc","2021","U.S. Census Bureau, data as of December 2021",,,"False"
"median-household-income","Annual median household income in US dollars","Niagara","61068",,,"Median household inc","2021","U.S. Census Bureau, data as of December 2021","43.134634","-78.856419","False"
"median-household-income","Annual median household income in US dollars","Oneida","59804",,,"Median household inc","2021","U.S. Census Bureau, data as of December 2021","43.149482","-75.361773","False"
"median-household-income","Annual median household income in US dollars","Onondaga","65548",,,"Median household inc","2021","U.S. Census Bureau, data as of December 2021","43.065629","-76.168033","False"
"median-household-income","Annual median household income in US dollars","Ontario","76137",,,"Median household inc","2021","U.S. Census Bureau, data as of December 2021","42.894571","-77.252045","False"
"median-household-income","Annual median household income in US dollars","Orange","88494",,,"Median household inc","2021","U.S. Census Bureau, data as of December 2021","41.422459","-74.241929","False"
"median-household-income","Annual median household income in US dollars","Orleans","56140",,,"Median household inc","2021","U.S. Census Bureau, data as of December 2021","43.248394","-78.218438","False"
"median-household-income","Annual median household income in US dollars","Oswego","59394",,,"Median household inc","2021","U.S. Census Bureau, data as of December 2021","43.39123","-76.31133","False"
"median-household-income","Annual median household income in US dollars","Otsego","61664",,,"Median household inc","2021","U.S. Census Bureau, data as of December 2021","42.564852","-75.060334","False"
"median-household-income","Annual median household income in US dollars","Putnam","107014",,,"Median household inc","2021","U.S. Census Bureau, data as of December 2021","41.41131","-73.717443","False"
"median-household-income","Annual median household income in US dollars","Queens","72807",,,"Median household inc","2021","U.S. Census Bureau, data as of December 2021","40.749338","-73.789673","False"
"median-household-income","Annual median household income in US dollars","Rensselaer","74106",,,"Median household inc","2021","U.S. Census Bureau, data as of December 2021","42.70098","-73.628669","False"
"median-household-income","Annual median household income in US dollars","Richmond","84744",,,"Median household inc","2021","U.S. Census Bureau, data as of December 2021","40.566763","-74.148102","False"
"median-household-income","Annual median household income in US dollars","Rockland","98054",,,"Median household inc","2021","U.S. Census Bureau, data as of December 2021","41.127287","-74.017033","False"
"median-household-income","Annual median household income in US dollars","Saratoga","87154",,,"Median household inc","2021","U.S. Census Bureau, data as of December 2021","43.00894","-73.786779","False"
"median-household-income","Annual median household income in US dollars","Schenectady","72357",,,"Median household inc","2021","U.S. Census Bureau, data as of December 2021","42.809233","-73.946838","False"
"median-household-income","Annual median household income in US dollars","Schoharie","67080",,,"Median household inc","2021","U.S. Census Bureau, data as of December 2021","42.643426","-74.434606","False"
"median-household-income","Annual median household income in US dollars","Schuyler","57706",,,"Median household inc","2021","U.S. Census Bureau, data as of December 2021","42.38593","-76.872032","False"
"median-household-income","Annual median household income in US dollars","Seneca","60985",,,"Median household inc","2021","U.S. Census Bureau, data as of December 2021","42.833627","-76.82753","False"
"median-household-income","Annual median household income in US dollars","St. Lawrence","55531",,,"Median household inc","2021","U.S. Census Bureau, data as of December 2021","44.689468","-75.242045","False"
"median-household-income","Annual median household income in US dollars","Steuben","57584",,,"Median household inc","2021","U.S. Census Bureau, data as of December 2021","42.270053","-77.324618","False"
"median-household-income","Annual median household income in US dollars","Suffolk","112681",,,"Median household inc","2021","U.S. Census Bureau, data as of December 2021","40.820237","-73.119032","False"
"median-household-income","Annual median household income in US dollars","Sullivan","57017",,,"Median household inc","2021","U.S. Census Bureau, data as of December 2021","41.705166","-74.711705","False"
"median-household-income","Annual median household income in US dollars","Tioga","64052",,,"Median household inc","2021","U.S. Census Bureau, data as of December 2021","42.120252","-76.29595","False"
"median-household-income","Annual median household income in US dollars","Tompkins","65402",,,"Median household inc","2021","U.S. Census Bureau, data as of December 2021","42.461024","-76.478784","False"
"median-household-income","Annual median household income in US dollars","Ulster","77427",,,"Median household inc","2021","U.S. Census Bureau, data as of December 2021","41.848374","-74.099412","False"
"median-household-income","Annual median household income in US dollars","Warren","69314",,,"Median household inc","2021","U.S. Census Bureau, data as of December 2021","43.403024","-73.716044","False"
"median-household-income","Annual median household income in US dollars","Washington","61633",,,"Median household inc","2021","U.S. Census Bureau, data as of December 2021","43.289513","-73.454761","False"
"median-household-income","Annual median household income in US dollars","Wayne","65299",,,"Median household inc","2021","U.S. Census Bureau, data as of December 2021","43.144336","-77.117995","False"
"median-household-income","Annual median household income in US dollars","Westchester","109131",,,"Median household inc","2021","U.S. Census Bureau, data as of December 2021","41.039278","-73.805386","False"
"median-household-income","Annual median household income in US dollars","Wyoming","66261",,,"Median household inc","2021","U.S. Census Bureau, data as of December 2021","42.723641","-78.204473","False"
"median-household-income","Annual median household income in US dollars","Yates","63619",,,"Median household inc","2021","U.S. Census Bureau, data as of December 2021","42.634338","-77.078311","False"
"mental-health-providers","Number of mental health providers per 100,000 population","Albany","412","1294","313743","Value","2022","County Health Rankings, data as of August 2022","42.678066","-73.814233","False"
"mental-health-providers","Number of mental health providers per 100,000 population","Allegany","252","116","46106","Value","2022","County Health Rankings, data as of August 2022","42.226801","-78.020567","False"
"mental-health-providers","Number of mental health providers per 100,000 population","Bronx","236","3356","1424948","Value","2022","County Health Rankings, data as of August 2022","40.85589","-73.868294","False"
"mental-health-providers","Number of mental health providers per 100,000 population","Broome","240","474","197240","Value","2022","County Health Rankings, data as of August 2022","42.122015","-75.933191","False"
"mental-health-providers","Number of mental health providers per 100,000 population","Cattaraugus","169","129","76426","Value","2022","County Health Rankings, data as of August 2022","42.224267","-78.606673","False"
"mental-health-providers","Number of mental health providers per 100,000 population","Cayuga","206","156","75880","Value","2022","County Health Rankings, data as of August 2022","42.940095","-76.560755","False"
"mental-health-providers","Number of mental health providers per 100,000 population","Chautauqua","181","230","126807","Value","2022","County Health Rankings, data as of August 2022","42.246904","-79.315313","False"
"mental-health-providers","Number of mental health providers per 100,000 population","Chemung","326","271","83045","Value","2022","County Health Rankings, data as of August 2022","42.116644","-76.812331","False"
"mental-health-providers","Number of mental health providers per 100,000 population","Chenango","198","92","46537","Value","2022","County Health Rankings, data as of August 2022","42.481798","-75.570013","False"
"mental-health-providers","Number of mental health providers per 100,000 population","Clinton","323","257","79596","Value","2022","County Health Rankings, data as of August 2022","44.731944","-73.548883","False"
"mental-health-providers","Number of mental health providers per 100,000 population","Columbia","214","132","61778","Value","2022","County Health Rankings, data as of August 2022","42.276913","-73.682168","False"
"mental-health-providers","Number of mental health providers per 100,000 population","Cortland","404","187","46311","Value","2022","County Health Rankings, data as of August 2022","42.597101","-76.143291","False"
"mental-health-providers","Number of mental health providers per 100,000 population","Delaware","135","60","44378","Value","2022","County Health Rankings, data as of August 2022","42.242972","-74.997944","False"
"mental-health-providers","Number of mental health providers per 100,000 population","Dutchess","319","947","297112","Value","2022","County Health Rankings, data as of August 2022","41.686216","-73.840468","False"
"mental-health-providers","Number of mental health providers per 100,000 population","Erie","370","3513","950683","Value","2022","County Health Rankings, data as of August 2022","42.888143","-78.795544","False"
"mental-health-providers","Number of mental health providers per 100,000 population","Essex","185","69","37268","Value","2022","County Health Rankings, data as of August 2022","44.166026","-73.685145","False"
"mental-health-providers","Number of mental health providers per 100,000 population","Franklin","341","162","47456","Value","2022","County Health Rankings, data as of August 2022","44.705699","-74.340621","False"
"mental-health-providers","Number of mental health providers per 100,000 population","Fulton","252","134","53116","Value","2022","County Health Rankings, data as of August 2022","43.06014","-74.331296","False"
"mental-health-providers","Number of mental health providers per 100,000 population","Genesee","175","101","57853","Value","2022","County Health Rankings, data as of August 2022","43.000121","-78.172679","False"
"mental-health-providers","Number of mental health providers per 100,000 population","Greene","89","43","48499","Value","2022","County Health Rankings, data as of August 2022","42.298326","-73.973376","False"
"mental-health-providers","Number of mental health providers per 100,000 population","Hamilton","59","3","5119","Value","2022","County Health Rankings, data as of August 2022","43.618468","-74.395268","False"
"mental-health-providers","Number of mental health providers per 100,000 population","Herkimer","83","50","59937","Value","2022","County Health Rankings, data as of August 2022","43.070026","-74.994246","False"
"mental-health-providers","Number of mental health providers per 100,000 population","Jefferson","232","270","116295","Value","2022","County Health Rankings, data as of August 2022","44.019295","-75.898971","False"
"mental-health-providers","Number of mental health providers per 100,000 population","Kings","264","6976","2641052","Value","2022","County Health Rankings, data as of August 2022","40.65642","-73.950691","False"
"mental-health-providers","Number of mental health providers per 100,000 population","Lewis","218","58","26573","Value","2022","County Health Rankings, data as of August 2022","43.785537","-75.446296","False"
"mental-health-providers","Number of mental health providers per 100,000 population","Livingston","149","92","61578","Value","2022","County Health Rankings, data as of August 2022","42.763754","-77.765392","False"
"mental-health-providers","Number of mental health providers per 100,000 population","Madison","226","153","67658","Value","2022","County Health Rankings, data as of August 2022","42.986917","-75.720031","False"
"mental-health-providers","Number of mental health providers per 100,000 population","Monroe","330","2494","755160","Value","2022","County Health Rankings, data as of August 2022","43.161748","-77.620143","False"
"mental-health-providers","Number of mental health providers per 100,000 population","Montgomery","97","48","49558","Value","2022","County Health Rankings, data as of August 2022","42.933637","-74.341972","False"
"mental-health-providers","Number of mental health providers per 100,000 population","Nassau","345","4794","1390907","Value","2022","County Health Rankings, data as of August 2022","40.715749","-73.601185","False"
"mental-health-providers","Number of mental health providers per 100,000 population","New York","1025","16157","1576876","Value","2022","County Health Rankings, data as of August 2022","40.726966","-74.005966","False"
"mental-health-providers","Number of mental health providers per 100,000 population","New York State","334","66260","19835913","Value","2022","County Health Rankings, data as of August 2022",,,"False"
"mental-health-providers","Number of mental health providers per 100,000 population","Niagara","146","308","211653","Value","2022","County Health Rankings, data as of August 2022","43.134634","-78.856419","False"
"mental-health-providers","Number of mental health providers per 100,000 population","Oneida","195","450","230274","Value","2022","County Health Rankings, data as of August 2022","43.149482","-75.361773","False"
"mental-health-providers","Number of mental health providers per 100,000 population","Onondaga","296","1402","473236","Value","2022","County Health Rankings, data as of August 2022","43.065629","-76.168033","False"
"mental-health-providers","Number of mental health providers per 100,000 population","Ontario","252","283","112508","Value","2022","County Health Rankings, data as of August 2022","42.894571","-77.252045","False"
"mental-health-providers","Number of mental health providers per 100,000 population","Orange","256","1037","404525","Value","2022","County Health Rankings, data as of August 2022","41.422459","-74.241929","False"
"mental-health-providers","Number of mental health providers per 100,000 population","Orleans","62","25","40191","Value","2022","County Health Rankings, data as of August 2022","43.248394","-78.218438","False"
"mental-health-providers","Number of mental health providers per 100,000 population","Oswego","168","197","117387","Value","2022","County Health Rankings, data as of August 2022","43.39123","-76.31133","False"
"mental-health-providers","Number of mental health providers per 100,000 population","Otsego","217","126","58123","Value","2022","County Health Rankings, data as of August 2022","42.564852","-75.060334","False"
"mental-health-providers","Number of mental health providers per 100,000 population","Putnam","425","416","97936","Value","2022","County Health Rankings, data as of August 2022","41.41131","-73.717443","False"
"mental-health-providers","Number of mental health providers per 100,000 population","Queens","184","4291","2331143","Value","2022","County Health Rankings, data as of August 2022","40.749338","-73.789673","False"
"mental-health-providers","Number of mental health providers per 100,000 population","Rensselaer","193","309","160232","Value","2022","County Health Rankings, data as of August 2022","42.70098","-73.628669","False"
"mental-health-providers","Number of mental health providers per 100,000 population","Richmond","247","1221","493494","Value","2022","County Health Rankings, data as of August 2022","40.566763","-74.148102","False"
"mental-health-providers","Number of mental health providers per 100,000 population","Rockland","303","1027","339227","Value","2022","County Health Rankings, data as of August 2022","41.127287","-74.017033","False"
"mental-health-providers","Number of mental health providers per 100,000 population","Saratoga","212","504","237359","Value","2022","County Health Rankings, data as of August 2022","43.00894","-73.786779","False"
"mental-health-providers","Number of mental health providers per 100,000 population","Schenectady","256","405","158089","Value","2022","County Health Rankings, data as of August 2022","42.809233","-73.946838","False"
"mental-health-providers","Number of mental health providers per 100,000 population","Schoharie","164","49","29863","Value","2022","County Health Rankings, data as of August 2022","42.643426","-74.434606","False"
"mental-health-providers","Number of mental health providers per 100,000 population","Schuyler","208","37","17752","Value","2022","County Health Rankings, data as of August 2022","42.38593","-76.872032","False"
"mental-health-providers","Number of mental health providers per 100,000 population","Seneca","199","67","33688","Value","2022","County Health Rankings, data as of August 2022","42.833627","-76.82753","False"
"mental-health-providers","Number of mental health providers per 100,000 population","St. Lawrence","228","246","108051","Value","2022","County Health Rankings, data as of August 2022","44.689468","-75.242045","False"
"mental-health-providers","Number of mental health providers per 100,000 population","Steuben","230","214","92948","Value","2022","County Health Rankings, data as of August 2022","42.270053","-77.324618","False"
"mental-health-providers","Number of mental health providers per 100,000 population","Suffolk","296","4515","1526344","Value","2022","County Health Rankings, data as of August 2022","40.820237","-73.119032","False"
"mental-health-providers","Number of mental health providers per 100,000 population","Sullivan","203","162","79806","Value","2022","County Health Rankings, data as of August 2022","41.705166","-74.711705","False"
"mental-health-providers","Number of mental health providers per 100,000 population","Tioga","163","78","47980","Value","2022","County Health Rankings, data as of August 2022","42.120252","-76.29595","False"
"mental-health-providers","Number of mental health providers per 100,000 population","Tompkins","408","429","105162","Value","2022","County Health Rankings, data as of August 2022","42.461024","-76.478784","False"
"mental-health-providers","Number of mental health providers per 100,000 population","Ulster","379","693","182951","Value","2022","County Health Rankings, data as of August 2022","41.848374","-74.099412","False"
"mental-health-providers","Number of mental health providers per 100,000 population","Warren","436","286","65618","Value","2022","County Health Rankings, data as of August 2022","43.403024","-73.716044","False"
"mental-health-providers","Number of mental health providers per 100,000 population","Washington","161","98","60956","Value","2022","County Health Rankings, data as of August 2022","43.289513","-73.454761","False"
"mental-health-providers","Number of mental health providers per 100,000 population","Wayne","123","112","90923","Value","2022","County Health Rankings, data as of August 2022","43.144336","-77.117995","False"
"mental-health-providers","Number of mental health providers per 100,000 population","Westchester","431","4303","997895","Value","2022","County Health Rankings, data as of August 2022","41.039278","-73.805386","False"
"mental-health-providers","Number of mental health providers per 100,000 population","Wyoming","240","97","40491","Value","2022","County Health Rankings, data as of August 2022","42.723641","-78.204473","False"
"mental-health-providers","Number of mental health providers per 100,000 population","Yates","110","27","24613","Value","2022","County Health Rankings, data as of August 2022","42.634338","-77.078311","False"
"mesothelioma","Incidence of malignant mesothelioma per 100,000 persons aged 15 years and older","Albany",,,"259044","Rate","2018-2020","Cancer Registry Data as of October 2022","42.678066","-73.814233","True"
"mesothelioma","Incidence of malignant mesothelioma per 100,000 persons aged 15 years and older","Allegany",,,"38348","Rate","2018-2020","Cancer Registry Data as of October 2022","42.226801","-78.020567","True"
"mesothelioma","Incidence of malignant mesothelioma per 100,000 persons aged 15 years and older","Bronx","0.6","20","1123813","Rate","2018-2020","Cancer Registry Data as of October 2022","40.85589","-73.868294","False"
"mesothelioma","Incidence of malignant mesothelioma per 100,000 persons aged 15 years and older","Broome",,,"160494","Rate","2018-2020","Cancer Registry Data as of October 2022","42.122015","-75.933191","True"
"mesothelioma","Incidence of malignant mesothelioma per 100,000 persons aged 15 years and older","Cattaraugus",,,"62456","Rate","2018-2020","Cancer Registry Data as of October 2022","42.224267","-78.606673","True"
"mesothelioma","Incidence of malignant mesothelioma per 100,000 persons aged 15 years and older","Cayuga",,,"64372","Rate","2018-2020","Cancer Registry Data as of October 2022","42.940095","-76.560755","True"
"mesothelioma","Incidence of malignant mesothelioma per 100,000 persons aged 15 years and older","Chautauqua",,,"105638","Rate","2018-2020","Cancer Registry Data as of October 2022","42.246904","-79.315313","True"
"mesothelioma","Incidence of malignant mesothelioma per 100,000 persons aged 15 years and older","Chemung",,,"68769","Rate","2018-2020","Cancer Registry Data as of October 2022","42.116644","-76.812331","True"
"mesothelioma","Incidence of malignant mesothelioma per 100,000 persons aged 15 years and older","Chenango",,,"39215","Rate","2018-2020","Cancer Registry Data as of October 2022","42.481798","-75.570013","True"
"mesothelioma","Incidence of malignant mesothelioma per 100,000 persons aged 15 years and older","Clinton",,,"68227","Rate","2018-2020","Cancer Registry Data as of October 2022","44.731944","-73.548883","True"
"mesothelioma","Incidence of malignant mesothelioma per 100,000 persons aged 15 years and older","Columbia",,,"51673","Rate","2018-2020","Cancer Registry Data as of October 2022","42.276913","-73.682168","True"
"mesothelioma","Incidence of malignant mesothelioma per 100,000 persons aged 15 years and older","Cortland","0","0","40003","Rate","2018-2020","Cancer Registry Data as of October 2022","42.597101","-76.143291","False"
"mesothelioma","Incidence of malignant mesothelioma per 100,000 persons aged 15 years and older","Delaware",,,"38416","Rate","2018-2020","Cancer Registry Data as of October 2022","42.242972","-74.997944","True"
"mesothelioma","Incidence of malignant mesothelioma per 100,000 persons aged 15 years and older","Dutchess","2.1","16","249950","Rate","2018-2020","Cancer Registry Data as of October 2022","41.686216","-73.840468","False"
"mesothelioma","Incidence of malignant mesothelioma per 100,000 persons aged 15 years and older","Erie","1.2","28","766083","Rate","2018-2020","Cancer Registry Data as of October 2022","42.888143","-78.795544","False"
"mesothelioma","Incidence of malignant mesothelioma per 100,000 persons aged 15 years and older","Essex",,,"32319","Rate","2018-2020","Cancer Registry Data as of October 2022","44.166026","-73.685145","True"
"mesothelioma","Incidence of malignant mesothelioma per 100,000 persons aged 15 years and older","Franklin",,,"42155","Rate","2018-2020","Cancer Registry Data as of October 2022","44.705699","-74.340621","True"
"mesothelioma","Incidence of malignant mesothelioma per 100,000 persons aged 15 years and older","Fulton",,,"44475","Rate","2018-2020","Cancer Registry Data as of October 2022","43.06014","-74.331296","True"
"mesothelioma","Incidence of malignant mesothelioma per 100,000 persons aged 15 years and older","Genesee",,,"47688","Rate","2018-2020","Cancer Registry Data as of October 2022","43.000121","-78.172679","True"
"mesothelioma","Incidence of malignant mesothelioma per 100,000 persons aged 15 years and older","Greene",,,"40997","Rate","2018-2020","Cancer Registry Data as of October 2022","42.298326","-73.973376","True"
"mesothelioma","Incidence of malignant mesothelioma per 100,000 persons aged 15 years and older","Hamilton","0","0","3964","Rate","2018-2020","Cancer Registry Data as of October 2022","43.618468","-74.395268","False"
"mesothelioma","Incidence of malignant mesothelioma per 100,000 persons aged 15 years and older","Herkimer",,,"51101","Rate","2018-2020","Cancer Registry Data as of October 2022","43.070026","-74.994246","True"
"mesothelioma","Incidence of malignant mesothelioma per 100,000 persons aged 15 years and older","Jefferson",,,"87426","Rate","2018-2020","Cancer Registry Data as of October 2022","44.019295","-75.898971","True"
"mesothelioma","Incidence of malignant mesothelioma per 100,000 persons aged 15 years and older","Kings","0.6","40","2065316","Rate","2018-2020","Cancer Registry Data as of October 2022","40.65642","-73.950691","False"
"mesothelioma","Incidence of malignant mesothelioma per 100,000 persons aged 15 years and older","Lewis",,,"21356","Rate","2018-2020","Cancer Registry Data as of October 2022","43.785537","-75.446296","True"
"mesothelioma","Incidence of malignant mesothelioma per 100,000 persons aged 15 years and older","Livingston",,,"53894","Rate","2018-2020","Cancer Registry Data as of October 2022","42.763754","-77.765392","True"
"mesothelioma","Incidence of malignant mesothelioma per 100,000 persons aged 15 years and older","Madison",,,"59897","Rate","2018-2020","Cancer Registry Data as of October 2022","42.986917","-75.720031","True"
"mesothelioma","Incidence of malignant mesothelioma per 100,000 persons aged 15 years and older","Monroe","1.1","21","616322","Rate","2018-2020","Cancer Registry Data as of October 2022","43.161748","-77.620143","False"
"mesothelioma","Incidence of malignant mesothelioma per 100,000 persons aged 15 years and older","Montgomery",,,"40008","Rate","2018-2020","Cancer Registry Data as of October 2022","42.933637","-74.341972","True"
"mesothelioma","Incidence of malignant mesothelioma per 100,000 persons aged 15 years and older","Nassau","1.2","39","1116696","Rate","2018-2020","Cancer Registry Data as of October 2022","40.715749","-73.601185","False"
"mesothelioma","Incidence of malignant mesothelioma per 100,000 persons aged 15 years and older","New York","0.7","32","1427229","Rate","2018-2020","Cancer Registry Data as of October 2022","40.726966","-74.005966","False"
"mesothelioma","Incidence of malignant mesothelioma per 100,000 persons aged 15 years and older","New York State","1","502","16099269","Rate","2018-2020","Cancer Registry Data as of October 2022",,,"False"
"mesothelioma","Incidence of malignant mesothelioma per 100,000 persons aged 15 years and older","Niagara",,,"175192","Rate","2018-2020","Cancer Registry Data as of October 2022","43.134634","-78.856419","True"
"mesothelioma","Incidence of malignant mesothelioma per 100,000 persons aged 15 years and older","Oneida",,,"188184","Rate","2018-2020","Cancer Registry Data as of October 2022","43.149482","-75.361773","True"
"mesothelioma","Incidence of malignant mesothelioma per 100,000 persons aged 15 years and older","Onondaga",,,"380182","Rate","2018-2020","Cancer Registry Data as of October 2022","43.065629","-76.168033","True"
"mesothelioma","Incidence of malignant mesothelioma per 100,000 persons aged 15 years and older","Ontario",,,"92273","Rate","2018-2020","Cancer Registry Data as of October 2022","42.894571","-77.252045","True"
"mesothelioma","Incidence of malignant mesothelioma per 100,000 persons aged 15 years and older","Orange",,,"303692","Rate","2018-2020","Cancer Registry Data as of October 2022","41.422459","-74.241929","True"
"mesothelioma","Incidence of malignant mesothelioma per 100,000 persons aged 15 years and older","Orleans","0","0","34128","Rate","2018-2020","Cancer Registry Data as of October 2022","43.248394","-78.218438","False"
"mesothelioma","Incidence of malignant mesothelioma per 100,000 persons aged 15 years and older","Oswego",,,"96826","Rate","2018-2020","Cancer Registry Data as of October 2022","43.39123","-76.31133","True"
"mesothelioma","Incidence of malignant mesothelioma per 100,000 persons aged 15 years and older","Otsego",,,"51665","Rate","2018-2020","Cancer Registry Data as of October 2022","42.564852","-75.060334","True"
"mesothelioma","Incidence of malignant mesothelioma per 100,000 persons aged 15 years and older","Putnam",,,"83299","Rate","2018-2020","Cancer Registry Data as of October 2022","41.41131","-73.717443","True"
"mesothelioma","Incidence of malignant mesothelioma per 100,000 persons aged 15 years and older","Queens","0.9","48","1870926","Rate","2018-2020","Cancer Registry Data as of October 2022","40.749338","-73.789673","False"
"mesothelioma","Incidence of malignant mesothelioma per 100,000 persons aged 15 years and older","Rensselaer",,,"133508","Rate","2018-2020","Cancer Registry Data as of October 2022","42.70098","-73.628669","True"
"mesothelioma","Incidence of malignant mesothelioma per 100,000 persons aged 15 years and older","Richmond","1.6","19","390909","Rate","2018-2020","Cancer Registry Data as of October 2022","40.566763","-74.148102","False"
"mesothelioma","Incidence of malignant mesothelioma per 100,000 persons aged 15 years and older","Rockland",,,"248481","Rate","2018-2020","Cancer Registry Data as of October 2022","41.127287","-74.017033","True"
"mesothelioma","Incidence of malignant mesothelioma per 100,000 persons aged 15 years and older","Saratoga",,,"193071","Rate","2018-2020","Cancer Registry Data as of October 2022","43.00894","-73.786779","True"
"mesothelioma","Incidence of malignant mesothelioma per 100,000 persons aged 15 years and older","Schenectady",,,"127580","Rate","2018-2020","Cancer Registry Data as of October 2022","42.809233","-73.946838","True"
"mesothelioma","Incidence of malignant mesothelioma per 100,000 persons aged 15 years and older","Schoharie",,,"26703","Rate","2018-2020","Cancer Registry Data as of October 2022","42.643426","-74.434606","True"
"mesothelioma","Incidence of malignant mesothelioma per 100,000 persons aged 15 years and older","Schuyler","0","0","15014","Rate","2018-2020","Cancer Registry Data as of October 2022","42.38593","-76.872032","False"
"mesothelioma","Incidence of malignant mesothelioma per 100,000 persons aged 15 years and older","Seneca","0","0","28515","Rate","2018-2020","Cancer Registry Data as of October 2022","42.833627","-76.82753","False"
"mesothelioma","Incidence of malignant mesothelioma per 100,000 persons aged 15 years and older","St. Lawrence",,,"89979","Rate","2018-2020","Cancer Registry Data as of October 2022","44.689468","-75.242045","True"
"mesothelioma","Incidence of malignant mesothelioma per 100,000 persons aged 15 years and older","Steuben",,,"78516","Rate","2018-2020","Cancer Registry Data as of October 2022","42.270053","-77.324618","True"
"mesothelioma","Incidence of malignant mesothelioma per 100,000 persons aged 15 years and older","Suffolk","1","38","1227420","Rate","2018-2020","Cancer Registry Data as of October 2022","40.820237","-73.119032","False"
"mesothelioma","Incidence of malignant mesothelioma per 100,000 persons aged 15 years and older","Sullivan",,,"62342","Rate","2018-2020","Cancer Registry Data as of October 2022","41.705166","-74.711705","True"
"mesothelioma","Incidence of malignant mesothelioma per 100,000 persons aged 15 years and older","Tioga",,,"40148","Rate","2018-2020","Cancer Registry Data as of October 2022","42.120252","-76.29595","True"
"mesothelioma","Incidence of malignant mesothelioma per 100,000 persons aged 15 years and older","Tompkins",,,"89699","Rate","2018-2020","Cancer Registry Data as of October 2022","42.461024","-76.478784","True"
"mesothelioma","Incidence of malignant mesothelioma per 100,000 persons aged 15 years and older","Ulster",,,"152759","Rate","2018-2020","Cancer Registry Data as of October 2022","41.848374","-74.099412","True"
"mesothelioma","Incidence of malignant mesothelioma per 100,000 persons aged 15 years and older","Warren",,,"54588","Rate","2018-2020","Cancer Registry Data as of October 2022","43.403024","-73.716044","True"
"mesothelioma","Incidence of malignant mesothelioma per 100,000 persons aged 15 years and older","Washington",,,"51779","Rate","2018-2020","Cancer Registry Data as of October 2022","43.289513","-73.454761","True"
"mesothelioma","Incidence of malignant mesothelioma per 100,000 persons aged 15 years and older","Wayne",,,"73990","Rate","2018-2020","Cancer Registry Data as of October 2022","43.144336","-77.117995","True"
"mesothelioma","Incidence of malignant mesothelioma per 100,000 persons aged 15 years and older","Westchester","0.8","18","796494","Rate","2018-2020","Cancer Registry Data as of October 2022","41.039278","-73.805386","False"
"mesothelioma","Incidence of malignant mesothelioma per 100,000 persons aged 15 years and older","Wyoming",,,"33747","Rate","2018-2020","Cancer Registry Data as of October 2022","42.723641","-78.204473","True"
"mesothelioma","Incidence of malignant mesothelioma per 100,000 persons aged 15 years and older","Yates","0","0","20314","Rate","2018-2020","Cancer Registry Data as of October 2022","42.634338","-77.078311","False"
"occupational-lead","Elevated blood lead levels (greater than or equal to 10 micrograms per deciliter) per 100,000 employed persons aged 16 years and older","Albany","7.1","32","150317","Rate","2019-2021","NYS Department of Health Heavy Metals Registry, data as of November 2022","42.678066","-73.814233","False"
"occupational-lead","Elevated blood lead levels (greater than or equal to 10 micrograms per deciliter) per 100,000 employed persons aged 16 years and older","Allegany","11","6","18113","Rate","2019-2021","NYS Department of Health Heavy Metals Registry, data as of November 2022","42.226801","-78.020567","False"
"occupational-lead","Elevated blood lead levels (greater than or equal to 10 micrograms per deciliter) per 100,000 employed persons aged 16 years and older","Bronx","10.6","171","537362","Rate","2019-2021","NYS Department of Health Heavy Metals Registry, data as of November 2022","40.85589","-73.868294","False"
"occupational-lead","Elevated blood lead levels (greater than or equal to 10 micrograms per deciliter) per 100,000 employed persons aged 16 years and older","Broome","7.7","18","77981","Rate","2019-2021","NYS Department of Health Heavy Metals Registry, data as of November 2022","42.122015","-75.933191","False"
"occupational-lead","Elevated blood lead levels (greater than or equal to 10 micrograms per deciliter) per 100,000 employed persons aged 16 years and older","Cattaraugus","25.5","24","31343","Rate","2019-2021","NYS Department of Health Heavy Metals Registry, data as of November 2022","42.224267","-78.606673","False"
"occupational-lead","Elevated blood lead levels (greater than or equal to 10 micrograms per deciliter) per 100,000 employed persons aged 16 years and older","Cayuga","6.9","7","33838","Rate","2019-2021","NYS Department of Health Heavy Metals Registry, data as of November 2022","42.940095","-76.560755","False"
"occupational-lead","Elevated blood lead levels (greater than or equal to 10 micrograms per deciliter) per 100,000 employed persons aged 16 years and older","Chautauqua","14.5","22","50476","Rate","2019-2021","NYS Department of Health Heavy Metals Registry, data as of November 2022","42.246904","-79.315313","False"
"occupational-lead","Elevated blood lead levels (greater than or equal to 10 micrograms per deciliter) per 100,000 employed persons aged 16 years and older","Chemung","4","4","33234","Rate","2019-2021","NYS Department of Health Heavy Metals Registry, data as of November 2022","42.116644","-76.812331","False"
"occupational-lead","Elevated blood lead levels (greater than or equal to 10 micrograms per deciliter) per 100,000 employed persons aged 16 years and older","Chenango","3.2","2","20875","Rate","2019-2021","NYS Department of Health Heavy Metals Registry, data as of November 2022","42.481798","-75.570013","False"
"occupational-lead","Elevated blood lead levels (greater than or equal to 10 micrograms per deciliter) per 100,000 employed persons aged 16 years and older","Clinton","12.8","13","33955","Rate","2019-2021","NYS Department of Health Heavy Metals Registry, data as of November 2022","44.731944","-73.548883","False"
"occupational-lead","Elevated blood lead levels (greater than or equal to 10 micrograms per deciliter) per 100,000 employed persons aged 16 years and older","Columbia","29.4","26","29513","Rate","2019-2021","NYS Department of Health Heavy Metals Registry, data as of November 2022","42.276913","-73.682168","False"
"occupational-lead","Elevated blood lead levels (greater than or equal to 10 micrograms per deciliter) per 100,000 employed persons aged 16 years and older","Cortland","6.2","4","21404","Rate","2019-2021","NYS Department of Health Heavy Metals Registry, data as of November 2022","42.597101","-76.143291","False"
"occupational-lead","Elevated blood lead levels (greater than or equal to 10 micrograms per deciliter) per 100,000 employed persons aged 16 years and older","Delaware","22.4","12","17885","Rate","2019-2021","NYS Department of Health Heavy Metals Registry, data as of November 2022","42.242972","-74.997944","False"
"occupational-lead","Elevated blood lead levels (greater than or equal to 10 micrograms per deciliter) per 100,000 employed persons aged 16 years and older","Dutchess","13.1","54","137063","Rate","2019-2021","NYS Department of Health Heavy Metals Registry, data as of November 2022","41.686216","-73.840468","False"
"occupational-lead","Elevated blood lead levels (greater than or equal to 10 micrograms per deciliter) per 100,000 employed persons aged 16 years and older","Erie","19","237","415298","Rate","2019-2021","NYS Department of Health Heavy Metals Registry, data as of November 2022","42.888143","-78.795544","False"
"occupational-lead","Elevated blood lead levels (greater than or equal to 10 micrograms per deciliter) per 100,000 employed persons aged 16 years and older","Essex","4.2","2","15917","Rate","2019-2021","NYS Department of Health Heavy Metals Registry, data as of November 2022","44.166026","-73.685145","False"
"occupational-lead","Elevated blood lead levels (greater than or equal to 10 micrograms per deciliter) per 100,000 employed persons aged 16 years and older","Franklin","16.4","9","18267","Rate","2019-2021","NYS Department of Health Heavy Metals Registry, data as of November 2022","44.705699","-74.340621","False"
"occupational-lead","Elevated blood lead levels (greater than or equal to 10 micrograms per deciliter) per 100,000 employed persons aged 16 years and older","Fulton","26.7","17","21229","Rate","2019-2021","NYS Department of Health Heavy Metals Registry, data as of November 2022","43.06014","-74.331296","False"
"occupational-lead","Elevated blood lead levels (greater than or equal to 10 micrograms per deciliter) per 100,000 employed persons aged 16 years and older","Genesee","27.3","23","28089","Rate","2019-2021","NYS Department of Health Heavy Metals Registry, data as of November 2022","43.000121","-78.172679","False"
"occupational-lead","Elevated blood lead levels (greater than or equal to 10 micrograms per deciliter) per 100,000 employed persons aged 16 years and older","Greene","12.1","7","19220","Rate","2019-2021","NYS Department of Health Heavy Metals Registry, data as of November 2022","42.298326","-73.973376","False"
"occupational-lead","Elevated blood lead levels (greater than or equal to 10 micrograms per deciliter) per 100,000 employed persons aged 16 years and older","Hamilton","32.1","2","2075","Rate","2019-2021","NYS Department of Health Heavy Metals Registry, data as of November 2022","43.618468","-74.395268","False"
"occupational-lead","Elevated blood lead levels (greater than or equal to 10 micrograms per deciliter) per 100,000 employed persons aged 16 years and older","Herkimer","11.5","9","26121","Rate","2019-2021","NYS Department of Health Heavy Metals Registry, data as of November 2022","43.070026","-74.994246","False"
"occupational-lead","Elevated blood lead levels (greater than or equal to 10 micrograms per deciliter) per 100,000 employed persons aged 16 years and older","Jefferson","3.2","4","41209","Rate","2019-2021","NYS Department of Health Heavy Metals Registry, data as of November 2022","44.019295","-75.898971","False"
"occupational-lead","Elevated blood lead levels (greater than or equal to 10 micrograms per deciliter) per 100,000 employed persons aged 16 years and older","Kings","11.1","366","1096646","Rate","2019-2021","NYS Department of Health Heavy Metals Registry, data as of November 2022","40.65642","-73.950691","False"
"occupational-lead","Elevated blood lead levels (greater than or equal to 10 micrograms per deciliter) per 100,000 employed persons aged 16 years and older","Lewis","70.3","23","10903","Rate","2019-2021","NYS Department of Health Heavy Metals Registry, data as of November 2022","43.785537","-75.446296","False"
"occupational-lead","Elevated blood lead levels (greater than or equal to 10 micrograms per deciliter) per 100,000 employed persons aged 16 years and older","Livingston","3.5","3","28781","Rate","2019-2021","NYS Department of Health Heavy Metals Registry, data as of November 2022","42.763754","-77.765392","False"
"occupational-lead","Elevated blood lead levels (greater than or equal to 10 micrograms per deciliter) per 100,000 employed persons aged 16 years and older","Madison","12.9","12","30967","Rate","2019-2021","NYS Department of Health Heavy Metals Registry, data as of November 2022","42.986917","-75.720031","False"
"occupational-lead","Elevated blood lead levels (greater than or equal to 10 micrograms per deciliter) per 100,000 employed persons aged 16 years and older","Monroe","6.1","63","342500","Rate","2019-2021","NYS Department of Health Heavy Metals Registry, data as of November 2022","43.161748","-77.620143","False"
"occupational-lead","Elevated blood lead levels (greater than or equal to 10 micrograms per deciliter) per 100,000 employed persons aged 16 years and older","Montgomery","35.2","22","20854","Rate","2019-2021","NYS Department of Health Heavy Metals Registry, data as of November 2022","42.933637","-74.341972","False"
"occupational-lead","Elevated blood lead levels (greater than or equal to 10 micrograms per deciliter) per 100,000 employed persons aged 16 years and older","Nassau","10.2","206","674178","Rate","2019-2021","NYS Department of Health Heavy Metals Registry, data as of November 2022","40.715749","-73.601185","False"
"occupational-lead","Elevated blood lead levels (greater than or equal to 10 micrograms per deciliter) per 100,000 employed persons aged 16 years and older","New York","4.1","104","845795","Rate","2019-2021","NYS Department of Health Heavy Metals Registry, data as of November 2022","40.726966","-74.005966","False"
"occupational-lead","Elevated blood lead levels (greater than or equal to 10 micrograms per deciliter) per 100,000 employed persons aged 16 years and older","New York State","12.6","3354","8886908","Rate","2019-2021","NYS Department of Health Heavy Metals Registry, data as of November 2022",,,"False"
"occupational-lead","Elevated blood lead levels (greater than or equal to 10 micrograms per deciliter) per 100,000 employed persons aged 16 years and older","Niagara","38.9","107","91676","Rate","2019-2021","NYS Department of Health Heavy Metals Registry, data as of November 2022","43.134634","-78.856419","False"
"occupational-lead","Elevated blood lead levels (greater than or equal to 10 micrograms per deciliter) per 100,000 employed persons aged 16 years and older","Oneida","26.8","77","95741","Rate","2019-2021","NYS Department of Health Heavy Metals Registry, data as of November 2022","43.149482","-75.361773","False"
"occupational-lead","Elevated blood lead levels (greater than or equal to 10 micrograms per deciliter) per 100,000 employed persons aged 16 years and older","Onondaga","5.6","35","209619","Rate","2019-2021","NYS Department of Health Heavy Metals Registry, data as of November 2022","43.065629","-76.168033","False"
"occupational-lead","Elevated blood lead levels (greater than or equal to 10 micrograms per deciliter) per 100,000 employed persons aged 16 years and older","Ontario","8.8","14","52748","Rate","2019-2021","NYS Department of Health Heavy Metals Registry, data as of November 2022","42.894571","-77.252045","False"
"occupational-lead","Elevated blood lead levels (greater than or equal to 10 micrograms per deciliter) per 100,000 employed persons aged 16 years and older","Orange","47.4","251","176507","Rate","2019-2021","NYS Department of Health Heavy Metals Registry, data as of November 2022","41.422459","-74.241929","False"
"occupational-lead","Elevated blood lead levels (greater than or equal to 10 micrograms per deciliter) per 100,000 employed persons aged 16 years and older","Orleans","20.5","10","16294","Rate","2019-2021","NYS Department of Health Heavy Metals Registry, data as of November 2022","43.248394","-78.218438","False"
"occupational-lead","Elevated blood lead levels (greater than or equal to 10 micrograms per deciliter) per 100,000 employed persons aged 16 years and older","Oswego","12.9","19","49218","Rate","2019-2021","NYS Department of Health Heavy Metals Registry, data as of November 2022","43.39123","-76.31133","False"
"occupational-lead","Elevated blood lead levels (greater than or equal to 10 micrograms per deciliter) per 100,000 employed persons aged 16 years and older","Otsego","19.3","15","25918","Rate","2019-2021","NYS Department of Health Heavy Metals Registry, data as of November 2022","42.564852","-75.060334","False"
"occupational-lead","Elevated blood lead levels (greater than or equal to 10 micrograms per deciliter) per 100,000 employed persons aged 16 years and older","Putnam","23.3","34","48543","Rate","2019-2021","NYS Department of Health Heavy Metals Registry, data as of November 2022","41.41131","-73.717443","False"
"occupational-lead","Elevated blood lead levels (greater than or equal to 10 micrograms per deciliter) per 100,000 employed persons aged 16 years and older","Queens","13.6","426","1043989","Rate","2019-2021","NYS Department of Health Heavy Metals Registry, data as of November 2022","40.749338","-73.789673","False"
"occupational-lead","Elevated blood lead levels (greater than or equal to 10 micrograms per deciliter) per 100,000 employed persons aged 16 years and older","Rensselaer","15.9","37","77496","Rate","2019-2021","NYS Department of Health Heavy Metals Registry, data as of November 2022","42.70098","-73.628669","False"
"occupational-lead","Elevated blood lead levels (greater than or equal to 10 micrograms per deciliter) per 100,000 employed persons aged 16 years and older","Richmond","21","130","206270","Rate","2019-2021","NYS Department of Health Heavy Metals Registry, data as of November 2022","40.566763","-74.148102","False"
"occupational-lead","Elevated blood lead levels (greater than or equal to 10 micrograms per deciliter) per 100,000 employed persons aged 16 years and older","Rockland","10.1","45","147810","Rate","2019-2021","NYS Department of Health Heavy Metals Registry, data as of November 2022","41.127287","-74.017033","False"
"occupational-lead","Elevated blood lead levels (greater than or equal to 10 micrograms per deciliter) per 100,000 employed persons aged 16 years and older","Saratoga","6.4","22","114953","Rate","2019-2021","NYS Department of Health Heavy Metals Registry, data as of November 2022","43.00894","-73.786779","False"
"occupational-lead","Elevated blood lead levels (greater than or equal to 10 micrograms per deciliter) per 100,000 employed persons aged 16 years and older","Schenectady","6.4","14","73122","Rate","2019-2021","NYS Department of Health Heavy Metals Registry, data as of November 2022","42.809233","-73.946838","False"
"occupational-lead","Elevated blood lead levels (greater than or equal to 10 micrograms per deciliter) per 100,000 employed persons aged 16 years and older","Schoharie","14.4","6","13917","Rate","2019-2021","NYS Department of Health Heavy Metals Registry, data as of November 2022","42.643426","-74.434606","False"
"occupational-lead","Elevated blood lead levels (greater than or equal to 10 micrograms per deciliter) per 100,000 employed persons aged 16 years and older","Schuyler","13.1","3","7643","Rate","2019-2021","NYS Department of Health Heavy Metals Registry, data as of November 2022","42.38593","-76.872032","False"
"occupational-lead","Elevated blood lead levels (greater than or equal to 10 micrograms per deciliter) per 100,000 employed persons aged 16 years and older","Seneca","40.8","18","14699","Rate","2019-2021","NYS Department of Health Heavy Metals Registry, data as of November 2022","42.833627","-76.82753","False"
"occupational-lead","Elevated blood lead levels (greater than or equal to 10 micrograms per deciliter) per 100,000 employed persons aged 16 years and older","St. Lawrence","5.7","7","40706","Rate","2019-2021","NYS Department of Health Heavy Metals Registry, data as of November 2022","44.689468","-75.242045","False"
"occupational-lead","Elevated blood lead levels (greater than or equal to 10 micrograms per deciliter) per 100,000 employed persons aged 16 years and older","Steuben","5","6","39873","Rate","2019-2021","NYS Department of Health Heavy Metals Registry, data as of November 2022","42.270053","-77.324618","False"
"occupational-lead","Elevated blood lead levels (greater than or equal to 10 micrograms per deciliter) per 100,000 employed persons aged 16 years and older","Suffolk","11.1","246","738118","Rate","2019-2021","NYS Department of Health Heavy Metals Registry, data as of November 2022","40.820237","-73.119032","False"
"occupational-lead","Elevated blood lead levels (greater than or equal to 10 micrograms per deciliter) per 100,000 employed persons aged 16 years and older","Sullivan","35.8","37","34435","Rate","2019-2021","NYS Department of Health Heavy Metals Registry, data as of November 2022","41.705166","-74.711705","False"
"occupational-lead","Elevated blood lead levels (greater than or equal to 10 micrograms per deciliter) per 100,000 employed persons aged 16 years and older","Tioga","15.7","10","21267","Rate","2019-2021","NYS Department of Health Heavy Metals Registry, data as of November 2022","42.120252","-76.29595","False"
"occupational-lead","Elevated blood lead levels (greater than or equal to 10 micrograms per deciliter) per 100,000 employed persons aged 16 years and older","Tompkins","4.2","6","47316","Rate","2019-2021","NYS Department of Health Heavy Metals Registry, data as of November 2022","42.461024","-76.478784","False"
"occupational-lead","Elevated blood lead levels (greater than or equal to 10 micrograms per deciliter) per 100,000 employed persons aged 16 years and older","Ulster","21.3","53","82767","Rate","2019-2021","NYS Department of Health Heavy Metals Registry, data as of November 2022","41.848374","-74.099412","False"
"occupational-lead","Elevated blood lead levels (greater than or equal to 10 micrograms per deciliter) per 100,000 employed persons aged 16 years and older","Warren","6.8","6","29433","Rate","2019-2021","NYS Department of Health Heavy Metals Registry, data as of November 2022","43.403024","-73.716044","False"
"occupational-lead","Elevated blood lead levels (greater than or equal to 10 micrograms per deciliter) per 100,000 employed persons aged 16 years and older","Washington","11.4","9","26242","Rate","2019-2021","NYS Department of Health Heavy Metals Registry, data as of November 2022","43.289513","-73.454761","False"
"occupational-lead","Elevated blood lead levels (greater than or equal to 10 micrograms per deciliter) per 100,000 employed persons aged 16 years and older","Wayne","9.7","12","41296","Rate","2019-2021","NYS Department of Health Heavy Metals Registry, data as of November 2022","43.144336","-77.117995","False"
"occupational-lead","Elevated blood lead levels (greater than or equal to 10 micrograms per deciliter) per 100,000 employed persons aged 16 years and older","Westchester","13.1","181","459519","Rate","2019-2021","NYS Department of Health Heavy Metals Registry, data as of November 2022","41.039278","-73.805386","False"
"occupational-lead","Elevated blood lead levels (greater than or equal to 10 micrograms per deciliter) per 100,000 employed persons aged 16 years and older","Wyoming","27.2","14","17128","Rate","2019-2021","NYS Department of Health Heavy Metals Registry, data as of November 2022","42.723641","-78.204473","False"
"occupational-lead","Elevated blood lead levels (greater than or equal to 10 micrograms per deciliter) per 100,000 employed persons aged 16 years and older","Yates","0","0","11235","Rate","2019-2021","NYS Department of Health Heavy Metals Registry, data as of November 2022","42.634338","-77.078311","False"
"physical-activity","Age-adjusted percentage of adults who participated in leisure time physical activity in the past 30 days","Albany","80.8",,,"Percentage","2022","NYS Expanded Behavioral Risk Factor Surveillance System, data as of November 2022","42.678066","-73.814233","False"
"physical-activity","Age-adjusted percentage of adults who participated in leisure time physical activity in the past 30 days","Allegany","73",,,"Percentage","2022","NYS Expanded Behavioral Risk Factor Surveillance System, data as of November 2022","42.226801","-78.020567","False"
"physical-activity","Age-adjusted percentage of adults who participated in leisure time physical activity in the past 30 days","Bronx","64.3",,,"Percentage","2022","NYS Expanded Behavioral Risk Factor Surveillance System, data as of November 2022","40.85589","-73.868294","False"
"physical-activity","Age-adjusted percentage of adults who participated in leisure time physical activity in the past 30 days","Broome","78.4",,,"Percentage","2022","NYS Expanded Behavioral Risk Factor Surveillance System, data as of November 2022","42.122015","-75.933191","False"
"physical-activity","Age-adjusted percentage of adults who participated in leisure time physical activity in the past 30 days","Cattaraugus","71.9",,,"Percentage","2022","NYS Expanded Behavioral Risk Factor Surveillance System, data as of November 2022","42.224267","-78.606673","False"
"physical-activity","Age-adjusted percentage of adults who participated in leisure time physical activity in the past 30 days","Cayuga","82.4",,,"Percentage","2022","NYS Expanded Behavioral Risk Factor Surveillance System, data as of November 2022","42.940095","-76.560755","False"
"physical-activity","Age-adjusted percentage of adults who participated in leisure time physical activity in the past 30 days","Chautauqua","77.8",,,"Percentage","2022","NYS Expanded Behavioral Risk Factor Surveillance System, data as of November 2022","42.246904","-79.315313","False"
"physical-activity","Age-adjusted percentage of adults who participated in leisure time physical activity in the past 30 days","Chemung","76.1",,,"Percentage","2022","NYS Expanded Behavioral Risk Factor Surveillance System, data as of November 2022","42.116644","-76.812331","False"
"physical-activity","Age-adjusted percentage of adults who participated in leisure time physical activity in the past 30 days","Chenango","73.7",,,"Percentage","2022","NYS Expanded Behavioral Risk Factor Surveillance System, data as of November 2022","42.481798","-75.570013","False"
"physical-activity","Age-adjusted percentage of adults who participated in leisure time physical activity in the past 30 days","Clinton","76.8",,,"Percentage","2022","NYS Expanded Behavioral Risk Factor Surveillance System, data as of November 2022","44.731944","-73.548883","False"
"physical-activity","Age-adjusted percentage of adults who participated in leisure time physical activity in the past 30 days","Columbia","85.9",,,"Percentage","2022","NYS Expanded Behavioral Risk Factor Surveillance System, data as of November 2022","42.276913","-73.682168","False"
"physical-activity","Age-adjusted percentage of adults who participated in leisure time physical activity in the past 30 days","Cortland","78.1",,,"Percentage","2022","NYS Expanded Behavioral Risk Factor Surveillance System, data as of November 2022","42.597101","-76.143291","False"
"physical-activity","Age-adjusted percentage of adults who participated in leisure time physical activity in the past 30 days","Delaware","75.5",,,"Percentage","2022","NYS Expanded Behavioral Risk Factor Surveillance System, data as of November 2022","42.242972","-74.997944","False"
"physical-activity","Age-adjusted percentage of adults who participated in leisure time physical activity in the past 30 days","Dutchess","76.8",,,"Percentage","2022","NYS Expanded Behavioral Risk Factor Surveillance System, data as of November 2022","41.686216","-73.840468","False"
"physical-activity","Age-adjusted percentage of adults who participated in leisure time physical activity in the past 30 days","Erie","75.9",,,"Percentage","2022","NYS Expanded Behavioral Risk Factor Surveillance System, data as of November 2022","42.888143","-78.795544","False"
"physical-activity","Age-adjusted percentage of adults who participated in leisure time physical activity in the past 30 days","Essex","83.1",,,"Percentage","2022","NYS Expanded Behavioral Risk Factor Surveillance System, data as of November 2022","44.166026","-73.685145","False"
"physical-activity","Age-adjusted percentage of adults who participated in leisure time physical activity in the past 30 days","Franklin","72.2",,,"Percentage","2022","NYS Expanded Behavioral Risk Factor Surveillance System, data as of November 2022","44.705699","-74.340621","False"
"physical-activity","Age-adjusted percentage of adults who participated in leisure time physical activity in the past 30 days","Fulton","78.2",,,"Percentage","2022","NYS Expanded Behavioral Risk Factor Surveillance System, data as of November 2022","43.06014","-74.331296","False"
"physical-activity","Age-adjusted percentage of adults who participated in leisure time physical activity in the past 30 days","Genesee","78.7",,,"Percentage","2022","NYS Expanded Behavioral Risk Factor Surveillance System, data as of November 2022","43.000121","-78.172679","False"
"physical-activity","Age-adjusted percentage of adults who participated in leisure time physical activity in the past 30 days","Greene","85.4",,,"Percentage","2022","NYS Expanded Behavioral Risk Factor Surveillance System, data as of November 2022","42.298326","-73.973376","False"
"physical-activity","Age-adjusted percentage of adults who participated in leisure time physical activity in the past 30 days","Hamilton",,,,"Percentage","2022","NYS Expanded Behavioral Risk Factor Surveillance System, data as of November 2022","43.618468","-74.395268","True"
"physical-activity","Age-adjusted percentage of adults who participated in leisure time physical activity in the past 30 days","Herkimer","73.9",,,"Percentage","2022","NYS Expanded Behavioral Risk Factor Surveillance System, data as of November 2022","43.070026","-74.994246","False"
"physical-activity","Age-adjusted percentage of adults who participated in leisure time physical activity in the past 30 days","Jefferson","78.3",,,"Percentage","2022","NYS Expanded Behavioral Risk Factor Surveillance System, data as of November 2022","44.019295","-75.898971","False"
"physical-activity","Age-adjusted percentage of adults who participated in leisure time physical activity in the past 30 days","Kings","74.4",,,"Percentage","2022","NYS Expanded Behavioral Risk Factor Surveillance System, data as of November 2022","40.65642","-73.950691","False"
"physical-activity","Age-adjusted percentage of adults who participated in leisure time physical activity in the past 30 days","Lewis","73.5",,,"Percentage","2022","NYS Expanded Behavioral Risk Factor Surveillance System, data as of November 2022","43.785537","-75.446296","False"
"physical-activity","Age-adjusted percentage of adults who participated in leisure time physical activity in the past 30 days","Livingston","77.1",,,"Percentage","2022","NYS Expanded Behavioral Risk Factor Surveillance System, data as of November 2022","42.763754","-77.765392","False"
"physical-activity","Age-adjusted percentage of adults who participated in leisure time physical activity in the past 30 days","Madison","80.4",,,"Percentage","2022","NYS Expanded Behavioral Risk Factor Surveillance System, data as of November 2022","42.986917","-75.720031","False"
"physical-activity","Age-adjusted percentage of adults who participated in leisure time physical activity in the past 30 days","Monroe","78.1",,,"Percentage","2022","NYS Expanded Behavioral Risk Factor Surveillance System, data as of November 2022","43.161748","-77.620143","False"
"physical-activity","Age-adjusted percentage of adults who participated in leisure time physical activity in the past 30 days","Montgomery","72.8",,,"Percentage","2022","NYS Expanded Behavioral Risk Factor Surveillance System, data as of November 2022","42.933637","-74.341972","False"
"physical-activity","Age-adjusted percentage of adults who participated in leisure time physical activity in the past 30 days","Nassau","77.7",,,"Percentage","2022","NYS Expanded Behavioral Risk Factor Surveillance System, data as of November 2022","40.715749","-73.601185","False"
"physical-activity","Age-adjusted percentage of adults who participated in leisure time physical activity in the past 30 days","New York","80",,,"Percentage","2022","NYS Expanded Behavioral Risk Factor Surveillance System, data as of November 2022","40.726966","-74.005966","False"
"physical-activity","Age-adjusted percentage of adults who participated in leisure time physical activity in the past 30 days","New York State","74.6",,,"Percentage","2022","NYS Expanded Behavioral Risk Factor Surveillance System, data as of November 2022",,,"False"
"physical-activity","Age-adjusted percentage of adults who participated in leisure time physical activity in the past 30 days","Niagara","73.4",,,"Percentage","2022","NYS Expanded Behavioral Risk Factor Surveillance System, data as of November 2022","43.134634","-78.856419","False"
"physical-activity","Age-adjusted percentage of adults who participated in leisure time physical activity in the past 30 days","Oneida","76.2",,,"Percentage","2022","NYS Expanded Behavioral Risk Factor Surveillance System, data as of November 2022","43.149482","-75.361773","False"
"physical-activity","Age-adjusted percentage of adults who participated in leisure time physical activity in the past 30 days","Onondaga","78.5",,,"Percentage","2022","NYS Expanded Behavioral Risk Factor Surveillance System, data as of November 2022","43.065629","-76.168033","False"
"physical-activity","Age-adjusted percentage of adults who participated in leisure time physical activity in the past 30 days","Ontario","79.1",,,"Percentage","2022","NYS Expanded Behavioral Risk Factor Surveillance System, data as of November 2022","42.894571","-77.252045","False"
"physical-activity","Age-adjusted percentage of adults who participated in leisure time physical activity in the past 30 days","Orange","75.5",,,"Percentage","2022","NYS Expanded Behavioral Risk Factor Surveillance System, data as of November 2022","41.422459","-74.241929","False"
"physical-activity","Age-adjusted percentage of adults who participated in leisure time physical activity in the past 30 days","Orleans","75.5",,,"Percentage","2022","NYS Expanded Behavioral Risk Factor Surveillance System, data as of November 2022","43.248394","-78.218438","False"
"physical-activity","Age-adjusted percentage of adults who participated in leisure time physical activity in the past 30 days","Oswego","73.5",,,"Percentage","2022","NYS Expanded Behavioral Risk Factor Surveillance System, data as of November 2022","43.39123","-76.31133","False"
"physical-activity","Age-adjusted percentage of adults who participated in leisure time physical activity in the past 30 days","Otsego","75.2",,,"Percentage","2022","NYS Expanded Behavioral Risk Factor Surveillance System, data as of November 2022","42.564852","-75.060334","False"
"physical-activity","Age-adjusted percentage of adults who participated in leisure time physical activity in the past 30 days","Putnam","78.7",,,"Percentage","2022","NYS Expanded Behavioral Risk Factor Surveillance System, data as of November 2022","41.41131","-73.717443","False"
"physical-activity","Age-adjusted percentage of adults who participated in leisure time physical activity in the past 30 days","Queens","71",,,"Percentage","2022","NYS Expanded Behavioral Risk Factor Surveillance System, data as of November 2022","40.749338","-73.789673","False"
"physical-activity","Age-adjusted percentage of adults who participated in leisure time physical activity in the past 30 days","Rensselaer","79",,,"Percentage","2022","NYS Expanded Behavioral Risk Factor Surveillance System, data as of November 2022","42.70098","-73.628669","False"
"physical-activity","Age-adjusted percentage of adults who participated in leisure time physical activity in the past 30 days","Richmond","74.5",,,"Percentage","2022","NYS Expanded Behavioral Risk Factor Surveillance System, data as of November 2022","40.566763","-74.148102","False"
"physical-activity","Age-adjusted percentage of adults who participated in leisure time physical activity in the past 30 days","Rockland","70.6",,,"Percentage","2022","NYS Expanded Behavioral Risk Factor Surveillance System, data as of November 2022","41.127287","-74.017033","False"
"physical-activity","Age-adjusted percentage of adults who participated in leisure time physical activity in the past 30 days","Saratoga","87",,,"Percentage","2022","NYS Expanded Behavioral Risk Factor Surveillance System, data as of November 2022","43.00894","-73.786779","False"
"physical-activity","Age-adjusted percentage of adults who participated in leisure time physical activity in the past 30 days","Schenectady","68.1",,,"Percentage","2022","NYS Expanded Behavioral Risk Factor Surveillance System, data as of November 2022","42.809233","-73.946838","False"
"physical-activity","Age-adjusted percentage of adults who participated in leisure time physical activity in the past 30 days","Schoharie","77.1",,,"Percentage","2022","NYS Expanded Behavioral Risk Factor Surveillance System, data as of November 2022","42.643426","-74.434606","False"
"physical-activity","Age-adjusted percentage of adults who participated in leisure time physical activity in the past 30 days","Schuyler","80.2",,,"Percentage","2022","NYS Expanded Behavioral Risk Factor Surveillance System, data as of November 2022","42.38593","-76.872032","False"
"physical-activity","Age-adjusted percentage of adults who participated in leisure time physical activity in the past 30 days","Seneca","77.2",,,"Percentage","2022","NYS Expanded Behavioral Risk Factor Surveillance System, data as of November 2022","42.833627","-76.82753","False"
"physical-activity","Age-adjusted percentage of adults who participated in leisure time physical activity in the past 30 days","St. Lawrence","74.8",,,"Percentage","2022","NYS Expanded Behavioral Risk Factor Surveillance System, data as of November 2022","44.689468","-75.242045","False"
"physical-activity","Age-adjusted percentage of adults who participated in leisure time physical activity in the past 30 days","Steuben","78.8",,,"Percentage","2022","NYS Expanded Behavioral Risk Factor Surveillance System, data as of November 2022","42.270053","-77.324618","False"
"physical-activity","Age-adjusted percentage of adults who participated in leisure time physical activity in the past 30 days","Suffolk","75.2",,,"Percentage","2022","NYS Expanded Behavioral Risk Factor Surveillance System, data as of November 2022","40.820237","-73.119032","False"
"physical-activity","Age-adjusted percentage of adults who participated in leisure time physical activity in the past 30 days","Sullivan","75.7",,,"Percentage","2022","NYS Expanded Behavioral Risk Factor Surveillance System, data as of November 2022","41.705166","-74.711705","False"
"physical-activity","Age-adjusted percentage of adults who participated in leisure time physical activity in the past 30 days","Tioga","80.9",,,"Percentage","2022","NYS Expanded Behavioral Risk Factor Surveillance System, data as of November 2022","42.120252","-76.29595","False"
"physical-activity","Age-adjusted percentage of adults who participated in leisure time physical activity in the past 30 days","Tompkins","87.5",,,"Percentage","2022","NYS Expanded Behavioral Risk Factor Surveillance System, data as of November 2022","42.461024","-76.478784","False"
"physical-activity","Age-adjusted percentage of adults who participated in leisure time physical activity in the past 30 days","Ulster","82.6",,,"Percentage","2022","NYS Expanded Behavioral Risk Factor Surveillance System, data as of November 2022","41.848374","-74.099412","False"
"physical-activity","Age-adjusted percentage of adults who participated in leisure time physical activity in the past 30 days","Warren","77.6",,,"Percentage","2022","NYS Expanded Behavioral Risk Factor Surveillance System, data as of November 2022","43.403024","-73.716044","False"
"physical-activity","Age-adjusted percentage of adults who participated in leisure time physical activity in the past 30 days","Washington","78.2",,,"Percentage","2022","NYS Expanded Behavioral Risk Factor Surveillance System, data as of November 2022","43.289513","-73.454761","False"
"physical-activity","Age-adjusted percentage of adults who participated in leisure time physical activity in the past 30 days","Wayne","69.5",,,"Percentage","2022","NYS Expanded Behavioral Risk Factor Surveillance System, data as of November 2022","43.144336","-77.117995","False"
"physical-activity","Age-adjusted percentage of adults who participated in leisure time physical activity in the past 30 days","Westchester","78.4",,,"Percentage","2022","NYS Expanded Behavioral Risk Factor Surveillance System, data as of November 2022","41.039278","-73.805386","False"
"physical-activity","Age-adjusted percentage of adults who participated in leisure time physical activity in the past 30 days","Wyoming","74.5",,,"Percentage","2022","NYS Expanded Behavioral Risk Factor Surveillance System, data as of November 2022","42.723641","-78.204473","False"
"physical-activity","Age-adjusted percentage of adults who participated in leisure time physical activity in the past 30 days","Yates","77.3",,,"Percentage","2022","NYS Expanded Behavioral Risk Factor Surveillance System, data as of November 2022","42.634338","-77.078311","False"
"poor-mental-health","Age-adjusted percentage of adults with poor mental health for 14 or more days in the past month","Albany","15.6",,,"Percentage","2022","NYS Expanded Behavioral Risk Factor Surveillance System, data as of November 2022","42.678066","-73.814233","False"
"poor-mental-health","Age-adjusted percentage of adults with poor mental health for 14 or more days in the past month","Allegany","4.7",,,"Percentage","2022","NYS Expanded Behavioral Risk Factor Surveillance System, data as of November 2022","42.226801","-78.020567","False"
"poor-mental-health","Age-adjusted percentage of adults with poor mental health for 14 or more days in the past month","Bronx","14.2",,,"Percentage","2022","NYS Expanded Behavioral Risk Factor Surveillance System, data as of November 2022","40.85589","-73.868294","False"
"poor-mental-health","Age-adjusted percentage of adults with poor mental health for 14 or more days in the past month","Broome","16.5",,,"Percentage","2022","NYS Expanded Behavioral Risk Factor Surveillance System, data as of November 2022","42.122015","-75.933191","False"
"poor-mental-health","Age-adjusted percentage of adults with poor mental health for 14 or more days in the past month","Cattaraugus","14.6",,,"Percentage","2022","NYS Expanded Behavioral Risk Factor Surveillance System, data as of November 2022","42.224267","-78.606673","False"
"poor-mental-health","Age-adjusted percentage of adults with poor mental health for 14 or more days in the past month","Cayuga","15.1",,,"Percentage","2022","NYS Expanded Behavioral Risk Factor Surveillance System, data as of November 2022","42.940095","-76.560755","False"
"poor-mental-health","Age-adjusted percentage of adults with poor mental health for 14 or more days in the past month","Chautauqua","15.2",,,"Percentage","2022","NYS Expanded Behavioral Risk Factor Surveillance System, data as of November 2022","42.246904","-79.315313","False"
"poor-mental-health","Age-adjusted percentage of adults with poor mental health for 14 or more days in the past month","Chemung","23.5",,,"Percentage","2022","NYS Expanded Behavioral Risk Factor Surveillance System, data as of November 2022","42.116644","-76.812331","False"
"poor-mental-health","Age-adjusted percentage of adults with poor mental health for 14 or more days in the past month","Chenango","17.8",,,"Percentage","2022","NYS Expanded Behavioral Risk Factor Surveillance System, data as of November 2022","42.481798","-75.570013","False"
"poor-mental-health","Age-adjusted percentage of adults with poor mental health for 14 or more days in the past month","Clinton","18.6",,,"Percentage","2022","NYS Expanded Behavioral Risk Factor Surveillance System, data as of November 2022","44.731944","-73.548883","False"
"poor-mental-health","Age-adjusted percentage of adults with poor mental health for 14 or more days in the past month","Columbia","13.5",,,"Percentage","2022","NYS Expanded Behavioral Risk Factor Surveillance System, data as of November 2022","42.276913","-73.682168","False"
"poor-mental-health","Age-adjusted percentage of adults with poor mental health for 14 or more days in the past month","Cortland","14.9",,,"Percentage","2022","NYS Expanded Behavioral Risk Factor Surveillance System, data as of November 2022","42.597101","-76.143291","False"
"poor-mental-health","Age-adjusted percentage of adults with poor mental health for 14 or more days in the past month","Delaware","18",,,"Percentage","2022","NYS Expanded Behavioral Risk Factor Surveillance System, data as of November 2022","42.242972","-74.997944","False"
"poor-mental-health","Age-adjusted percentage of adults with poor mental health for 14 or more days in the past month","Dutchess","10.7",,,"Percentage","2022","NYS Expanded Behavioral Risk Factor Surveillance System, data as of November 2022","41.686216","-73.840468","False"
"poor-mental-health","Age-adjusted percentage of adults with poor mental health for 14 or more days in the past month","Erie","16.3",,,"Percentage","2022","NYS Expanded Behavioral Risk Factor Surveillance System, data as of November 2022","42.888143","-78.795544","False"
"poor-mental-health","Age-adjusted percentage of adults with poor mental health for 14 or more days in the past month","Essex","10.8",,,"Percentage","2022","NYS Expanded Behavioral Risk Factor Surveillance System, data as of November 2022","44.166026","-73.685145","False"
"poor-mental-health","Age-adjusted percentage of adults with poor mental health for 14 or more days in the past month","Franklin","15.5",,,"Percentage","2022","NYS Expanded Behavioral Risk Factor Surveillance System, data as of November 2022","44.705699","-74.340621","False"
"poor-mental-health","Age-adjusted percentage of adults with poor mental health for 14 or more days in the past month","Fulton","15.7",,,"Percentage","2022","NYS Expanded Behavioral Risk Factor Surveillance System, data as of November 2022","43.06014","-74.331296","False"
"poor-mental-health","Age-adjusted percentage of adults with poor mental health for 14 or more days in the past month","Genesee","16.1",,,"Percentage","2022","NYS Expanded Behavioral Risk Factor Surveillance System, data as of November 2022","43.000121","-78.172679","False"
"poor-mental-health","Age-adjusted percentage of adults with poor mental health for 14 or more days in the past month","Greene","20.6",,,"Percentage","2022","NYS Expanded Behavioral Risk Factor Surveillance System, data as of November 2022","42.298326","-73.973376","False"
"poor-mental-health","Age-adjusted percentage of adults with poor mental health for 14 or more days in the past month","Hamilton","17.1",,,"Percentage","2022","NYS Expanded Behavioral Risk Factor Surveillance System, data as of November 2022","43.618468","-74.395268","False"
"poor-mental-health","Age-adjusted percentage of adults with poor mental health for 14 or more days in the past month","Herkimer","16.2",,,"Percentage","2022","NYS Expanded Behavioral Risk Factor Surveillance System, data as of November 2022","43.070026","-74.994246","False"
"poor-mental-health","Age-adjusted percentage of adults with poor mental health for 14 or more days in the past month","Jefferson","14.1",,,"Percentage","2022","NYS Expanded Behavioral Risk Factor Surveillance System, data as of November 2022","44.019295","-75.898971","False"
"poor-mental-health","Age-adjusted percentage of adults with poor mental health for 14 or more days in the past month","Kings","14.6",,,"Percentage","2022","NYS Expanded Behavioral Risk Factor Surveillance System, data as of November 2022","40.65642","-73.950691","False"
"poor-mental-health","Age-adjusted percentage of adults with poor mental health for 14 or more days in the past month","Lewis","18.6",,,"Percentage","2022","NYS Expanded Behavioral Risk Factor Surveillance System, data as of November 2022","43.785537","-75.446296","False"
"poor-mental-health","Age-adjusted percentage of adults with poor mental health for 14 or more days in the past month","Livingston","20.6",,,"Percentage","2022","NYS Expanded Behavioral Risk Factor Surveillance System, data as of November 2022","42.763754","-77.765392","False"
"poor-mental-health","Age-adjusted percentage of adults with poor mental health for 14 or more days in the past month","Madison","21.6",,,"Percentage","2022","NYS Expanded Behavioral Risk Factor Surveillance System, data as of November 2022","42.986917","-75.720031","False"
"poor-mental-health","Age-adjusted percentage of adults with poor mental health for 14 or more days in the past month","Monroe","13.5",,,"Percentage","2022","NYS Expanded Behavioral Risk Factor Surveillance System, data as of November 2022","43.161748","-77.620143","False"
"poor-mental-health","Age-adjusted percentage of adults with poor mental health for 14 or more days in the past month","Montgomery","20.5",,,"Percentage","2022","NYS Expanded Behavioral Risk Factor Surveillance System, data as of November 2022","42.933637","-74.341972","False"
"poor-mental-health","Age-adjusted percentage of adults with poor mental health for 14 or more days in the past month","Nassau","11.4",,,"Percentage","2022","NYS Expanded Behavioral Risk Factor Surveillance System, data as of November 2022","40.715749","-73.601185","False"
"poor-mental-health","Age-adjusted percentage of adults with poor mental health for 14 or more days in the past month","New York","14.7",,,"Percentage","2022","NYS Expanded Behavioral Risk Factor Surveillance System, data as of November 2022","40.726966","-74.005966","False"
"poor-mental-health","Age-adjusted percentage of adults with poor mental health for 14 or more days in the past month","New York State","13.4",,,"Percentage","2022","NYS Expanded Behavioral Risk Factor Surveillance System, data as of November 2022",,,"False"
"poor-mental-health","Age-adjusted percentage of adults with poor mental health for 14 or more days in the past month","Niagara","14.8",,,"Percentage","2022","NYS Expanded Behavioral Risk Factor Surveillance System, data as of November 2022","43.134634","-78.856419","False"
"poor-mental-health","Age-adjusted percentage of adults with poor mental health for 14 or more days in the past month","Oneida","16.2",,,"Percentage","2022","NYS Expanded Behavioral Risk Factor Surveillance System, data as of November 2022","43.149482","-75.361773","False"
"poor-mental-health","Age-adjusted percentage of adults with poor mental health for 14 or more days in the past month","Onondaga","13.9",,,"Percentage","2022","NYS Expanded Behavioral Risk Factor Surveillance System, data as of November 2022","43.065629","-76.168033","False"
"poor-mental-health","Age-adjusted percentage of adults with poor mental health for 14 or more days in the past month","Ontario","15.1",,,"Percentage","2022","NYS Expanded Behavioral Risk Factor Surveillance System, data as of November 2022","42.894571","-77.252045","False"
"poor-mental-health","Age-adjusted percentage of adults with poor mental health for 14 or more days in the past month","Orange","10.4",,,"Percentage","2022","NYS Expanded Behavioral Risk Factor Surveillance System, data as of November 2022","41.422459","-74.241929","False"
"poor-mental-health","Age-adjusted percentage of adults with poor mental health for 14 or more days in the past month","Orleans","16.4",,,"Percentage","2022","NYS Expanded Behavioral Risk Factor Surveillance System, data as of November 2022","43.248394","-78.218438","False"
"poor-mental-health","Age-adjusted percentage of adults with poor mental health for 14 or more days in the past month","Oswego","16",,,"Percentage","2022","NYS Expanded Behavioral Risk Factor Surveillance System, data as of November 2022","43.39123","-76.31133","False"
"poor-mental-health","Age-adjusted percentage of adults with poor mental health for 14 or more days in the past month","Otsego","11",,,"Percentage","2022","NYS Expanded Behavioral Risk Factor Surveillance System, data as of November 2022","42.564852","-75.060334","False"
"poor-mental-health","Age-adjusted percentage of adults with poor mental health for 14 or more days in the past month","Putnam","17.4",,,"Percentage","2022","NYS Expanded Behavioral Risk Factor Surveillance System, data as of November 2022","41.41131","-73.717443","False"
"poor-mental-health","Age-adjusted percentage of adults with poor mental health for 14 or more days in the past month","Queens","12.2",,,"Percentage","2022","NYS Expanded Behavioral Risk Factor Surveillance System, data as of November 2022","40.749338","-73.789673","False"
"poor-mental-health","Age-adjusted percentage of adults with poor mental health for 14 or more days in the past month","Rensselaer","12.2",,,"Percentage","2022","NYS Expanded Behavioral Risk Factor Surveillance System, data as of November 2022","42.70098","-73.628669","False"
"poor-mental-health","Age-adjusted percentage of adults with poor mental health for 14 or more days in the past month","Richmond","13.1",,,"Percentage","2022","NYS Expanded Behavioral Risk Factor Surveillance System, data as of November 2022","40.566763","-74.148102","False"
"poor-mental-health","Age-adjusted percentage of adults with poor mental health for 14 or more days in the past month","Rockland","9.4",,,"Percentage","2022","NYS Expanded Behavioral Risk Factor Surveillance System, data as of November 2022","41.127287","-74.017033","False"
"poor-mental-health","Age-adjusted percentage of adults with poor mental health for 14 or more days in the past month","Saratoga","9.6",,,"Percentage","2022","NYS Expanded Behavioral Risk Factor Surveillance System, data as of November 2022","43.00894","-73.786779","False"
"poor-mental-health","Age-adjusted percentage of adults with poor mental health for 14 or more days in the past month","Schenectady","13",,,"Percentage","2022","NYS Expanded Behavioral Risk Factor Surveillance System, data as of November 2022","42.809233","-73.946838","False"
"poor-mental-health","Age-adjusted percentage of adults with poor mental health for 14 or more days in the past month","Schoharie","18",,,"Percentage","2022","NYS Expanded Behavioral Risk Factor Surveillance System, data as of November 2022","42.643426","-74.434606","False"
"poor-mental-health","Age-adjusted percentage of adults with poor mental health for 14 or more days in the past month","Schuyler","12.3",,,"Percentage","2022","NYS Expanded Behavioral Risk Factor Surveillance System, data as of November 2022","42.38593","-76.872032","False"
"poor-mental-health","Age-adjusted percentage of adults with poor mental health for 14 or more days in the past month","Seneca","16.2",,,"Percentage","2022","NYS Expanded Behavioral Risk Factor Surveillance System, data as of November 2022","42.833627","-76.82753","False"
"poor-mental-health","Age-adjusted percentage of adults with poor mental health for 14 or more days in the past month","St. Lawrence","18.7",,,"Percentage","2022","NYS Expanded Behavioral Risk Factor Surveillance System, data as of November 2022","44.689468","-75.242045","False"
"poor-mental-health","Age-adjusted percentage of adults with poor mental health for 14 or more days in the past month","Steuben","14.8",,,"Percentage","2022","NYS Expanded Behavioral Risk Factor Surveillance System, data as of November 2022","42.270053","-77.324618","False"
"poor-mental-health","Age-adjusted percentage of adults with poor mental health for 14 or more days in the past month","Suffolk","13.8",,,"Percentage","2022","NYS Expanded Behavioral Risk Factor Surveillance System, data as of November 2022","40.820237","-73.119032","False"
"poor-mental-health","Age-adjusted percentage of adults with poor mental health for 14 or more days in the past month","Sullivan","16.3",,,"Percentage","2022","NYS Expanded Behavioral Risk Factor Surveillance System, data as of November 2022","41.705166","-74.711705","False"
"poor-mental-health","Age-adjusted percentage of adults with poor mental health for 14 or more days in the past month","Tioga","13.4",,,"Percentage","2022","NYS Expanded Behavioral Risk Factor Surveillance System, data as of November 2022","42.120252","-76.29595","False"
"poor-mental-health","Age-adjusted percentage of adults with poor mental health for 14 or more days in the past month","Tompkins","14.9",,,"Percentage","2022","NYS Expanded Behavioral Risk Factor Surveillance System, data as of November 2022","42.461024","-76.478784","False"
"poor-mental-health","Age-adjusted percentage of adults with poor mental health for 14 or more days in the past month","Ulster","15.7",,,"Percentage","2022","NYS Expanded Behavioral Risk Factor Surveillance System, data as of November 2022","41.848374","-74.099412","False"
"poor-mental-health","Age-adjusted percentage of adults with poor mental health for 14 or more days in the past month","Warren","19.2",,,"Percentage","2022","NYS Expanded Behavioral Risk Factor Surveillance System, data as of November 2022","43.403024","-73.716044","False"
"poor-mental-health","Age-adjusted percentage of adults with poor mental health for 14 or more days in the past month","Washington","17.8",,,"Percentage","2022","NYS Expanded Behavioral Risk Factor Surveillance System, data as of November 2022","43.289513","-73.454761","False"
"poor-mental-health","Age-adjusted percentage of adults with poor mental health for 14 or more days in the past month","Wayne","15",,,"Percentage","2022","NYS Expanded Behavioral Risk Factor Surveillance System, data as of November 2022","43.144336","-77.117995","False"
"poor-mental-health","Age-adjusted percentage of adults with poor mental health for 14 or more days in the past month","Westchester","10.4",,,"Percentage","2022","NYS Expanded Behavioral Risk Factor Surveillance System, data as of November 2022","41.039278","-73.805386","False"
"poor-mental-health","Age-adjusted percentage of adults with poor mental health for 14 or more days in the past month","Wyoming","13.4",,,"Percentage","2022","NYS Expanded Behavioral Risk Factor Surveillance System, data as of November 2022","42.723641","-78.204473","False"
"poor-mental-health","Age-adjusted percentage of adults with poor mental health for 14 or more days in the past month","Yates","9.3",,,"Percentage","2022","NYS Expanded Behavioral Risk Factor Surveillance System, data as of November 2022","42.634338","-77.078311","False"
"potential-life-lost","Years of potential life lost per 100,000","Albany","7245.2","62449","287311","Rate","2019-2021","2021 Vital Statistics Data as of July, 2023","42.678066","-73.814233","False"
"potential-life-lost","Years of potential life lost per 100,000","Allegany","7608.9","9771","42805","Rate","2019-2021","2021 Vital Statistics Data as of July, 2023","42.226801","-78.020567","False"
"potential-life-lost","Years of potential life lost per 100,000","Bronx","8852.2","357451","1345994","Rate","2019-2021","2021 Vital Statistics Data as of July, 2023","40.85589","-73.868294","False"
"potential-life-lost","Years of potential life lost per 100,000","Broome","8430.3","44746","176926","Rate","2019-2021","2021 Vital Statistics Data as of July, 2023","42.122015","-75.933191","False"
"potential-life-lost","Years of potential life lost per 100,000","Cattaraugus","10172","21547","70609","Rate","2019-2021","2021 Vital Statistics Data as of July, 2023","42.224267","-78.606673","False"
"potential-life-lost","Years of potential life lost per 100,000","Cayuga","7954.6","16794","70375","Rate","2019-2021","2021 Vital Statistics Data as of July, 2023","42.940095","-76.560755","False"
"potential-life-lost","Years of potential life lost per 100,000","Chautauqua","9068.5","31549","115965","Rate","2019-2021","2021 Vital Statistics Data as of July, 2023","42.246904","-79.315313","False"
"potential-life-lost","Years of potential life lost per 100,000","Chemung","10022.2","23060","76697","Rate","2019-2021","2021 Vital Statistics Data as of July, 2023","42.116644","-76.812331","False"
"potential-life-lost","Years of potential life lost per 100,000","Chenango","9913.8","12817","43095","Rate","2019-2021","2021 Vital Statistics Data as of July, 2023","42.481798","-75.570013","False"
"potential-life-lost","Years of potential life lost per 100,000","Clinton","6872.7","15377","74580","Rate","2019-2021","2021 Vital Statistics Data as of July, 2023","44.731944","-73.548883","False"
"potential-life-lost","Years of potential life lost per 100,000","Columbia","7955.6","12978","54377","Rate","2019-2021","2021 Vital Statistics Data as of July, 2023","42.276913","-73.682168","False"
"potential-life-lost","Years of potential life lost per 100,000","Cortland","7816.2","10328","44045","Rate","2019-2021","2021 Vital Statistics Data as of July, 2023","42.597101","-76.143291","False"
"potential-life-lost","Years of potential life lost per 100,000","Delaware","8864.6","10596","39844","Rate","2019-2021","2021 Vital Statistics Data as of July, 2023","42.242972","-74.997944","False"
"potential-life-lost","Years of potential life lost per 100,000","Dutchess","6736.3","55039","272351","Rate","2019-2021","2021 Vital Statistics Data as of July, 2023","41.686216","-73.840468","False"
"potential-life-lost","Years of potential life lost per 100,000","Erie","8140.3","209601","858282","Rate","2019-2021","2021 Vital Statistics Data as of July, 2023","42.888143","-78.795544","False"
"potential-life-lost","Years of potential life lost per 100,000","Essex","7911.4","7960","33538","Rate","2019-2021","2021 Vital Statistics Data as of July, 2023","44.166026","-73.685145","False"
"potential-life-lost","Years of potential life lost per 100,000","Franklin","7785","10669","45682","Rate","2019-2021","2021 Vital Statistics Data as of July, 2023","44.705699","-74.340621","False"
"potential-life-lost","Years of potential life lost per 100,000","Fulton","9866.3","14523","49066","Rate","2019-2021","2021 Vital Statistics Data as of July, 2023","43.06014","-74.331296","False"
"potential-life-lost","Years of potential life lost per 100,000","Genesee","7949.1","12583","52765","Rate","2019-2021","2021 Vital Statistics Data as of July, 2023","43.000121","-78.172679","False"
"potential-life-lost","Years of potential life lost per 100,000","Greene","8878.7","11523","43261","Rate","2019-2021","2021 Vital Statistics Data as of July, 2023","42.298326","-73.973376","False"
"potential-life-lost","Years of potential life lost per 100,000","Hamilton","6603.3","813","4104","Rate","2019-2021","2021 Vital Statistics Data as of July, 2023","43.618468","-74.395268","False"
"potential-life-lost","Years of potential life lost per 100,000","Herkimer","8336.4","13956","55804","Rate","2019-2021","2021 Vital Statistics Data as of July, 2023","43.070026","-74.994246","False"
"potential-life-lost","Years of potential life lost per 100,000","Jefferson","7436","23980","107495","Rate","2019-2021","2021 Vital Statistics Data as of July, 2023","44.019295","-75.898971","False"
"potential-life-lost","Years of potential life lost per 100,000","Kings","6343.4","464349","2440048","Rate","2019-2021","2021 Vital Statistics Data as of July, 2023","40.65642","-73.950691","False"
"potential-life-lost","Years of potential life lost per 100,000","Lewis","7653.9","5612","24441","Rate","2019-2021","2021 Vital Statistics Data as of July, 2023","43.785537","-75.446296","False"
"potential-life-lost","Years of potential life lost per 100,000","Livingston","6265","10902","58004","Rate","2019-2021","2021 Vital Statistics Data as of July, 2023","42.763754","-77.765392","False"
"potential-life-lost","Years of potential life lost per 100,000","Madison","6547.9","12677","64535","Rate","2019-2021","2021 Vital Statistics Data as of July, 2023","42.986917","-75.720031","False"
"potential-life-lost","Years of potential life lost per 100,000","Monroe","7440","154422","691855","Rate","2019-2021","2021 Vital Statistics Data as of July, 2023","43.161748","-77.620143","False"
"potential-life-lost","Years of potential life lost per 100,000","Montgomery","9086.5","12426","45584","Rate","2019-2021","2021 Vital Statistics Data as of July, 2023","42.933637","-74.341972","False"
"potential-life-lost","Years of potential life lost per 100,000","Nassau","5129.8","193943","1260233","Rate","2019-2021","2021 Vital Statistics Data as of July, 2023","40.715749","-73.601185","False"
"potential-life-lost","Years of potential life lost per 100,000","New York","4966.2","221644","1487675","Rate","2019-2021","2021 Vital Statistics Data as of July, 2023","40.726966","-74.005966","False"
"potential-life-lost","Years of potential life lost per 100,000","New York State","6730.2","3678791","18220195","Rate","2019-2021","2021 Vital Statistics Data as of July, 2023",,,"False"
"potential-life-lost","Years of potential life lost per 100,000","Niagara","9591.9","55742","193712","Rate","2019-2021","2021 Vital Statistics Data as of July, 2023","43.134634","-78.856419","False"
"potential-life-lost","Years of potential life lost per 100,000","Oneida","8907.2","56200","210316","Rate","2019-2021","2021 Vital Statistics Data as of July, 2023","43.149482","-75.361773","False"
"potential-life-lost","Years of potential life lost per 100,000","Onondaga","7721.1","99710","430463","Rate","2019-2021","2021 Vital Statistics Data as of July, 2023","43.065629","-76.168033","False"
"potential-life-lost","Years of potential life lost per 100,000","Ontario","6423.4","19571","101560","Rate","2019-2021","2021 Vital Statistics Data as of July, 2023","42.894571","-77.252045","False"
"potential-life-lost","Years of potential life lost per 100,000","Orange","6583.6","72586","367509","Rate","2019-2021","2021 Vital Statistics Data as of July, 2023","41.422459","-74.241929","False"
"potential-life-lost","Years of potential life lost per 100,000","Orleans","8180.5","9174","37382","Rate","2019-2021","2021 Vital Statistics Data as of July, 2023","43.248394","-78.218438","False"
"potential-life-lost","Years of potential life lost per 100,000","Oswego","8768.4","28942","110023","Rate","2019-2021","2021 Vital Statistics Data as of July, 2023","43.39123","-76.31133","False"
"potential-life-lost","Years of potential life lost per 100,000","Otsego","7278.4","11953","54742","Rate","2019-2021","2021 Vital Statistics Data as of July, 2023","42.564852","-75.060334","False"
"potential-life-lost","Years of potential life lost per 100,000","Putnam","4766.9","13081","91472","Rate","2019-2021","2021 Vital Statistics Data as of July, 2023","41.41131","-73.717443","False"
"potential-life-lost","Years of potential life lost per 100,000","Queens","5968.8","381805","2132228","Rate","2019-2021","2021 Vital Statistics Data as of July, 2023","40.749338","-73.789673","False"
"potential-life-lost","Years of potential life lost per 100,000","Rensselaer","7322.9","32665","148689","Rate","2019-2021","2021 Vital Statistics Data as of July, 2023","42.70098","-73.628669","False"
"potential-life-lost","Years of potential life lost per 100,000","Richmond","6880.6","92837","449751","Rate","2019-2021","2021 Vital Statistics Data as of July, 2023","40.566763","-74.148102","False"
"potential-life-lost","Years of potential life lost per 100,000","Rockland","5472.9","50320","306482","Rate","2019-2021","2021 Vital Statistics Data as of July, 2023","41.127287","-74.017033","False"
"potential-life-lost","Years of potential life lost per 100,000","Saratoga","5564.2","35955","215396","Rate","2019-2021","2021 Vital Statistics Data as of July, 2023","43.00894","-73.786779","False"
"potential-life-lost","Years of potential life lost per 100,000","Schenectady","8272.8","36013","145107","Rate","2019-2021","2021 Vital Statistics Data as of July, 2023","42.809233","-73.946838","False"
"potential-life-lost","Years of potential life lost per 100,000","Schoharie","8090.4","6797","28004","Rate","2019-2021","2021 Vital Statistics Data as of July, 2023","42.643426","-74.434606","False"
"potential-life-lost","Years of potential life lost per 100,000","Schuyler","8659.9","4241","16324","Rate","2019-2021","2021 Vital Statistics Data as of July, 2023","42.38593","-76.872032","False"
"potential-life-lost","Years of potential life lost per 100,000","Seneca","8231","7742","31353","Rate","2019-2021","2021 Vital Statistics Data as of July, 2023","42.833627","-76.82753","False"
"potential-life-lost","Years of potential life lost per 100,000","St. Lawrence","7668.2","23099","100411","Rate","2019-2021","2021 Vital Statistics Data as of July, 2023","44.689468","-75.242045","False"
"potential-life-lost","Years of potential life lost per 100,000","Steuben","8533.4","22273","87003","Rate","2019-2021","2021 Vital Statistics Data as of July, 2023","42.270053","-77.324618","False"
"potential-life-lost","Years of potential life lost per 100,000","Suffolk","6504.9","270784","1387592","Rate","2019-2021","2021 Vital Statistics Data as of July, 2023","40.820237","-73.119032","False"
"potential-life-lost","Years of potential life lost per 100,000","Sullivan","9936.1","21180","71054","Rate","2019-2021","2021 Vital Statistics Data as of July, 2023","41.705166","-74.711705","False"
"potential-life-lost","Years of potential life lost per 100,000","Tioga","7542","9949","43971","Rate","2019-2021","2021 Vital Statistics Data as of July, 2023","42.120252","-76.29595","False"
"potential-life-lost","Years of potential life lost per 100,000","Tompkins","4738.2","13876","97618","Rate","2019-2021","2021 Vital Statistics Data as of July, 2023","42.461024","-76.478784","False"
"potential-life-lost","Years of potential life lost per 100,000","Ulster","7358.6","36503","165352","Rate","2019-2021","2021 Vital Statistics Data as of July, 2023","41.848374","-74.099412","False"
"potential-life-lost","Years of potential life lost per 100,000","Warren","7985.8","14075","58750","Rate","2019-2021","2021 Vital Statistics Data as of July, 2023","43.403024","-73.716044","False"
"potential-life-lost","Years of potential life lost per 100,000","Washington","8411.8","14150","56072","Rate","2019-2021","2021 Vital Statistics Data as of July, 2023","43.289513","-73.454761","False"
"potential-life-lost","Years of potential life lost per 100,000","Wayne","8238.5","20619","83426","Rate","2019-2021","2021 Vital Statistics Data as of July, 2023","43.144336","-77.117995","False"
"potential-life-lost","Years of potential life lost per 100,000","Westchester","5109.1","138125","901173","Rate","2019-2021","2021 Vital Statistics Data as of July, 2023","41.039278","-73.805386","False"
"potential-life-lost","Years of potential life lost per 100,000","Wyoming","6827.7","7610","37153","Rate","2019-2021","2021 Vital Statistics Data as of July, 2023","42.723641","-78.204473","False"
"potential-life-lost","Years of potential life lost per 100,000","Yates","7511.3","5129","22761","Rate","2019-2021","2021 Vital Statistics Data as of July, 2023","42.634338","-77.078311","False"
"poverty","Percentage of population in poverty","Albany","11.9",,,"Percentage","2021","U.S. Census Bureau, data as of December 2021","42.678066","-73.814233","False"
"poverty","Percentage of population in poverty","Allegany","14.6",,,"Percentage","2021","U.S. Census Bureau, data as of December 2021","42.226801","-78.020567","False"
"poverty","Percentage of population in poverty","Bronx","26.4",,,"Percentage","2021","U.S. Census Bureau, data as of December 2021","40.85589","-73.868294","False"
"poverty","Percentage of population in poverty","Broome","14.1",,,"Percentage","2021","U.S. Census Bureau, data as of December 2021","42.122015","-75.933191","False"
"poverty","Percentage of population in poverty","Cattaraugus","16.1",,,"Percentage","2021","U.S. Census Bureau, data as of December 2021","42.224267","-78.606673","False"
"poverty","Percentage of population in poverty","Cayuga","14.8",,,"Percentage","2021","U.S. Census Bureau, data as of December 2021","42.940095","-76.560755","False"
"poverty","Percentage of population in poverty","Chautauqua","17.2",,,"Percentage","2021","U.S. Census Bureau, data as of December 2021","42.246904","-79.315313","False"
"poverty","Percentage of population in poverty","Chemung","14.9",,,"Percentage","2021","U.S. Census Bureau, data as of December 2021","42.116644","-76.812331","False"
"poverty","Percentage of population in poverty","Chenango","13.3",,,"Percentage","2021","U.S. Census Bureau, data as of December 2021","42.481798","-75.570013","False"
"poverty","Percentage of population in poverty","Clinton","15.1",,,"Percentage","2021","U.S. Census Bureau, data as of December 2021","44.731944","-73.548883","False"
"poverty","Percentage of population in poverty","Columbia","10.5",,,"Percentage","2021","U.S. Census Bureau, data as of December 2021","42.276913","-73.682168","False"
"poverty","Percentage of population in poverty","Cortland","11",,,"Percentage","2021","U.S. Census Bureau, data as of December 2021","42.597101","-76.143291","False"
"poverty","Percentage of population in poverty","Delaware","15.9",,,"Percentage","2021","U.S. Census Bureau, data as of December 2021","42.242972","-74.997944","False"
"poverty","Percentage of population in poverty","Dutchess","9.7",,,"Percentage","2021","U.S. Census Bureau, data as of December 2021","41.686216","-73.840468","False"
"poverty","Percentage of population in poverty","Erie","13.7",,,"Percentage","2021","U.S. Census Bureau, data as of December 2021","42.888143","-78.795544","False"
"poverty","Percentage of population in poverty","Essex","11.3",,,"Percentage","2021","U.S. Census Bureau, data as of December 2021","44.166026","-73.685145","False"
"poverty","Percentage of population in poverty","Franklin","16.7",,,"Percentage","2021","U.S. Census Bureau, data as of December 2021","44.705699","-74.340621","False"
"poverty","Percentage of population in poverty","Fulton","13.6",,,"Percentage","2021","U.S. Census Bureau, data as of December 2021","43.06014","-74.331296","False"
"poverty","Percentage of population in poverty","Genesee","9.6",,,"Percentage","2021","U.S. Census Bureau, data as of December 2021","43.000121","-78.172679","False"
"poverty","Percentage of population in poverty","Greene","11.7",,,"Percentage","2021","U.S. Census Bureau, data as of December 2021","42.298326","-73.973376","False"
"poverty","Percentage of population in poverty","Hamilton","9.6",,,"Percentage","2021","U.S. Census Bureau, data as of December 2021","43.618468","-74.395268","False"
"poverty","Percentage of population in poverty","Herkimer","13.3",,,"Percentage","2021","U.S. Census Bureau, data as of December 2021","43.070026","-74.994246","False"
"poverty","Percentage of population in poverty","Jefferson","12.4",,,"Percentage","2021","U.S. Census Bureau, data as of December 2021","44.019295","-75.898971","False"
"poverty","Percentage of population in poverty","Kings","19.2",,,"Percentage","2021","U.S. Census Bureau, data as of December 2021","40.65642","-73.950691","False"
"poverty","Percentage of population in poverty","Lewis","12.6",,,"Percentage","2021","U.S. Census Bureau, data as of December 2021","43.785537","-75.446296","False"
"poverty","Percentage of population in poverty","Livingston","12",,,"Percentage","2021","U.S. Census Bureau, data as of December 2021","42.763754","-77.765392","False"
"poverty","Percentage of population in poverty","Madison","10.4",,,"Percentage","2021","U.S. Census Bureau, data as of December 2021","42.986917","-75.720031","False"
"poverty","Percentage of population in poverty","Monroe","13.3",,,"Percentage","2021","U.S. Census Bureau, data as of December 2021","43.161748","-77.620143","False"
"poverty","Percentage of population in poverty","Montgomery","15",,,"Percentage","2021","U.S. Census Bureau, data as of December 2021","42.933637","-74.341972","False"
"poverty","Percentage of population in poverty","Nassau","6.1",,,"Percentage","2021","U.S. Census Bureau, data as of December 2021","40.715749","-73.601185","False"
"poverty","Percentage of population in poverty","New York","17.4",,,"Percentage","2021","U.S. Census Bureau, data as of December 2021","40.726966","-74.005966","False"
"poverty","Percentage of population in poverty","New York State","14",,,"Percentage","2021","U.S. Census Bureau, data as of December 2021",,,"False"
"poverty","Percentage of population in poverty","Niagara","13",,,"Percentage","2021","U.S. Census Bureau, data as of December 2021","43.134634","-78.856419","False"
"poverty","Percentage of population in poverty","Oneida","14.2",,,"Percentage","2021","U.S. Census Bureau, data as of December 2021","43.149482","-75.361773","False"
"poverty","Percentage of population in poverty","Onondaga","14.2",,,"Percentage","2021","U.S. Census Bureau, data as of December 2021","43.065629","-76.168033","False"
"poverty","Percentage of population in poverty","Ontario","7.8",,,"Percentage","2021","U.S. Census Bureau, data as of December 2021","42.894571","-77.252045","False"
"poverty","Percentage of population in poverty","Orange","12.2",,,"Percentage","2021","U.S. Census Bureau, data as of December 2021","41.422459","-74.241929","False"
"poverty","Percentage of population in poverty","Orleans","16.1",,,"Percentage","2021","U.S. Census Bureau, data as of December 2021","43.248394","-78.218438","False"
"poverty","Percentage of population in poverty","Oswego","15.7",,,"Percentage","2021","U.S. Census Bureau, data as of December 2021","43.39123","-76.31133","False"
"poverty","Percentage of population in poverty","Otsego","13.8",,,"Percentage","2021","U.S. Census Bureau, data as of December 2021","42.564852","-75.060334","False"
"poverty","Percentage of population in poverty","Putnam","6.6",,,"Percentage","2021","U.S. Census Bureau, data as of December 2021","41.41131","-73.717443","False"
"poverty","Percentage of population in poverty","Queens","13.6",,,"Percentage","2021","U.S. Census Bureau, data as of December 2021","40.749338","-73.789673","False"
"poverty","Percentage of population in poverty","Rensselaer","12.3",,,"Percentage","2021","U.S. Census Bureau, data as of December 2021","42.70098","-73.628669","False"
"poverty","Percentage of population in poverty","Richmond","11.9",,,"Percentage","2021","U.S. Census Bureau, data as of December 2021","40.566763","-74.148102","False"
"poverty","Percentage of population in poverty","Rockland","15.2",,,"Percentage","2021","U.S. Census Bureau, data as of December 2021","41.127287","-74.017033","False"
"poverty","Percentage of population in poverty","Saratoga","7.7",,,"Percentage","2021","U.S. Census Bureau, data as of December 2021","43.00894","-73.786779","False"
"poverty","Percentage of population in poverty","Schenectady","12.9",,,"Percentage","2021","U.S. Census Bureau, data as of December 2021","42.809233","-73.946838","False"
"poverty","Percentage of population in poverty","Schoharie","12.9",,,"Percentage","2021","U.S. Census Bureau, data as of December 2021","42.643426","-74.434606","False"
"poverty","Percentage of population in poverty","Schuyler","13.6",,,"Percentage","2021","U.S. Census Bureau, data as of December 2021","42.38593","-76.872032","False"
"poverty","Percentage of population in poverty","Seneca","13.4",,,"Percentage","2021","U.S. Census Bureau, data as of December 2021","42.833627","-76.82753","False"
"poverty","Percentage of population in poverty","St. Lawrence","15",,,"Percentage","2021","U.S. Census Bureau, data as of December 2021","44.689468","-75.242045","False"
"poverty","Percentage of population in poverty","Steuben","13.7",,,"Percentage","2021","U.S. Census Bureau, data as of December 2021","42.270053","-77.324618","False"
"poverty","Percentage of population in poverty","Suffolk","6.4",,,"Percentage","2021","U.S. Census Bureau, data as of December 2021","40.820237","-73.119032","False"
"poverty","Percentage of population in poverty","Sullivan","17.1",,,"Percentage","2021","U.S. Census Bureau, data as of December 2021","41.705166","-74.711705","False"
"poverty","Percentage of population in poverty","Tioga","11.7",,,"Percentage","2021","U.S. Census Bureau, data as of December 2021","42.120252","-76.29595","False"
"poverty","Percentage of population in poverty","Tompkins","16.2",,,"Percentage","2021","U.S. Census Bureau, data as of December 2021","42.461024","-76.478784","False"
"poverty","Percentage of population in poverty","Ulster","11.3",,,"Percentage","2021","U.S. Census Bureau, data as of December 2021","41.848374","-74.099412","False"
"poverty","Percentage of population in poverty","Warren","10.2",,,"Percentage","2021","U.S. Census Bureau, data as of December 2021","43.403024","-73.716044","False"
"poverty","Percentage of population in poverty","Washington","12.3",,,"Percentage","2021","U.S. Census Bureau, data as of December 2021","43.289513","-73.454761","False"
"poverty","Percentage of population in poverty","Wayne","10",,,"Percentage","2021","U.S. Census Bureau, data as of December 2021","43.144336","-77.117995","False"
"poverty","Percentage of population in poverty","Westchester","9.4",,,"Percentage","2021","U.S. Census Bureau, data as of December 2021","41.039278","-73.805386","False"
"poverty","Percentage of population in poverty","Wyoming","9.4",,,"Percentage","2021","U.S. Census Bureau, data as of December 2021","42.723641","-78.204473","False"
"poverty","Percentage of population in poverty","Yates","10.6",,,"Percentage","2021","U.S. Census Bureau, data as of December 2021","42.634338","-77.078311","False"
"premature-birth","Percentage of premature births with <37 weeks gestation","Albany","10","877","2919","Percentage","2019-2021","2021 Vital Statistics Data as of July, 2023","42.678066","-73.814233","False"
"premature-birth","Percentage of premature births with <37 weeks gestation","Allegany","8.8","121","460","Percentage","2019-2021","2021 Vital Statistics Data as of July, 2023","42.226801","-78.020567","False"
"premature-birth","Percentage of premature births with <37 weeks gestation","Bronx","11","5841","17746","Percentage","2019-2021","2021 Vital Statistics Data as of July, 2023","40.85589","-73.868294","False"
"premature-birth","Percentage of premature births with <37 weeks gestation","Broome","9.6","533","1857","Percentage","2019-2021","2021 Vital Statistics Data as of July, 2023","42.122015","-75.933191","False"
"premature-birth","Percentage of premature births with <37 weeks gestation","Cattaraugus","8.6","188","730","Percentage","2019-2021","2021 Vital Statistics Data as of July, 2023","42.224267","-78.606673","False"
"premature-birth","Percentage of premature births with <37 weeks gestation","Cayuga","9.3","194","699","Percentage","2019-2021","2021 Vital Statistics Data as of July, 2023","42.940095","-76.560755","False"
"premature-birth","Percentage of premature births with <37 weeks gestation","Chautauqua","9.7","362","1239","Percentage","2019-2021","2021 Vital Statistics Data as of July, 2023","42.246904","-79.315313","False"
"premature-birth","Percentage of premature births with <37 weeks gestation","Chemung","8.5","213","840","Percentage","2019-2021","2021 Vital Statistics Data as of July, 2023","42.116644","-76.812331","False"
"premature-birth","Percentage of premature births with <37 weeks gestation","Chenango","8.3","113","452","Percentage","2019-2021","2021 Vital Statistics Data as of July, 2023","42.481798","-75.570013","False"
"premature-birth","Percentage of premature births with <37 weeks gestation","Clinton","8.6","172","668","Percentage","2019-2021","2021 Vital Statistics Data as of July, 2023","44.731944","-73.548883","False"
"premature-birth","Percentage of premature births with <37 weeks gestation","Columbia","9.2","129","468","Percentage","2019-2021","2021 Vital Statistics Data as of July, 2023","42.276913","-73.682168","False"
"premature-birth","Percentage of premature births with <37 weeks gestation","Cortland","7.8","102","434","Percentage","2019-2021","2021 Vital Statistics Data as of July, 2023","42.597101","-76.143291","False"
"premature-birth","Percentage of premature births with <37 weeks gestation","Delaware","9.2","99","359","Percentage","2019-2021","2021 Vital Statistics Data as of July, 2023","42.242972","-74.997944","False"
"premature-birth","Percentage of premature births with <37 weeks gestation","Dutchess","9.4","741","2628","Percentage","2019-2021","2021 Vital Statistics Data as of July, 2023","41.686216","-73.840468","False"
"premature-birth","Percentage of premature births with <37 weeks gestation","Erie","10.6","3026","9537","Percentage","2019-2021","2021 Vital Statistics Data as of July, 2023","42.888143","-78.795544","False"
"premature-birth","Percentage of premature births with <37 weeks gestation","Essex","8.9","75","282","Percentage","2019-2021","2021 Vital Statistics Data as of July, 2023","44.166026","-73.685145","False"
"premature-birth","Percentage of premature births with <37 weeks gestation","Franklin","9.9","125","423","Percentage","2019-2021","2021 Vital Statistics Data as of July, 2023","44.705699","-74.340621","False"
"premature-birth","Percentage of premature births with <37 weeks gestation","Fulton","10","144","481","Percentage","2019-2021","2021 Vital Statistics Data as of July, 2023","43.06014","-74.331296","False"
"premature-birth","Percentage of premature births with <37 weeks gestation","Genesee","9.6","158","546","Percentage","2019-2021","2021 Vital Statistics Data as of July, 2023","43.000121","-78.172679","False"
"premature-birth","Percentage of premature births with <37 weeks gestation","Greene","8.4","96","379","Percentage","2019-2021","2021 Vital Statistics Data as of July, 2023","42.298326","-73.973376","False"
"premature-birth","Percentage of premature births with <37 weeks gestation","Hamilton",,,"28","Percentage","2019-2021","2021 Vital Statistics Data as of July, 2023","43.618468","-74.395268","True"
"premature-birth","Percentage of premature births with <37 weeks gestation","Herkimer","8.1","145","595","Percentage","2019-2021","2021 Vital Statistics Data as of July, 2023","43.070026","-74.994246","False"
"premature-birth","Percentage of premature births with <37 weeks gestation","Jefferson","9.4","505","1783","Percentage","2019-2021","2021 Vital Statistics Data as of July, 2023","44.019295","-75.898971","False"
"premature-birth","Percentage of premature births with <37 weeks gestation","Kings","8.6","8967","34830","Percentage","2019-2021","2021 Vital Statistics Data as of July, 2023","40.65642","-73.950691","False"
"premature-birth","Percentage of premature births with <37 weeks gestation","Lewis","7.1","61","286","Percentage","2019-2021","2021 Vital Statistics Data as of July, 2023","43.785537","-75.446296","False"
"premature-birth","Percentage of premature births with <37 weeks gestation","Livingston","7.7","121","522","Percentage","2019-2021","2021 Vital Statistics Data as of July, 2023","42.763754","-77.765392","False"
"premature-birth","Percentage of premature births with <37 weeks gestation","Madison","9.7","162","557","Percentage","2019-2021","2021 Vital Statistics Data as of July, 2023","42.986917","-75.720031","False"
"premature-birth","Percentage of premature births with <37 weeks gestation","Monroe","10.4","2395","7713","Percentage","2019-2021","2021 Vital Statistics Data as of July, 2023","43.161748","-77.620143","False"
"premature-birth","Percentage of premature births with <37 weeks gestation","Montgomery","9.9","170","575","Percentage","2019-2021","2021 Vital Statistics Data as of July, 2023","42.933637","-74.341972","False"
"premature-birth","Percentage of premature births with <37 weeks gestation","Nassau","9.4","3882","13790","Percentage","2019-2021","2021 Vital Statistics Data as of July, 2023","40.715749","-73.601185","False"
"premature-birth","Percentage of premature births with <37 weeks gestation","New York","8.7","3846","14665","Percentage","2019-2021","2021 Vital Statistics Data as of July, 2023","40.726966","-74.005966","False"
"premature-birth","Percentage of premature births with <37 weeks gestation","New York State","9.4","59542","211925","Percentage","2019-2021","2021 Vital Statistics Data as of July, 2023",,,"False"
"premature-birth","Percentage of premature births with <37 weeks gestation","Niagara","10.2","615","2010","Percentage","2019-2021","2021 Vital Statistics Data as of July, 2023","43.134634","-78.856419","False"
"premature-birth","Percentage of premature births with <37 weeks gestation","Oneida","10.6","776","2433","Percentage","2019-2021","2021 Vital Statistics Data as of July, 2023","43.149482","-75.361773","False"
"premature-birth","Percentage of premature births with <37 weeks gestation","Onondaga","9.7","1437","4932","Percentage","2019-2021","2021 Vital Statistics Data as of July, 2023","43.065629","-76.168033","False"
"premature-birth","Percentage of premature births with <37 weeks gestation","Ontario","8.8","254","962","Percentage","2019-2021","2021 Vital Statistics Data as of July, 2023","42.894571","-77.252045","False"
"premature-birth","Percentage of premature births with <37 weeks gestation","Orange","8.4","1336","5284","Percentage","2019-2021","2021 Vital Statistics Data as of July, 2023","41.422459","-74.241929","False"
"premature-birth","Percentage of premature births with <37 weeks gestation","Orleans","10.2","123","402","Percentage","2019-2021","2021 Vital Statistics Data as of July, 2023","43.248394","-78.218438","False"
"premature-birth","Percentage of premature births with <37 weeks gestation","Oswego","8.7","301","1159","Percentage","2019-2021","2021 Vital Statistics Data as of July, 2023","43.39123","-76.31133","False"
"premature-birth","Percentage of premature births with <37 weeks gestation","Otsego","6.9","93","449","Percentage","2019-2021","2021 Vital Statistics Data as of July, 2023","42.564852","-75.060334","False"
"premature-birth","Percentage of premature births with <37 weeks gestation","Putnam","9.1","232","847","Percentage","2019-2021","2021 Vital Statistics Data as of July, 2023","41.41131","-73.717443","False"
"premature-birth","Percentage of premature births with <37 weeks gestation","Queens","9.5","7121","24951","Percentage","2019-2021","2021 Vital Statistics Data as of July, 2023","40.749338","-73.789673","False"
"premature-birth","Percentage of premature births with <37 weeks gestation","Rensselaer","10.4","484","1551","Percentage","2019-2021","2021 Vital Statistics Data as of July, 2023","42.70098","-73.628669","False"
"premature-birth","Percentage of premature births with <37 weeks gestation","Richmond","9.6","1442","5018","Percentage","2019-2021","2021 Vital Statistics Data as of July, 2023","40.566763","-74.148102","False"
"premature-birth","Percentage of premature births with <37 weeks gestation","Rockland","6.6","1144","5760","Percentage","2019-2021","2021 Vital Statistics Data as of July, 2023","41.127287","-74.017033","False"
"premature-birth","Percentage of premature births with <37 weeks gestation","Saratoga","8.7","534","2041","Percentage","2019-2021","2021 Vital Statistics Data as of July, 2023","43.00894","-73.786779","False"
"premature-birth","Percentage of premature births with <37 weeks gestation","Schenectady","10.6","552","1740","Percentage","2019-2021","2021 Vital Statistics Data as of July, 2023","42.809233","-73.946838","False"
"premature-birth","Percentage of premature births with <37 weeks gestation","Schoharie","7.8","58","248","Percentage","2019-2021","2021 Vital Statistics Data as of July, 2023","42.643426","-74.434606","False"
"premature-birth","Percentage of premature births with <37 weeks gestation","Schuyler","6.5","32","165","Percentage","2019-2021","2021 Vital Statistics Data as of July, 2023","42.38593","-76.872032","False"
"premature-birth","Percentage of premature births with <37 weeks gestation","Seneca","7.9","83","352","Percentage","2019-2021","2021 Vital Statistics Data as of July, 2023","42.833627","-76.82753","False"
"premature-birth","Percentage of premature births with <37 weeks gestation","St. Lawrence","8.3","235","943","Percentage","2019-2021","2021 Vital Statistics Data as of July, 2023","44.689468","-75.242045","False"
"premature-birth","Percentage of premature births with <37 weeks gestation","Steuben","8.4","244","974","Percentage","2019-2021","2021 Vital Statistics Data as of July, 2023","42.270053","-77.324618","False"
"premature-birth","Percentage of premature births with <37 weeks gestation","Suffolk","9.9","4512","15182","Percentage","2019-2021","2021 Vital Statistics Data as of July, 2023","40.820237","-73.119032","False"
"premature-birth","Percentage of premature births with <37 weeks gestation","Sullivan","9.7","263","904","Percentage","2019-2021","2021 Vital Statistics Data as of July, 2023","41.705166","-74.711705","False"
"premature-birth","Percentage of premature births with <37 weeks gestation","Tioga","9.3","127","454","Percentage","2019-2021","2021 Vital Statistics Data as of July, 2023","42.120252","-76.29595","False"
"premature-birth","Percentage of premature births with <37 weeks gestation","Tompkins","6.2","127","683","Percentage","2019-2021","2021 Vital Statistics Data as of July, 2023","42.461024","-76.478784","False"
"premature-birth","Percentage of premature births with <37 weeks gestation","Ulster","9.9","452","1517","Percentage","2019-2021","2021 Vital Statistics Data as of July, 2023","41.848374","-74.099412","False"
"premature-birth","Percentage of premature births with <37 weeks gestation","Warren","9.2","143","518","Percentage","2019-2021","2021 Vital Statistics Data as of July, 2023","43.403024","-73.716044","False"
"premature-birth","Percentage of premature births with <37 weeks gestation","Washington","10.7","175","546","Percentage","2019-2021","2021 Vital Statistics Data as of July, 2023","43.289513","-73.454761","False"
"premature-birth","Percentage of premature births with <37 weeks gestation","Wayne","9.2","246","887","Percentage","2019-2021","2021 Vital Statistics Data as of July, 2023","43.144336","-77.117995","False"
"premature-birth","Percentage of premature births with <37 weeks gestation","Westchester","9","2674","9852","Percentage","2019-2021","2021 Vital Statistics Data as of July, 2023","41.039278","-73.805386","False"
"premature-birth","Percentage of premature births with <37 weeks gestation","Wyoming","9.1","97","354","Percentage","2019-2021","2021 Vital Statistics Data as of July, 2023","42.723641","-78.204473","False"
"premature-birth","Percentage of premature births with <37 weeks gestation","Yates","6.4","61","316","Percentage","2019-2021","2021 Vital Statistics Data as of July, 2023","42.634338","-77.078311","False"
"premature-deaths","Percentage premature deaths (aged less than 75 years)","Albany","42.6","3887","3043","Percentage","2019-2021","2021 Vital Statistics Data as of July, 2023","42.678066","-73.814233","False"
"premature-deaths","Percentage premature deaths (aged less than 75 years)","Allegany","43.9","693","527","Percentage","2019-2021","2021 Vital Statistics Data as of July, 2023","42.226801","-78.020567","False"
"premature-deaths","Percentage premature deaths (aged less than 75 years)","Bronx","54.3","20402","12525","Percentage","2019-2021","2021 Vital Statistics Data as of July, 2023","40.85589","-73.868294","False"
"premature-deaths","Percentage premature deaths (aged less than 75 years)","Broome","40.2","2837","2355","Percentage","2019-2021","2021 Vital Statistics Data as of July, 2023","42.122015","-75.933191","False"
"premature-deaths","Percentage premature deaths (aged less than 75 years)","Cattaraugus","47","1390","986","Percentage","2019-2021","2021 Vital Statistics Data as of July, 2023","42.224267","-78.606673","False"
"premature-deaths","Percentage premature deaths (aged less than 75 years)","Cayuga","42.9","1107","860","Percentage","2019-2021","2021 Vital Statistics Data as of July, 2023","42.940095","-76.560755","False"
"premature-deaths","Percentage premature deaths (aged less than 75 years)","Chautauqua","42.2","2077","1641","Percentage","2019-2021","2021 Vital Statistics Data as of July, 2023","42.246904","-79.315313","False"
"premature-deaths","Percentage premature deaths (aged less than 75 years)","Chemung","43.6","1458","1114","Percentage","2019-2021","2021 Vital Statistics Data as of July, 2023","42.116644","-76.812331","False"
"premature-deaths","Percentage premature deaths (aged less than 75 years)","Chenango","42.7","823","643","Percentage","2019-2021","2021 Vital Statistics Data as of July, 2023","42.481798","-75.570013","False"
"premature-deaths","Percentage premature deaths (aged less than 75 years)","Clinton","44.2","1085","817","Percentage","2019-2021","2021 Vital Statistics Data as of July, 2023","44.731944","-73.548883","False"
"premature-deaths","Percentage premature deaths (aged less than 75 years)","Columbia","41.1","881","715","Percentage","2019-2021","2021 Vital Statistics Data as of July, 2023","42.276913","-73.682168","False"
"premature-deaths","Percentage premature deaths (aged less than 75 years)","Cortland","45.1","683","505","Percentage","2019-2021","2021 Vital Statistics Data as of July, 2023","42.597101","-76.143291","False"
"premature-deaths","Percentage premature deaths (aged less than 75 years)","Delaware","41.7","749","599","Percentage","2019-2021","2021 Vital Statistics Data as of July, 2023","42.242972","-74.997944","False"
"premature-deaths","Percentage premature deaths (aged less than 75 years)","Dutchess","41.2","3563","2884","Percentage","2019-2021","2021 Vital Statistics Data as of July, 2023","41.686216","-73.840468","False"
"premature-deaths","Percentage premature deaths (aged less than 75 years)","Erie","41.4","13122","10571","Percentage","2019-2021","2021 Vital Statistics Data as of July, 2023","42.888143","-78.795544","False"
"premature-deaths","Percentage premature deaths (aged less than 75 years)","Essex","39.5","571","482","Percentage","2019-2021","2021 Vital Statistics Data as of July, 2023","44.166026","-73.685145","False"
"premature-deaths","Percentage premature deaths (aged less than 75 years)","Franklin","44.6","676","505","Percentage","2019-2021","2021 Vital Statistics Data as of July, 2023","44.705699","-74.340621","False"
"premature-deaths","Percentage premature deaths (aged less than 75 years)","Fulton","44.3","954","718","Percentage","2019-2021","2021 Vital Statistics Data as of July, 2023","43.06014","-74.331296","False"
"premature-deaths","Percentage premature deaths (aged less than 75 years)","Genesee","38","810","710","Percentage","2019-2021","2021 Vital Statistics Data as of July, 2023","43.000121","-78.172679","False"
"premature-deaths","Percentage premature deaths (aged less than 75 years)","Greene","44.5","764","572","Percentage","2019-2021","2021 Vital Statistics Data as of July, 2023","42.298326","-73.973376","False"
"premature-deaths","Percentage premature deaths (aged less than 75 years)","Hamilton","37.1","79","71","Percentage","2019-2021","2021 Vital Statistics Data as of July, 2023","43.618468","-74.395268","False"
"premature-deaths","Percentage premature deaths (aged less than 75 years)","Herkimer","43.3","971","747","Percentage","2019-2021","2021 Vital Statistics Data as of July, 2023","43.070026","-74.994246","False"
"premature-deaths","Percentage premature deaths (aged less than 75 years)","Jefferson","44.9","1346","1000","Percentage","2019-2021","2021 Vital Statistics Data as of July, 2023","44.019295","-75.898971","False"
"premature-deaths","Percentage premature deaths (aged less than 75 years)","Kings","46.8","28062","19975","Percentage","2019-2021","2021 Vital Statistics Data as of July, 2023","40.65642","-73.950691","False"
"premature-deaths","Percentage premature deaths (aged less than 75 years)","Lewis","41.1","344","279","Percentage","2019-2021","2021 Vital Statistics Data as of July, 2023","43.785537","-75.446296","False"
"premature-deaths","Percentage premature deaths (aged less than 75 years)","Livingston","39.8","753","631","Percentage","2019-2021","2021 Vital Statistics Data as of July, 2023","42.763754","-77.765392","False"
"premature-deaths","Percentage premature deaths (aged less than 75 years)","Madison","41.7","857","686","Percentage","2019-2021","2021 Vital Statistics Data as of July, 2023","42.986917","-75.720031","False"
"premature-deaths","Percentage premature deaths (aged less than 75 years)","Monroe","40.3","9212","7620","Percentage","2019-2021","2021 Vital Statistics Data as of July, 2023","43.161748","-77.620143","False"
"premature-deaths","Percentage premature deaths (aged less than 75 years)","Montgomery","41.3","797","643","Percentage","2019-2021","2021 Vital Statistics Data as of July, 2023","42.933637","-74.341972","False"
"premature-deaths","Percentage premature deaths (aged less than 75 years)","Nassau","34.1","12837","12536","Percentage","2019-2021","2021 Vital Statistics Data as of July, 2023","40.715749","-73.601185","False"
"premature-deaths","Percentage premature deaths (aged less than 75 years)","New York","39.7","13879","11664","Percentage","2019-2021","2021 Vital Statistics Data as of July, 2023","40.726966","-74.005966","False"
"premature-deaths","Percentage premature deaths (aged less than 75 years)","New York State","42.4","229569","180406","Percentage","2019-2021","2021 Vital Statistics Data as of July, 2023",,,"False"
"premature-deaths","Percentage premature deaths (aged less than 75 years)","Niagara","43.5","3558","2729","Percentage","2019-2021","2021 Vital Statistics Data as of July, 2023","43.134634","-78.856419","False"
"premature-deaths","Percentage premature deaths (aged less than 75 years)","Oneida","42.3","3618","2852","Percentage","2019-2021","2021 Vital Statistics Data as of July, 2023","43.149482","-75.361773","False"
"premature-deaths","Percentage premature deaths (aged less than 75 years)","Onondaga","40.8","6015","4916","Percentage","2019-2021","2021 Vital Statistics Data as of July, 2023","43.065629","-76.168033","False"
"premature-deaths","Percentage premature deaths (aged less than 75 years)","Ontario","39.5","1344","1135","Percentage","2019-2021","2021 Vital Statistics Data as of July, 2023","42.894571","-77.252045","False"
"premature-deaths","Percentage premature deaths (aged less than 75 years)","Orange","45","4253","3149","Percentage","2019-2021","2021 Vital Statistics Data as of July, 2023","41.422459","-74.241929","False"
"premature-deaths","Percentage premature deaths (aged less than 75 years)","Orleans","45.9","651","472","Percentage","2019-2021","2021 Vital Statistics Data as of July, 2023","43.248394","-78.218438","False"
"premature-deaths","Percentage premature deaths (aged less than 75 years)","Oswego","47.4","1742","1224","Percentage","2019-2021","2021 Vital Statistics Data as of July, 2023","43.39123","-76.31133","False"
"premature-deaths","Percentage premature deaths (aged less than 75 years)","Otsego","38.7","797","687","Percentage","2019-2021","2021 Vital Statistics Data as of July, 2023","42.564852","-75.060334","False"
"premature-deaths","Percentage premature deaths (aged less than 75 years)","Putnam","37.7","905","801","Percentage","2019-2021","2021 Vital Statistics Data as of July, 2023","41.41131","-73.717443","False"
"premature-deaths","Percentage premature deaths (aged less than 75 years)","Queens","44.1","24144","18267","Percentage","2019-2021","2021 Vital Statistics Data as of July, 2023","40.749338","-73.789673","False"
"premature-deaths","Percentage premature deaths (aged less than 75 years)","Rensselaer","43.6","2143","1639","Percentage","2019-2021","2021 Vital Statistics Data as of July, 2023","42.70098","-73.628669","False"
"premature-deaths","Percentage premature deaths (aged less than 75 years)","Richmond","43.9","5851","4439","Percentage","2019-2021","2021 Vital Statistics Data as of July, 2023","40.566763","-74.148102","False"
"premature-deaths","Percentage premature deaths (aged less than 75 years)","Rockland","37.5","2999","2667","Percentage","2019-2021","2021 Vital Statistics Data as of July, 2023","41.127287","-74.017033","False"
"premature-deaths","Percentage premature deaths (aged less than 75 years)","Saratoga","39.8","2513","2107","Percentage","2019-2021","2021 Vital Statistics Data as of July, 2023","43.00894","-73.786779","False"
"premature-deaths","Percentage premature deaths (aged less than 75 years)","Schenectady","41.4","2085","1677","Percentage","2019-2021","2021 Vital Statistics Data as of July, 2023","42.809233","-73.946838","False"
"premature-deaths","Percentage premature deaths (aged less than 75 years)","Schoharie","46.1","454","328","Percentage","2019-2021","2021 Vital Statistics Data as of July, 2023","42.643426","-74.434606","False"
"premature-deaths","Percentage premature deaths (aged less than 75 years)","Schuyler","41.8","287","229","Percentage","2019-2021","2021 Vital Statistics Data as of July, 2023","42.38593","-76.872032","False"
"premature-deaths","Percentage premature deaths (aged less than 75 years)","Seneca","43.2","496","383","Percentage","2019-2021","2021 Vital Statistics Data as of July, 2023","42.833627","-76.82753","False"
"premature-deaths","Percentage premature deaths (aged less than 75 years)","St. Lawrence","43.4","1506","1157","Percentage","2019-2021","2021 Vital Statistics Data as of July, 2023","44.689468","-75.242045","False"
"premature-deaths","Percentage premature deaths (aged less than 75 years)","Steuben","43.9","1541","1170","Percentage","2019-2021","2021 Vital Statistics Data as of July, 2023","42.270053","-77.324618","False"
"premature-deaths","Percentage premature deaths (aged less than 75 years)","Suffolk","39.6","16769","14101","Percentage","2019-2021","2021 Vital Statistics Data as of July, 2023","40.820237","-73.119032","False"
"premature-deaths","Percentage premature deaths (aged less than 75 years)","Sullivan","51.2","1316","857","Percentage","2019-2021","2021 Vital Statistics Data as of July, 2023","41.705166","-74.711705","False"
"premature-deaths","Percentage premature deaths (aged less than 75 years)","Tioga","40.7","668","547","Percentage","2019-2021","2021 Vital Statistics Data as of July, 2023","42.120252","-76.29595","False"
"premature-deaths","Percentage premature deaths (aged less than 75 years)","Tompkins","40.6","884","727","Percentage","2019-2021","2021 Vital Statistics Data as of July, 2023","42.461024","-76.478784","False"
"premature-deaths","Percentage premature deaths (aged less than 75 years)","Ulster","41.8","2428","1938","Percentage","2019-2021","2021 Vital Statistics Data as of July, 2023","41.848374","-74.099412","False"
"premature-deaths","Percentage premature deaths (aged less than 75 years)","Warren","39.4","958","810","Percentage","2019-2021","2021 Vital Statistics Data as of July, 2023","43.403024","-73.716044","False"
"premature-deaths","Percentage premature deaths (aged less than 75 years)","Washington","42.4","958","752","Percentage","2019-2021","2021 Vital Statistics Data as of July, 2023","43.289513","-73.454761","False"
"premature-deaths","Percentage premature deaths (aged less than 75 years)","Wayne","45.1","1318","974","Percentage","2019-2021","2021 Vital Statistics Data as of July, 2023","43.144336","-77.117995","False"
"premature-deaths","Percentage premature deaths (aged less than 75 years)","Westchester","35.4","8829","8324","Percentage","2019-2021","2021 Vital Statistics Data as of July, 2023","41.039278","-73.805386","False"
"premature-deaths","Percentage premature deaths (aged less than 75 years)","Wyoming","40.9","522","425","Percentage","2019-2021","2021 Vital Statistics Data as of July, 2023","42.723641","-78.204473","False"
"premature-deaths","Percentage premature deaths (aged less than 75 years)","Yates","38.6","348","301","Percentage","2019-2021","2021 Vital Statistics Data as of July, 2023","42.634338","-77.078311","False"
"primary-care-physicians","Number of primary care physicians per 100,000 population","Albany","101","307","303654","Value","2020","County Health Rankings, data as of August 2022","42.678066","-73.814233","False"
"primary-care-physicians","Number of primary care physicians per 100,000 population","Allegany","42","19","45587","Value","2020","County Health Rankings, data as of August 2022","42.226801","-78.020567","False"
"primary-care-physicians","Number of primary care physicians per 100,000 population","Bronx","65","907","1401142","Value","2020","County Health Rankings, data as of August 2022","40.85589","-73.868294","False"
"primary-care-physicians","Number of primary care physicians per 100,000 population","Broome","86","163","189420","Value","2020","County Health Rankings, data as of August 2022","42.122015","-75.933191","False"
"primary-care-physicians","Number of primary care physicians per 100,000 population","Cattaraugus","46","35","75863","Value","2020","County Health Rankings, data as of August 2022","42.224267","-78.606673","False"
"primary-care-physicians","Number of primary care physicians per 100,000 population","Cayuga","25","19","76029","Value","2020","County Health Rankings, data as of August 2022","42.940095","-76.560755","False"
"primary-care-physicians","Number of primary care physicians per 100,000 population","Chautauqua","56","70","126032","Value","2020","County Health Rankings, data as of August 2022","42.246904","-79.315313","False"
"primary-care-physicians","Number of primary care physicians per 100,000 population","Chemung","81","67","82622","Value","2020","County Health Rankings, data as of August 2022","42.116644","-76.812331","False"
"primary-care-physicians","Number of primary care physicians per 100,000 population","Chenango","32","15","46730","Value","2020","County Health Rankings, data as of August 2022","42.481798","-75.570013","False"
"primary-care-physicians","Number of primary care physicians per 100,000 population","Clinton","75","60","79778","Value","2020","County Health Rankings, data as of August 2022","44.731944","-73.548883","False"
"primary-care-physicians","Number of primary care physicians per 100,000 population","Columbia","40","24","59534","Value","2020","County Health Rankings, data as of August 2022","42.276913","-73.682168","False"
"primary-care-physicians","Number of primary care physicians per 100,000 population","Cortland","38","18","47173","Value","2020","County Health Rankings, data as of August 2022","42.597101","-76.143291","False"
"primary-care-physicians","Number of primary care physicians per 100,000 population","Delaware","32","14","43938","Value","2020","County Health Rankings, data as of August 2022","42.242972","-74.997944","False"
"primary-care-physicians","Number of primary care physicians per 100,000 population","Dutchess","69","203","293293","Value","2020","County Health Rankings, data as of August 2022","41.686216","-73.840468","False"
"primary-care-physicians","Number of primary care physicians per 100,000 population","Erie","80","734","917241","Value","2020","County Health Rankings, data as of August 2022","42.888143","-78.795544","False"
"primary-care-physicians","Number of primary care physicians per 100,000 population","Essex","41","15","36891","Value","2020","County Health Rankings, data as of August 2022","44.166026","-73.685145","False"
"primary-care-physicians","Number of primary care physicians per 100,000 population","Franklin","58","29","49965","Value","2020","County Health Rankings, data as of August 2022","44.705699","-74.340621","False"
"primary-care-physicians","Number of primary care physicians per 100,000 population","Fulton","32","17","52812","Value","2020","County Health Rankings, data as of August 2022","43.06014","-74.331296","False"
"primary-care-physicians","Number of primary care physicians per 100,000 population","Genesee","30","17","56994","Value","2020","County Health Rankings, data as of August 2022","43.000121","-78.172679","False"
"primary-care-physicians","Number of primary care physicians per 100,000 population","Greene","36","17","47177","Value","2020","County Health Rankings, data as of August 2022","42.298326","-73.973376","False"
"primary-care-physicians","Number of primary care physicians per 100,000 population","Hamilton","23","1","4345","Value","2020","County Health Rankings, data as of August 2022","43.618468","-74.395268","False"
"primary-care-physicians","Number of primary care physicians per 100,000 population","Herkimer","28","17","60945","Value","2020","County Health Rankings, data as of August 2022","43.070026","-74.994246","False"
"primary-care-physicians","Number of primary care physicians per 100,000 population","Jefferson","56","60","108095","Value","2020","County Health Rankings, data as of August 2022","44.019295","-75.898971","False"
"primary-care-physicians","Number of primary care physicians per 100,000 population","Kings","72","1819","2538934","Value","2020","County Health Rankings, data as of August 2022","40.65642","-73.950691","False"
"primary-care-physicians","Number of primary care physicians per 100,000 population","Lewis","65","17","26187","Value","2020","County Health Rankings, data as of August 2022","43.785537","-75.446296","False"
"primary-care-physicians","Number of primary care physicians per 100,000 population","Livingston","42","26","62398","Value","2020","County Health Rankings, data as of August 2022","42.763754","-77.765392","False"
"primary-care-physicians","Number of primary care physicians per 100,000 population","Madison","71","50","70478","Value","2020","County Health Rankings, data as of August 2022","42.986917","-75.720031","False"
"primary-care-physicians","Number of primary care physicians per 100,000 population","Monroe","110","815","740900","Value","2020","County Health Rankings, data as of August 2022","43.161748","-77.620143","False"
"primary-care-physicians","Number of primary care physicians per 100,000 population","Montgomery","53","26","49170","Value","2020","County Health Rankings, data as of August 2022","42.933637","-74.341972","False"
"primary-care-physicians","Number of primary care physicians per 100,000 population","Nassau","144","1948","1351334","Value","2020","County Health Rankings, data as of August 2022","40.715749","-73.601185","False"
"primary-care-physicians","Number of primary care physicians per 100,000 population","New York","139","2243","1611989","Value","2020","County Health Rankings, data as of August 2022","40.726966","-74.005966","False"
"primary-care-physicians","Number of primary care physicians per 100,000 population","New York State","85","16477","19336776","Value","2020","County Health Rankings, data as of August 2022",,,"False"
"primary-care-physicians","Number of primary care physicians per 100,000 population","Niagara","40","84","208396","Value","2020","County Health Rankings, data as of August 2022","43.134634","-78.856419","False"
"primary-care-physicians","Number of primary care physicians per 100,000 population","Oneida","76","173","227346","Value","2020","County Health Rankings, data as of August 2022","43.149482","-75.361773","False"
"primary-care-physicians","Number of primary care physicians per 100,000 population","Onondaga","98","448","459214","Value","2020","County Health Rankings, data as of August 2022","43.065629","-76.168033","False"
"primary-care-physicians","Number of primary care physicians per 100,000 population","Ontario","79","87","110091","Value","2020","County Health Rankings, data as of August 2022","42.894571","-77.252045","False"
"primary-care-physicians","Number of primary care physicians per 100,000 population","Orange","69","267","385234","Value","2020","County Health Rankings, data as of August 2022","41.422459","-74.241929","False"
"primary-care-physicians","Number of primary care physicians per 100,000 population","Orleans","8","3","39978","Value","2020","County Health Rankings, data as of August 2022","43.248394","-78.218438","False"
"primary-care-physicians","Number of primary care physicians per 100,000 population","Oswego","41","48","116346","Value","2020","County Health Rankings, data as of August 2022","43.39123","-76.31133","False"
"primary-care-physicians","Number of primary care physicians per 100,000 population","Otsego","128","75","58701","Value","2020","County Health Rankings, data as of August 2022","42.564852","-75.060334","False"
"primary-care-physicians","Number of primary care physicians per 100,000 population","Putnam","51","50","98532","Value","2020","County Health Rankings, data as of August 2022","41.41131","-73.717443","False"
"primary-care-physicians","Number of primary care physicians per 100,000 population","Queens","65","1449","2225821","Value","2020","County Health Rankings, data as of August 2022","40.749338","-73.789673","False"
"primary-care-physicians","Number of primary care physicians per 100,000 population","Rensselaer","47","74","158108","Value","2020","County Health Rankings, data as of August 2022","42.70098","-73.628669","False"
"primary-care-physicians","Number of primary care physicians per 100,000 population","Richmond","90","430","475327","Value","2020","County Health Rankings, data as of August 2022","40.566763","-74.148102","False"
"primary-care-physicians","Number of primary care physicians per 100,000 population","Rockland","88","288","326225","Value","2020","County Health Rankings, data as of August 2022","41.127287","-74.017033","False"
"primary-care-physicians","Number of primary care physicians per 100,000 population","Saratoga","70","162","230298","Value","2020","County Health Rankings, data as of August 2022","43.00894","-73.786779","False"
"primary-care-physicians","Number of primary care physicians per 100,000 population","Schenectady","81","126","155358","Value","2020","County Health Rankings, data as of August 2022","42.809233","-73.946838","False"
"primary-care-physicians","Number of primary care physicians per 100,000 population","Schoharie","29","9","31132","Value","2020","County Health Rankings, data as of August 2022","42.643426","-74.434606","False"
"primary-care-physicians","Number of primary care physicians per 100,000 population","Schuyler","62","11","17685","Value","2020","County Health Rankings, data as of August 2022","42.38593","-76.872032","False"
"primary-care-physicians","Number of primary care physicians per 100,000 population","Seneca","26","9","33991","Value","2020","County Health Rankings, data as of August 2022","42.833627","-76.82753","False"
"primary-care-physicians","Number of primary care physicians per 100,000 population","St. Lawrence","53","57","107185","Value","2020","County Health Rankings, data as of August 2022","44.689468","-75.242045","False"
"primary-care-physicians","Number of primary care physicians per 100,000 population","Steuben","52","49","94657","Value","2020","County Health Rankings, data as of August 2022","42.270053","-77.324618","False"
"primary-care-physicians","Number of primary care physicians per 100,000 population","Suffolk","74","1086","1474273","Value","2020","County Health Rankings, data as of August 2022","40.820237","-73.119032","False"
"primary-care-physicians","Number of primary care physicians per 100,000 population","Sullivan","37","28","75802","Value","2020","County Health Rankings, data as of August 2022","41.705166","-74.711705","False"
"primary-care-physicians","Number of primary care physicians per 100,000 population","Tioga","29","14","47904","Value","2020","County Health Rankings, data as of August 2022","42.120252","-76.29595","False"
"primary-care-physicians","Number of primary care physicians per 100,000 population","Tompkins","81","82","101058","Value","2020","County Health Rankings, data as of August 2022","42.461024","-76.478784","False"
"primary-care-physicians","Number of primary care physicians per 100,000 population","Ulster","64","114","177716","Value","2020","County Health Rankings, data as of August 2022","41.848374","-74.099412","False"
"primary-care-physicians","Number of primary care physicians per 100,000 population","Warren","119","76","63756","Value","2020","County Health Rankings, data as of August 2022","43.403024","-73.716044","False"
"primary-care-physicians","Number of primary care physicians per 100,000 population","Washington","35","21","60606","Value","2020","County Health Rankings, data as of August 2022","43.289513","-73.454761","False"
"primary-care-physicians","Number of primary care physicians per 100,000 population","Wayne","25","22","89339","Value","2020","County Health Rankings, data as of August 2022","43.144336","-77.117995","False"
"primary-care-physicians","Number of primary care physicians per 100,000 population","Westchester","139","1339","965802","Value","2020","County Health Rankings, data as of August 2022","41.039278","-73.805386","False"
"primary-care-physicians","Number of primary care physicians per 100,000 population","Wyoming","28","11","39465","Value","2020","County Health Rankings, data as of August 2022","42.723641","-78.204473","False"
"primary-care-physicians","Number of primary care physicians per 100,000 population","Yates","52","13","24780","Value","2020","County Health Rankings, data as of August 2022","42.634338","-77.078311","False"
"prostate-cancer-incidence","Age-adjusted prostate cancer incidence rate per 100,000","Albany","138.6","799","147441","Rate","2018-2020","Cancer Registry Data as of October 2022","42.678066","-73.814233","False"
"prostate-cancer-incidence","Age-adjusted prostate cancer incidence rate per 100,000","Allegany","111.7","115","23289","Rate","2018-2020","Cancer Registry Data as of October 2022","42.226801","-78.020567","False"
"prostate-cancer-incidence","Age-adjusted prostate cancer incidence rate per 100,000","Bronx","140","2833","668611","Rate","2018-2020","Cancer Registry Data as of October 2022","40.85589","-73.868294","False"
"prostate-cancer-incidence","Age-adjusted prostate cancer incidence rate per 100,000","Broome","129.9","531","93951","Rate","2018-2020","Cancer Registry Data as of October 2022","42.122015","-75.933191","False"
"prostate-cancer-incidence","Age-adjusted prostate cancer incidence rate per 100,000","Cattaraugus","140.5","247","37953","Rate","2018-2020","Cancer Registry Data as of October 2022","42.224267","-78.606673","False"
"prostate-cancer-incidence","Age-adjusted prostate cancer incidence rate per 100,000","Cayuga","137.7","241","39269","Rate","2018-2020","Cancer Registry Data as of October 2022","42.940095","-76.560755","False"
"prostate-cancer-incidence","Age-adjusted prostate cancer incidence rate per 100,000","Chautauqua","151.2","441","62652","Rate","2018-2020","Cancer Registry Data as of October 2022","42.246904","-79.315313","False"
"prostate-cancer-incidence","Age-adjusted prostate cancer incidence rate per 100,000","Chemung","107.6","197","41284","Rate","2018-2020","Cancer Registry Data as of October 2022","42.116644","-76.812331","False"
"prostate-cancer-incidence","Age-adjusted prostate cancer incidence rate per 100,000","Chenango","117.3","137","23635","Rate","2018-2020","Cancer Registry Data as of October 2022","42.481798","-75.570013","False"
"prostate-cancer-incidence","Age-adjusted prostate cancer incidence rate per 100,000","Clinton","87.8","150","41193","Rate","2018-2020","Cancer Registry Data as of October 2022","44.731944","-73.548883","False"
"prostate-cancer-incidence","Age-adjusted prostate cancer incidence rate per 100,000","Columbia","123","203","29811","Rate","2018-2020","Cancer Registry Data as of October 2022","42.276913","-73.682168","False"
"prostate-cancer-incidence","Age-adjusted prostate cancer incidence rate per 100,000","Cortland","122.4","113","23239","Rate","2018-2020","Cancer Registry Data as of October 2022","42.597101","-76.143291","False"
"prostate-cancer-incidence","Age-adjusted prostate cancer incidence rate per 100,000","Delaware","93","117","22337","Rate","2018-2020","Cancer Registry Data as of October 2022","42.242972","-74.997944","False"
"prostate-cancer-incidence","Age-adjusted prostate cancer incidence rate per 100,000","Dutchess","127.2","783","145943","Rate","2018-2020","Cancer Registry Data as of October 2022","41.686216","-73.840468","False"
"prostate-cancer-incidence","Age-adjusted prostate cancer incidence rate per 100,000","Erie","145.2","2672","444651","Rate","2018-2020","Cancer Registry Data as of October 2022","42.888143","-78.795544","False"
"prostate-cancer-incidence","Age-adjusted prostate cancer incidence rate per 100,000","Essex","91.9","98","19122","Rate","2018-2020","Cancer Registry Data as of October 2022","44.166026","-73.685145","False"
"prostate-cancer-incidence","Age-adjusted prostate cancer incidence rate per 100,000","Franklin","137.4","144","27561","Rate","2018-2020","Cancer Registry Data as of October 2022","44.705699","-74.340621","False"
"prostate-cancer-incidence","Age-adjusted prostate cancer incidence rate per 100,000","Fulton","119.9","144","26470","Rate","2018-2020","Cancer Registry Data as of October 2022","43.06014","-74.331296","False"
"prostate-cancer-incidence","Age-adjusted prostate cancer incidence rate per 100,000","Genesee","140","173","28567","Rate","2018-2020","Cancer Registry Data as of October 2022","43.000121","-78.172679","False"
"prostate-cancer-incidence","Age-adjusted prostate cancer incidence rate per 100,000","Greene","99.1","121","24632","Rate","2018-2020","Cancer Registry Data as of October 2022","42.298326","-73.973376","False"
"prostate-cancer-incidence","Age-adjusted prostate cancer incidence rate per 100,000","Hamilton","135.3","21","2221","Rate","2018-2020","Cancer Registry Data as of October 2022","43.618468","-74.395268","False"
"prostate-cancer-incidence","Age-adjusted prostate cancer incidence rate per 100,000","Herkimer","129.9","191","30371","Rate","2018-2020","Cancer Registry Data as of October 2022","43.070026","-74.994246","False"
"prostate-cancer-incidence","Age-adjusted prostate cancer incidence rate per 100,000","Jefferson","129.8","235","57819","Rate","2018-2020","Cancer Registry Data as of October 2022","44.019295","-75.898971","False"
"prostate-cancer-incidence","Age-adjusted prostate cancer incidence rate per 100,000","Kings","127.7","4919","1212929","Rate","2018-2020","Cancer Registry Data as of October 2022","40.65642","-73.950691","False"
"prostate-cancer-incidence","Age-adjusted prostate cancer incidence rate per 100,000","Lewis","129.7","83","13377","Rate","2018-2020","Cancer Registry Data as of October 2022","43.785537","-75.446296","False"
"prostate-cancer-incidence","Age-adjusted prostate cancer incidence rate per 100,000","Livingston","135.3","190","31610","Rate","2018-2020","Cancer Registry Data as of October 2022","42.763754","-77.765392","False"
"prostate-cancer-incidence","Age-adjusted prostate cancer incidence rate per 100,000","Madison","130.4","206","34980","Rate","2018-2020","Cancer Registry Data as of October 2022","42.986917","-75.720031","False"
"prostate-cancer-incidence","Age-adjusted prostate cancer incidence rate per 100,000","Monroe","156.7","2252","357917","Rate","2018-2020","Cancer Registry Data as of October 2022","43.161748","-77.620143","False"
"prostate-cancer-incidence","Age-adjusted prostate cancer incidence rate per 100,000","Montgomery","109.2","111","24313","Rate","2018-2020","Cancer Registry Data as of October 2022","42.933637","-74.341972","False"
"prostate-cancer-incidence","Age-adjusted prostate cancer incidence rate per 100,000","Nassau","141.7","3832","660749","Rate","2018-2020","Cancer Registry Data as of October 2022","40.715749","-73.601185","False"
"prostate-cancer-incidence","Age-adjusted prostate cancer incidence rate per 100,000","New York","126.9","3496","769688","Rate","2018-2020","Cancer Registry Data as of October 2022","40.726966","-74.005966","False"
"prostate-cancer-incidence","Age-adjusted prostate cancer incidence rate per 100,000","New York State","131.3","47511","9444039","Rate","2018-2020","Cancer Registry Data as of October 2022",,,"False"
"prostate-cancer-incidence","Age-adjusted prostate cancer incidence rate per 100,000","Niagara","147.9","692","102073","Rate","2018-2020","Cancer Registry Data as of October 2022","43.134634","-78.856419","False"
"prostate-cancer-incidence","Age-adjusted prostate cancer incidence rate per 100,000","Oneida","147.4","703","113749","Rate","2018-2020","Cancer Registry Data as of October 2022","43.149482","-75.361773","False"
"prostate-cancer-incidence","Age-adjusted prostate cancer incidence rate per 100,000","Onondaga","160.8","1469","222210","Rate","2018-2020","Cancer Registry Data as of October 2022","43.065629","-76.168033","False"
"prostate-cancer-incidence","Age-adjusted prostate cancer incidence rate per 100,000","Ontario","179","449","53814","Rate","2018-2020","Cancer Registry Data as of October 2022","42.894571","-77.252045","False"
"prostate-cancer-incidence","Age-adjusted prostate cancer incidence rate per 100,000","Orange","118","778","192438","Rate","2018-2020","Cancer Registry Data as of October 2022","41.422459","-74.241929","False"
"prostate-cancer-incidence","Age-adjusted prostate cancer incidence rate per 100,000","Orleans","118.9","105","20167","Rate","2018-2020","Cancer Registry Data as of October 2022","43.248394","-78.218438","False"
"prostate-cancer-incidence","Age-adjusted prostate cancer incidence rate per 100,000","Oswego","116.3","290","58535","Rate","2018-2020","Cancer Registry Data as of October 2022","43.39123","-76.31133","False"
"prostate-cancer-incidence","Age-adjusted prostate cancer incidence rate per 100,000","Otsego","91.8","127","28737","Rate","2018-2020","Cancer Registry Data as of October 2022","42.564852","-75.060334","False"
"prostate-cancer-incidence","Age-adjusted prostate cancer incidence rate per 100,000","Putnam","111.4","246","49271","Rate","2018-2020","Cancer Registry Data as of October 2022","41.41131","-73.717443","False"
"prostate-cancer-incidence","Age-adjusted prostate cancer incidence rate per 100,000","Queens","110.9","4511","1093119","Rate","2018-2020","Cancer Registry Data as of October 2022","40.749338","-73.789673","False"
"prostate-cancer-incidence","Age-adjusted prostate cancer incidence rate per 100,000","Rensselaer","120","384","78496","Rate","2018-2020","Cancer Registry Data as of October 2022","42.70098","-73.628669","False"
"prostate-cancer-incidence","Age-adjusted prostate cancer incidence rate per 100,000","Richmond","119.8","1063","231116","Rate","2018-2020","Cancer Registry Data as of October 2022","40.566763","-74.148102","False"
"prostate-cancer-incidence","Age-adjusted prostate cancer incidence rate per 100,000","Rockland","129.9","737","160052","Rate","2018-2020","Cancer Registry Data as of October 2022","41.127287","-74.017033","False"
"prostate-cancer-incidence","Age-adjusted prostate cancer incidence rate per 100,000","Saratoga","125.4","622","113534","Rate","2018-2020","Cancer Registry Data as of October 2022","43.00894","-73.786779","False"
"prostate-cancer-incidence","Age-adjusted prostate cancer incidence rate per 100,000","Schenectady","132.8","395","75730","Rate","2018-2020","Cancer Registry Data as of October 2022","42.809233","-73.946838","False"
"prostate-cancer-incidence","Age-adjusted prostate cancer incidence rate per 100,000","Schoharie","114.3","92","15568","Rate","2018-2020","Cancer Registry Data as of October 2022","42.643426","-74.434606","False"
"prostate-cancer-incidence","Age-adjusted prostate cancer incidence rate per 100,000","Schuyler","142.3","62","8851","Rate","2018-2020","Cancer Registry Data as of October 2022","42.38593","-76.872032","False"
"prostate-cancer-incidence","Age-adjusted prostate cancer incidence rate per 100,000","Seneca","135.4","107","17923","Rate","2018-2020","Cancer Registry Data as of October 2022","42.833627","-76.82753","False"
"prostate-cancer-incidence","Age-adjusted prostate cancer incidence rate per 100,000","St. Lawrence","130.7","292","55044","Rate","2018-2020","Cancer Registry Data as of October 2022","44.689468","-75.242045","False"
"prostate-cancer-incidence","Age-adjusted prostate cancer incidence rate per 100,000","Steuben","112","249","47466","Rate","2018-2020","Cancer Registry Data as of October 2022","42.270053","-77.324618","False"
"prostate-cancer-incidence","Age-adjusted prostate cancer incidence rate per 100,000","Suffolk","139","4044","727493","Rate","2018-2020","Cancer Registry Data as of October 2022","40.820237","-73.119032","False"
"prostate-cancer-incidence","Age-adjusted prostate cancer incidence rate per 100,000","Sullivan","93.1","166","38837","Rate","2018-2020","Cancer Registry Data as of October 2022","41.705166","-74.711705","False"
"prostate-cancer-incidence","Age-adjusted prostate cancer incidence rate per 100,000","Tioga","113","133","23952","Rate","2018-2020","Cancer Registry Data as of October 2022","42.120252","-76.29595","False"
"prostate-cancer-incidence","Age-adjusted prostate cancer incidence rate per 100,000","Tompkins","143.7","246","50027","Rate","2018-2020","Cancer Registry Data as of October 2022","42.461024","-76.478784","False"
"prostate-cancer-incidence","Age-adjusted prostate cancer incidence rate per 100,000","Ulster","105.4","432","88415","Rate","2018-2020","Cancer Registry Data as of October 2022","41.848374","-74.099412","False"
"prostate-cancer-incidence","Age-adjusted prostate cancer incidence rate per 100,000","Warren","140.6","227","31409","Rate","2018-2020","Cancer Registry Data as of October 2022","43.403024","-73.716044","False"
"prostate-cancer-incidence","Age-adjusted prostate cancer incidence rate per 100,000","Washington","104.3","152","31559","Rate","2018-2020","Cancer Registry Data as of October 2022","43.289513","-73.454761","False"
"prostate-cancer-incidence","Age-adjusted prostate cancer incidence rate per 100,000","Wayne","132.6","273","44575","Rate","2018-2020","Cancer Registry Data as of October 2022","43.144336","-77.117995","False"
"prostate-cancer-incidence","Age-adjusted prostate cancer incidence rate per 100,000","Westchester","132.3","2398","468665","Rate","2018-2020","Cancer Registry Data as of October 2022","41.039278","-73.805386","False"
"prostate-cancer-incidence","Age-adjusted prostate cancer incidence rate per 100,000","Wyoming","147.4","134","21540","Rate","2018-2020","Cancer Registry Data as of October 2022","42.723641","-78.204473","False"
"prostate-cancer-incidence","Age-adjusted prostate cancer incidence rate per 100,000","Yates","160.1","93","12087","Rate","2018-2020","Cancer Registry Data as of October 2022","42.634338","-77.078311","False"
"regular-provider","Age-adjusted percentage of adults who have a regular health care provider","Albany","85.1",,,"Percentage","2022","NYS Expanded Behavioral Risk Factor Surveillance System, data as of November 2022","42.678066","-73.814233","False"
"regular-provider","Age-adjusted percentage of adults who have a regular health care provider","Allegany","81.5",,,"Percentage","2022","NYS Expanded Behavioral Risk Factor Surveillance System, data as of November 2022","42.226801","-78.020567","False"
"regular-provider","Age-adjusted percentage of adults who have a regular health care provider","Bronx","81.5",,,"Percentage","2022","NYS Expanded Behavioral Risk Factor Surveillance System, data as of November 2022","40.85589","-73.868294","False"
"regular-provider","Age-adjusted percentage of adults who have a regular health care provider","Broome","85.9",,,"Percentage","2022","NYS Expanded Behavioral Risk Factor Surveillance System, data as of November 2022","42.122015","-75.933191","False"
"regular-provider","Age-adjusted percentage of adults who have a regular health care provider","Cattaraugus","90.8",,,"Percentage","2022","NYS Expanded Behavioral Risk Factor Surveillance System, data as of November 2022","42.224267","-78.606673","False"
"regular-provider","Age-adjusted percentage of adults who have a regular health care provider","Cayuga","87.2",,,"Percentage","2022","NYS Expanded Behavioral Risk Factor Surveillance System, data as of November 2022","42.940095","-76.560755","False"
"regular-provider","Age-adjusted percentage of adults who have a regular health care provider","Chautauqua","89.7",,,"Percentage","2022","NYS Expanded Behavioral Risk Factor Surveillance System, data as of November 2022","42.246904","-79.315313","False"
"regular-provider","Age-adjusted percentage of adults who have a regular health care provider","Chemung","89.5",,,"Percentage","2022","NYS Expanded Behavioral Risk Factor Surveillance System, data as of November 2022","42.116644","-76.812331","False"
"regular-provider","Age-adjusted percentage of adults who have a regular health care provider","Chenango","91.1",,,"Percentage","2022","NYS Expanded Behavioral Risk Factor Surveillance System, data as of November 2022","42.481798","-75.570013","False"
"regular-provider","Age-adjusted percentage of adults who have a regular health care provider","Clinton","92.3",,,"Percentage","2022","NYS Expanded Behavioral Risk Factor Surveillance System, data as of November 2022","44.731944","-73.548883","False"
"regular-provider","Age-adjusted percentage of adults who have a regular health care provider","Columbia","82.9",,,"Percentage","2022","NYS Expanded Behavioral Risk Factor Surveillance System, data as of November 2022","42.276913","-73.682168","False"
"regular-provider","Age-adjusted percentage of adults who have a regular health care provider","Cortland","89.7",,,"Percentage","2022","NYS Expanded Behavioral Risk Factor Surveillance System, data as of November 2022","42.597101","-76.143291","False"
"regular-provider","Age-adjusted percentage of adults who have a regular health care provider","Delaware","92.5",,,"Percentage","2022","NYS Expanded Behavioral Risk Factor Surveillance System, data as of November 2022","42.242972","-74.997944","False"
"regular-provider","Age-adjusted percentage of adults who have a regular health care provider","Dutchess","81.6",,,"Percentage","2022","NYS Expanded Behavioral Risk Factor Surveillance System, data as of November 2022","41.686216","-73.840468","False"
"regular-provider","Age-adjusted percentage of adults who have a regular health care provider","Erie","88.8",,,"Percentage","2022","NYS Expanded Behavioral Risk Factor Surveillance System, data as of November 2022","42.888143","-78.795544","False"
"regular-provider","Age-adjusted percentage of adults who have a regular health care provider","Essex","86.3",,,"Percentage","2022","NYS Expanded Behavioral Risk Factor Surveillance System, data as of November 2022","44.166026","-73.685145","False"
"regular-provider","Age-adjusted percentage of adults who have a regular health care provider","Franklin","89.4",,,"Percentage","2022","NYS Expanded Behavioral Risk Factor Surveillance System, data as of November 2022","44.705699","-74.340621","False"
"regular-provider","Age-adjusted percentage of adults who have a regular health care provider","Fulton","89.9",,,"Percentage","2022","NYS Expanded Behavioral Risk Factor Surveillance System, data as of November 2022","43.06014","-74.331296","False"
"regular-provider","Age-adjusted percentage of adults who have a regular health care provider","Genesee","87.9",,,"Percentage","2022","NYS Expanded Behavioral Risk Factor Surveillance System, data as of November 2022","43.000121","-78.172679","False"
"regular-provider","Age-adjusted percentage of adults who have a regular health care provider","Greene","92.2",,,"Percentage","2022","NYS Expanded Behavioral Risk Factor Surveillance System, data as of November 2022","42.298326","-73.973376","False"
"regular-provider","Age-adjusted percentage of adults who have a regular health care provider","Hamilton","82.5",,,"Percentage","2022","NYS Expanded Behavioral Risk Factor Surveillance System, data as of November 2022","43.618468","-74.395268","False"
"regular-provider","Age-adjusted percentage of adults who have a regular health care provider","Herkimer","89.2",,,"Percentage","2022","NYS Expanded Behavioral Risk Factor Surveillance System, data as of November 2022","43.070026","-74.994246","False"
"regular-provider","Age-adjusted percentage of adults who have a regular health care provider","Jefferson","86.5",,,"Percentage","2022","NYS Expanded Behavioral Risk Factor Surveillance System, data as of November 2022","44.019295","-75.898971","False"
"regular-provider","Age-adjusted percentage of adults who have a regular health care provider","Kings","84.1",,,"Percentage","2022","NYS Expanded Behavioral Risk Factor Surveillance System, data as of November 2022","40.65642","-73.950691","False"
"regular-provider","Age-adjusted percentage of adults who have a regular health care provider","Lewis","80.7",,,"Percentage","2022","NYS Expanded Behavioral Risk Factor Surveillance System, data as of November 2022","43.785537","-75.446296","False"
"regular-provider","Age-adjusted percentage of adults who have a regular health care provider","Livingston","94.2",,,"Percentage","2022","NYS Expanded Behavioral Risk Factor Surveillance System, data as of November 2022","42.763754","-77.765392","False"
"regular-provider","Age-adjusted percentage of adults who have a regular health care provider","Madison","86.7",,,"Percentage","2022","NYS Expanded Behavioral Risk Factor Surveillance System, data as of November 2022","42.986917","-75.720031","False"
"regular-provider","Age-adjusted percentage of adults who have a regular health care provider","Monroe","90.9",,,"Percentage","2022","NYS Expanded Behavioral Risk Factor Surveillance System, data as of November 2022","43.161748","-77.620143","False"
"regular-provider","Age-adjusted percentage of adults who have a regular health care provider","Montgomery","88.8",,,"Percentage","2022","NYS Expanded Behavioral Risk Factor Surveillance System, data as of November 2022","42.933637","-74.341972","False"
"regular-provider","Age-adjusted percentage of adults who have a regular health care provider","Nassau","84.6",,,"Percentage","2022","NYS Expanded Behavioral Risk Factor Surveillance System, data as of November 2022","40.715749","-73.601185","False"
"regular-provider","Age-adjusted percentage of adults who have a regular health care provider","New York","79.5",,,"Percentage","2022","NYS Expanded Behavioral Risk Factor Surveillance System, data as of November 2022","40.726966","-74.005966","False"
"regular-provider","Age-adjusted percentage of adults who have a regular health care provider","New York State","85",,,"Percentage","2022","NYS Expanded Behavioral Risk Factor Surveillance System, data as of November 2022",,,"False"
"regular-provider","Age-adjusted percentage of adults who have a regular health care provider","Niagara","84.1",,,"Percentage","2022","NYS Expanded Behavioral Risk Factor Surveillance System, data as of November 2022","43.134634","-78.856419","False"
"regular-provider","Age-adjusted percentage of adults who have a regular health care provider","Oneida","91.8",,,"Percentage","2022","NYS Expanded Behavioral Risk Factor Surveillance System, data as of November 2022","43.149482","-75.361773","False"
"regular-provider","Age-adjusted percentage of adults who have a regular health care provider","Onondaga","89.7",,,"Percentage","2022","NYS Expanded Behavioral Risk Factor Surveillance System, data as of November 2022","43.065629","-76.168033","False"
"regular-provider","Age-adjusted percentage of adults who have a regular health care provider","Ontario","92.6",,,"Percentage","2022","NYS Expanded Behavioral Risk Factor Surveillance System, data as of November 2022","42.894571","-77.252045","False"
"regular-provider","Age-adjusted percentage of adults who have a regular health care provider","Orange","88.9",,,"Percentage","2022","NYS Expanded Behavioral Risk Factor Surveillance System, data as of November 2022","41.422459","-74.241929","False"
"regular-provider","Age-adjusted percentage of adults who have a regular health care provider","Orleans","94.5",,,"Percentage","2022","NYS Expanded Behavioral Risk Factor Surveillance System, data as of November 2022","43.248394","-78.218438","False"
"regular-provider","Age-adjusted percentage of adults who have a regular health care provider","Oswego","84.7",,,"Percentage","2022","NYS Expanded Behavioral Risk Factor Surveillance System, data as of November 2022","43.39123","-76.31133","False"
"regular-provider","Age-adjusted percentage of adults who have a regular health care provider","Otsego","81.2",,,"Percentage","2022","NYS Expanded Behavioral Risk Factor Surveillance System, data as of November 2022","42.564852","-75.060334","False"
"regular-provider","Age-adjusted percentage of adults who have a regular health care provider","Putnam","90.5",,,"Percentage","2022","NYS Expanded Behavioral Risk Factor Surveillance System, data as of November 2022","41.41131","-73.717443","False"
"regular-provider","Age-adjusted percentage of adults who have a regular health care provider","Queens","82.3",,,"Percentage","2022","NYS Expanded Behavioral Risk Factor Surveillance System, data as of November 2022","40.749338","-73.789673","False"
"regular-provider","Age-adjusted percentage of adults who have a regular health care provider","Rensselaer","88.6",,,"Percentage","2022","NYS Expanded Behavioral Risk Factor Surveillance System, data as of November 2022","42.70098","-73.628669","False"
"regular-provider","Age-adjusted percentage of adults who have a regular health care provider","Richmond","81.8",,,"Percentage","2022","NYS Expanded Behavioral Risk Factor Surveillance System, data as of November 2022","40.566763","-74.148102","False"
"regular-provider","Age-adjusted percentage of adults who have a regular health care provider","Rockland","84.1",,,"Percentage","2022","NYS Expanded Behavioral Risk Factor Surveillance System, data as of November 2022","41.127287","-74.017033","False"
"regular-provider","Age-adjusted percentage of adults who have a regular health care provider","Saratoga","90.6",,,"Percentage","2022","NYS Expanded Behavioral Risk Factor Surveillance System, data as of November 2022","43.00894","-73.786779","False"
"regular-provider","Age-adjusted percentage of adults who have a regular health care provider","Schenectady","87",,,"Percentage","2022","NYS Expanded Behavioral Risk Factor Surveillance System, data as of November 2022","42.809233","-73.946838","False"
"regular-provider","Age-adjusted percentage of adults who have a regular health care provider","Schoharie","92.2",,,"Percentage","2022","NYS Expanded Behavioral Risk Factor Surveillance System, data as of November 2022","42.643426","-74.434606","False"
"regular-provider","Age-adjusted percentage of adults who have a regular health care provider","Schuyler","82.4",,,"Percentage","2022","NYS Expanded Behavioral Risk Factor Surveillance System, data as of November 2022","42.38593","-76.872032","False"
"regular-provider","Age-adjusted percentage of adults who have a regular health care provider","Seneca","81.2",,,"Percentage","2022","NYS Expanded Behavioral Risk Factor Surveillance System, data as of November 2022","42.833627","-76.82753","False"
"regular-provider","Age-adjusted percentage of adults who have a regular health care provider","St. Lawrence","88.4",,,"Percentage","2022","NYS Expanded Behavioral Risk Factor Surveillance System, data as of November 2022","44.689468","-75.242045","False"
"regular-provider","Age-adjusted percentage of adults who have a regular health care provider","Steuben","85.5",,,"Percentage","2022","NYS Expanded Behavioral Risk Factor Surveillance System, data as of November 2022","42.270053","-77.324618","False"
"regular-provider","Age-adjusted percentage of adults who have a regular health care provider","Suffolk","82.4",,,"Percentage","2022","NYS Expanded Behavioral Risk Factor Surveillance System, data as of November 2022","40.820237","-73.119032","False"
"regular-provider","Age-adjusted percentage of adults who have a regular health care provider","Sullivan","76.9",,,"Percentage","2022","NYS Expanded Behavioral Risk Factor Surveillance System, data as of November 2022","41.705166","-74.711705","False"
"regular-provider","Age-adjusted percentage of adults who have a regular health care provider","Tioga","91.7",,,"Percentage","2022","NYS Expanded Behavioral Risk Factor Surveillance System, data as of November 2022","42.120252","-76.29595","False"
"regular-provider","Age-adjusted percentage of adults who have a regular health care provider","Tompkins","82.7",,,"Percentage","2022","NYS Expanded Behavioral Risk Factor Surveillance System, data as of November 2022","42.461024","-76.478784","False"
"regular-provider","Age-adjusted percentage of adults who have a regular health care provider","Ulster","89.5",,,"Percentage","2022","NYS Expanded Behavioral Risk Factor Surveillance System, data as of November 2022","41.848374","-74.099412","False"
"regular-provider","Age-adjusted percentage of adults who have a regular health care provider","Warren","88.1",,,"Percentage","2022","NYS Expanded Behavioral Risk Factor Surveillance System, data as of November 2022","43.403024","-73.716044","False"
"regular-provider","Age-adjusted percentage of adults who have a regular health care provider","Washington","89.3",,,"Percentage","2022","NYS Expanded Behavioral Risk Factor Surveillance System, data as of November 2022","43.289513","-73.454761","False"
"regular-provider","Age-adjusted percentage of adults who have a regular health care provider","Wayne","84.5",,,"Percentage","2022","NYS Expanded Behavioral Risk Factor Surveillance System, data as of November 2022","43.144336","-77.117995","False"
"regular-provider","Age-adjusted percentage of adults who have a regular health care provider","Westchester","84.9",,,"Percentage","2022","NYS Expanded Behavioral Risk Factor Surveillance System, data as of November 2022","41.039278","-73.805386","False"
"regular-provider","Age-adjusted percentage of adults who have a regular health care provider","Wyoming","88.1",,,"Percentage","2022","NYS Expanded Behavioral Risk Factor Surveillance System, data as of November 2022","42.723641","-78.204473","False"
"regular-provider","Age-adjusted percentage of adults who have a regular health care provider","Yates","94.1",,,"Percentage","2022","NYS Expanded Behavioral Risk Factor Surveillance System, data as of November 2022","42.634338","-77.078311","False"
"respiratory-mortality","Age-adjusted chronic lower respiratory disease mortality rate per 100,000","Albany","27.6","341","309894","Rate","2019-2021","2021 Vital Statistics Data as of July, 2023","42.678066","-73.814233","False"
"respiratory-mortality","Age-adjusted chronic lower respiratory disease mortality rate per 100,000","Allegany","58","116","46498","Rate","2019-2021","2021 Vital Statistics Data as of July, 2023","42.226801","-78.020567","False"
"respiratory-mortality","Age-adjusted chronic lower respiratory disease mortality rate per 100,000","Bronx","23.4","1060","1428574","Rate","2019-2021","2021 Vital Statistics Data as of July, 2023","40.85589","-73.868294","False"
"respiratory-mortality","Age-adjusted chronic lower respiratory disease mortality rate per 100,000","Broome","37.6","342","194382","Rate","2019-2021","2021 Vital Statistics Data as of July, 2023","42.122015","-75.933191","False"
"respiratory-mortality","Age-adjusted chronic lower respiratory disease mortality rate per 100,000","Cattaraugus","51.2","174","76715","Rate","2019-2021","2021 Vital Statistics Data as of July, 2023","42.224267","-78.606673","False"
"respiratory-mortality","Age-adjusted chronic lower respiratory disease mortality rate per 100,000","Cayuga","40.1","142","76678","Rate","2019-2021","2021 Vital Statistics Data as of July, 2023","42.940095","-76.560755","False"
"respiratory-mortality","Age-adjusted chronic lower respiratory disease mortality rate per 100,000","Chautauqua","42.6","255","127272","Rate","2019-2021","2021 Vital Statistics Data as of July, 2023","42.246904","-79.315313","False"
"respiratory-mortality","Age-adjusted chronic lower respiratory disease mortality rate per 100,000","Chemung","40.3","151","83632","Rate","2019-2021","2021 Vital Statistics Data as of July, 2023","42.116644","-76.812331","False"
"respiratory-mortality","Age-adjusted chronic lower respiratory disease mortality rate per 100,000","Chenango","58.5","129","47214","Rate","2019-2021","2021 Vital Statistics Data as of July, 2023","42.481798","-75.570013","False"
"respiratory-mortality","Age-adjusted chronic lower respiratory disease mortality rate per 100,000","Clinton","45.6","146","80449","Rate","2019-2021","2021 Vital Statistics Data as of July, 2023","44.731944","-73.548883","False"
"respiratory-mortality","Age-adjusted chronic lower respiratory disease mortality rate per 100,000","Columbia","32.6","106","60581","Rate","2019-2021","2021 Vital Statistics Data as of July, 2023","42.276913","-73.682168","False"
"respiratory-mortality","Age-adjusted chronic lower respiratory disease mortality rate per 100,000","Cortland","43.9","80","47310","Rate","2019-2021","2021 Vital Statistics Data as of July, 2023","42.597101","-76.143291","False"
"respiratory-mortality","Age-adjusted chronic lower respiratory disease mortality rate per 100,000","Delaware","37.2","92","44667","Rate","2019-2021","2021 Vital Statistics Data as of July, 2023","42.242972","-74.997944","False"
"respiratory-mortality","Age-adjusted chronic lower respiratory disease mortality rate per 100,000","Dutchess","25.4","322","295222","Rate","2019-2021","2021 Vital Statistics Data as of July, 2023","41.686216","-73.840468","False"
"respiratory-mortality","Age-adjusted chronic lower respiratory disease mortality rate per 100,000","Erie","33.9","1330","931411","Rate","2019-2021","2021 Vital Statistics Data as of July, 2023","42.888143","-78.795544","False"
"respiratory-mortality","Age-adjusted chronic lower respiratory disease mortality rate per 100,000","Essex","42.5","86","37303","Rate","2019-2021","2021 Vital Statistics Data as of July, 2023","44.166026","-73.685145","False"
"respiratory-mortality","Age-adjusted chronic lower respiratory disease mortality rate per 100,000","Franklin","46.6","88","49230","Rate","2019-2021","2021 Vital Statistics Data as of July, 2023","44.705699","-74.340621","False"
"respiratory-mortality","Age-adjusted chronic lower respiratory disease mortality rate per 100,000","Fulton","54.9","134","53454","Rate","2019-2021","2021 Vital Statistics Data as of July, 2023","43.06014","-74.331296","False"
"respiratory-mortality","Age-adjusted chronic lower respiratory disease mortality rate per 100,000","Genesee","38.7","103","57669","Rate","2019-2021","2021 Vital Statistics Data as of July, 2023","43.000121","-78.172679","False"
"respiratory-mortality","Age-adjusted chronic lower respiratory disease mortality rate per 100,000","Greene","28.3","69","47765","Rate","2019-2021","2021 Vital Statistics Data as of July, 2023","42.298326","-73.973376","False"
"respiratory-mortality","Age-adjusted chronic lower respiratory disease mortality rate per 100,000","Hamilton","29.7","9","4673","Rate","2019-2021","2021 Vital Statistics Data as of July, 2023","43.618468","-74.395268","False"
"respiratory-mortality","Age-adjusted chronic lower respiratory disease mortality rate per 100,000","Herkimer","36.3","104","61201","Rate","2019-2021","2021 Vital Statistics Data as of July, 2023","43.070026","-74.994246","False"
"respiratory-mortality","Age-adjusted chronic lower respiratory disease mortality rate per 100,000","Jefferson","40.4","148","114071","Rate","2019-2021","2021 Vital Statistics Data as of July, 2023","44.019295","-75.898971","False"
"respiratory-mortality","Age-adjusted chronic lower respiratory disease mortality rate per 100,000","Kings","15.3","1325","2599221","Rate","2019-2021","2021 Vital Statistics Data as of July, 2023","40.65642","-73.950691","False"
"respiratory-mortality","Age-adjusted chronic lower respiratory disease mortality rate per 100,000","Lewis","28.4","34","26584","Rate","2019-2021","2021 Vital Statistics Data as of July, 2023","43.785537","-75.446296","False"
"respiratory-mortality","Age-adjusted chronic lower respiratory disease mortality rate per 100,000","Livingston","39.4","103","62730","Rate","2019-2021","2021 Vital Statistics Data as of July, 2023","42.763754","-77.765392","False"
"respiratory-mortality","Age-adjusted chronic lower respiratory disease mortality rate per 100,000","Madison","46.8","136","69919","Rate","2019-2021","2021 Vital Statistics Data as of July, 2023","42.986917","-75.720031","False"
"respiratory-mortality","Age-adjusted chronic lower respiratory disease mortality rate per 100,000","Monroe","23.6","726","748342","Rate","2019-2021","2021 Vital Statistics Data as of July, 2023","43.161748","-77.620143","False"
"respiratory-mortality","Age-adjusted chronic lower respiratory disease mortality rate per 100,000","Montgomery","37.5","83","49538","Rate","2019-2021","2021 Vital Statistics Data as of July, 2023","42.933637","-74.341972","False"
"respiratory-mortality","Age-adjusted chronic lower respiratory disease mortality rate per 100,000","Nassau","18.3","1095","1368653","Rate","2019-2021","2021 Vital Statistics Data as of July, 2023","40.715749","-73.601185","False"
"respiratory-mortality","Age-adjusted chronic lower respiratory disease mortality rate per 100,000","New York","13.5","896","1614529","Rate","2019-2021","2021 Vital Statistics Data as of July, 2023","40.726966","-74.005966","False"
"respiratory-mortality","Age-adjusted chronic lower respiratory disease mortality rate per 100,000","New York State","25.2","19496","19648563","Rate","2019-2021","2021 Vital Statistics Data as of July, 2023",,,"False"
"respiratory-mortality","Age-adjusted chronic lower respiratory disease mortality rate per 100,000","Niagara","45.7","431","210830","Rate","2019-2021","2021 Vital Statistics Data as of July, 2023","43.134634","-78.856419","False"
"respiratory-mortality","Age-adjusted chronic lower respiratory disease mortality rate per 100,000","Oneida","40","414","229601","Rate","2019-2021","2021 Vital Statistics Data as of July, 2023","43.149482","-75.361773","False"
"respiratory-mortality","Age-adjusted chronic lower respiratory disease mortality rate per 100,000","Onondaga","34.5","661","465291","Rate","2019-2021","2021 Vital Statistics Data as of July, 2023","43.065629","-76.168033","False"
"respiratory-mortality","Age-adjusted chronic lower respiratory disease mortality rate per 100,000","Ontario","34.8","177","110861","Rate","2019-2021","2021 Vital Statistics Data as of July, 2023","42.894571","-77.252045","False"
"respiratory-mortality","Age-adjusted chronic lower respiratory disease mortality rate per 100,000","Orange","33.5","421","389940","Rate","2019-2021","2021 Vital Statistics Data as of July, 2023","41.422459","-74.241929","False"
"respiratory-mortality","Age-adjusted chronic lower respiratory disease mortality rate per 100,000","Orleans","48.3","82","40376","Rate","2019-2021","2021 Vital Statistics Data as of July, 2023","43.248394","-78.218438","False"
"respiratory-mortality","Age-adjusted chronic lower respiratory disease mortality rate per 100,000","Oswego","46","202","117721","Rate","2019-2021","2021 Vital Statistics Data as of July, 2023","43.39123","-76.31133","False"
"respiratory-mortality","Age-adjusted chronic lower respiratory disease mortality rate per 100,000","Otsego","36.8","107","60138","Rate","2019-2021","2021 Vital Statistics Data as of July, 2023","42.564852","-75.060334","False"
"respiratory-mortality","Age-adjusted chronic lower respiratory disease mortality rate per 100,000","Putnam","19.6","77","98639","Rate","2019-2021","2021 Vital Statistics Data as of July, 2023","41.41131","-73.717443","False"
"respiratory-mortality","Age-adjusted chronic lower respiratory disease mortality rate per 100,000","Queens","13.9","1223","2292904","Rate","2019-2021","2021 Vital Statistics Data as of July, 2023","40.749338","-73.789673","False"
"respiratory-mortality","Age-adjusted chronic lower respiratory disease mortality rate per 100,000","Rensselaer","40.7","256","159881","Rate","2019-2021","2021 Vital Statistics Data as of July, 2023","42.70098","-73.628669","False"
"respiratory-mortality","Age-adjusted chronic lower respiratory disease mortality rate per 100,000","Richmond","25.9","468","482182","Rate","2019-2021","2021 Vital Statistics Data as of July, 2023","40.566763","-74.148102","False"
"respiratory-mortality","Age-adjusted chronic lower respiratory disease mortality rate per 100,000","Rockland","22.6","285","330189","Rate","2019-2021","2021 Vital Statistics Data as of July, 2023","41.127287","-74.017033","False"
"respiratory-mortality","Age-adjusted chronic lower respiratory disease mortality rate per 100,000","Saratoga","36.3","352","232739","Rate","2019-2021","2021 Vital Statistics Data as of July, 2023","43.00894","-73.786779","False"
"respiratory-mortality","Age-adjusted chronic lower respiratory disease mortality rate per 100,000","Schenectady","34","226","156961","Rate","2019-2021","2021 Vital Statistics Data as of July, 2023","42.809233","-73.946838","False"
"respiratory-mortality","Age-adjusted chronic lower respiratory disease mortality rate per 100,000","Schoharie","43.2","65","30839","Rate","2019-2021","2021 Vital Statistics Data as of July, 2023","42.643426","-74.434606","False"
"respiratory-mortality","Age-adjusted chronic lower respiratory disease mortality rate per 100,000","Schuyler","42.4","34","17828","Rate","2019-2021","2021 Vital Statistics Data as of July, 2023","42.38593","-76.872032","False"
"respiratory-mortality","Age-adjusted chronic lower respiratory disease mortality rate per 100,000","Seneca","40.8","61","34043","Rate","2019-2021","2021 Vital Statistics Data as of July, 2023","42.833627","-76.82753","False"
"respiratory-mortality","Age-adjusted chronic lower respiratory disease mortality rate per 100,000","St. Lawrence","46","208","108493","Rate","2019-2021","2021 Vital Statistics Data as of July, 2023","44.689468","-75.242045","False"
"respiratory-mortality","Age-adjusted chronic lower respiratory disease mortality rate per 100,000","Steuben","52.3","226","94952","Rate","2019-2021","2021 Vital Statistics Data as of July, 2023","42.270053","-77.324618","False"
"respiratory-mortality","Age-adjusted chronic lower respiratory disease mortality rate per 100,000","Suffolk","27.5","1659","1499223","Rate","2019-2021","2021 Vital Statistics Data as of July, 2023","40.820237","-73.119032","False"
"respiratory-mortality","Age-adjusted chronic lower respiratory disease mortality rate per 100,000","Sullivan","45.9","147","76819","Rate","2019-2021","2021 Vital Statistics Data as of July, 2023","41.705166","-74.711705","False"
"respiratory-mortality","Age-adjusted chronic lower respiratory disease mortality rate per 100,000","Tioga","33.9","80","48372","Rate","2019-2021","2021 Vital Statistics Data as of July, 2023","42.120252","-76.29595","False"
"respiratory-mortality","Age-adjusted chronic lower respiratory disease mortality rate per 100,000","Tompkins","36.7","126","103603","Rate","2019-2021","2021 Vital Statistics Data as of July, 2023","42.461024","-76.478784","False"
"respiratory-mortality","Age-adjusted chronic lower respiratory disease mortality rate per 100,000","Ulster","33.3","272","180241","Rate","2019-2021","2021 Vital Statistics Data as of July, 2023","41.848374","-74.099412","False"
"respiratory-mortality","Age-adjusted chronic lower respiratory disease mortality rate per 100,000","Warren","41.4","133","64770","Rate","2019-2021","2021 Vital Statistics Data as of July, 2023","43.403024","-73.716044","False"
"respiratory-mortality","Age-adjusted chronic lower respiratory disease mortality rate per 100,000","Washington","52.5","145","61215","Rate","2019-2021","2021 Vital Statistics Data as of July, 2023","43.289513","-73.454761","False"
"respiratory-mortality","Age-adjusted chronic lower respiratory disease mortality rate per 100,000","Wayne","33.5","135","90474","Rate","2019-2021","2021 Vital Statistics Data as of July, 2023","43.144336","-77.117995","False"
"respiratory-mortality","Age-adjusted chronic lower respiratory disease mortality rate per 100,000","Westchester","18.6","794","979154","Rate","2019-2021","2021 Vital Statistics Data as of July, 2023","41.039278","-73.805386","False"
"respiratory-mortality","Age-adjusted chronic lower respiratory disease mortality rate per 100,000","Wyoming","37.2","61","40051","Rate","2019-2021","2021 Vital Statistics Data as of July, 2023","42.723641","-78.204473","False"
"respiratory-mortality","Age-adjusted chronic lower respiratory disease mortality rate per 100,000","Yates","38","43","24851","Rate","2019-2021","2021 Vital Statistics Data as of July, 2023","42.634338","-77.078311","False"
"self-inflicted-injury","Age-adjusted self-inflicted injury hospitalization rate per 10,000","Albany","6.6","213","316301","Rate","2021","2021 SPARCS Data as of June, 2023","42.678066","-73.814233","False"
"self-inflicted-injury","Age-adjusted self-inflicted injury hospitalization rate per 10,000","Allegany","5.9","24","46921","Rate","2021","2021 SPARCS Data as of June, 2023","42.226801","-78.020567","False"
"self-inflicted-injury","Age-adjusted self-inflicted injury hospitalization rate per 10,000","Bronx","4.5","636","1421089","Rate","2021","2021 SPARCS Data as of June, 2023","40.85589","-73.868294","False"
"self-inflicted-injury","Age-adjusted self-inflicted injury hospitalization rate per 10,000","Broome","7.9","146","198703","Rate","2021","2021 SPARCS Data as of June, 2023","42.122015","-75.933191","False"
"self-inflicted-injury","Age-adjusted self-inflicted injury hospitalization rate per 10,000","Cattaraugus","8.1","53","76650","Rate","2021","2021 SPARCS Data as of June, 2023","42.224267","-78.606673","False"
"self-inflicted-injury","Age-adjusted self-inflicted injury hospitalization rate per 10,000","Cayuga","12.6","88","75791","Rate","2021","2021 SPARCS Data as of June, 2023","42.940095","-76.560755","False"
"self-inflicted-injury","Age-adjusted self-inflicted injury hospitalization rate per 10,000","Chautauqua","8.9","99","126785","Rate","2021","2021 SPARCS Data as of June, 2023","42.246904","-79.315313","False"
"self-inflicted-injury","Age-adjusted self-inflicted injury hospitalization rate per 10,000","Chemung","9.7","73","82830","Rate","2021","2021 SPARCS Data as of June, 2023","42.116644","-76.812331","False"
"self-inflicted-injury","Age-adjusted self-inflicted injury hospitalization rate per 10,000","Chenango","3","13","46637","Rate","2021","2021 SPARCS Data as of June, 2023","42.481798","-75.570013","False"
"self-inflicted-injury","Age-adjusted self-inflicted injury hospitalization rate per 10,000","Clinton","9.3","71","79996","Rate","2021","2021 SPARCS Data as of June, 2023","44.731944","-73.548883","False"
"self-inflicted-injury","Age-adjusted self-inflicted injury hospitalization rate per 10,000","Columbia","6.7","33","62039","Rate","2021","2021 SPARCS Data as of June, 2023","42.276913","-73.682168","False"
"self-inflicted-injury","Age-adjusted self-inflicted injury hospitalization rate per 10,000","Cortland","14.1","59","46489","Rate","2021","2021 SPARCS Data as of June, 2023","42.597101","-76.143291","False"
"self-inflicted-injury","Age-adjusted self-inflicted injury hospitalization rate per 10,000","Delaware","4.3","16","44753","Rate","2021","2021 SPARCS Data as of June, 2023","42.242972","-74.997944","False"
"self-inflicted-injury","Age-adjusted self-inflicted injury hospitalization rate per 10,000","Dutchess","6.3","181","298039","Rate","2021","2021 SPARCS Data as of June, 2023","41.686216","-73.840468","False"
"self-inflicted-injury","Age-adjusted self-inflicted injury hospitalization rate per 10,000","Erie","5.4","501","954350","Rate","2021","2021 SPARCS Data as of June, 2023","42.888143","-78.795544","False"
"self-inflicted-injury","Age-adjusted self-inflicted injury hospitalization rate per 10,000","Essex","6.7","20","37292","Rate","2021","2021 SPARCS Data as of June, 2023","44.166026","-73.685145","False"
"self-inflicted-injury","Age-adjusted self-inflicted injury hospitalization rate per 10,000","Franklin","6.3","27","47040","Rate","2021","2021 SPARCS Data as of June, 2023","44.705699","-74.340621","False"
"self-inflicted-injury","Age-adjusted self-inflicted injury hospitalization rate per 10,000","Fulton","7.7","38","53055","Rate","2021","2021 SPARCS Data as of June, 2023","43.06014","-74.331296","False"
"self-inflicted-injury","Age-adjusted self-inflicted injury hospitalization rate per 10,000","Genesee","9.5","51","57988","Rate","2021","2021 SPARCS Data as of June, 2023","43.000121","-78.172679","False"
"self-inflicted-injury","Age-adjusted self-inflicted injury hospitalization rate per 10,000","Greene","8","33","48493","Rate","2021","2021 SPARCS Data as of June, 2023","42.298326","-73.973376","False"
"self-inflicted-injury","Age-adjusted self-inflicted injury hospitalization rate per 10,000","Hamilton","0","0","5114","Rate","2021","2021 SPARCS Data as of June, 2023","43.618468","-74.395268","False"
"self-inflicted-injury","Age-adjusted self-inflicted injury hospitalization rate per 10,000","Herkimer","8","46","60082","Rate","2021","2021 SPARCS Data as of June, 2023","43.070026","-74.994246","False"
"self-inflicted-injury","Age-adjusted self-inflicted injury hospitalization rate per 10,000","Jefferson","8.1","96","117680","Rate","2021","2021 SPARCS Data as of June, 2023","44.019295","-75.898971","False"
"self-inflicted-injury","Age-adjusted self-inflicted injury hospitalization rate per 10,000","Kings","3.1","794","2637486","Rate","2021","2021 SPARCS Data as of June, 2023","40.65642","-73.950691","False"
"self-inflicted-injury","Age-adjusted self-inflicted injury hospitalization rate per 10,000","Lewis",,,"26745","Rate","2021","2021 SPARCS Data as of June, 2023","43.785537","-75.446296","True"
"self-inflicted-injury","Age-adjusted self-inflicted injury hospitalization rate per 10,000","Livingston","5.4","33","61629","Rate","2021","2021 SPARCS Data as of June, 2023","42.763754","-77.765392","False"
"self-inflicted-injury","Age-adjusted self-inflicted injury hospitalization rate per 10,000","Madison","8","50","67397","Rate","2021","2021 SPARCS Data as of June, 2023","42.986917","-75.720031","False"
"self-inflicted-injury","Age-adjusted self-inflicted injury hospitalization rate per 10,000","Monroe","6.2","449","756547","Rate","2021","2021 SPARCS Data as of June, 2023","43.161748","-77.620143","False"
"self-inflicted-injury","Age-adjusted self-inflicted injury hospitalization rate per 10,000","Montgomery","7.1","34","49611","Rate","2021","2021 SPARCS Data as of June, 2023","42.933637","-74.341972","False"
"self-inflicted-injury","Age-adjusted self-inflicted injury hospitalization rate per 10,000","Nassau","3.2","428","1391112","Rate","2021","2021 SPARCS Data as of June, 2023","40.715749","-73.601185","False"
"self-inflicted-injury","Age-adjusted self-inflicted injury hospitalization rate per 10,000","New York","3.9","602","1578801","Rate","2021","2021 SPARCS Data as of June, 2023","40.726966","-74.005966","False"
"self-inflicted-injury","Age-adjusted self-inflicted injury hospitalization rate per 10,000","New York State","4.7","9100","19857492","Rate","2021","2021 SPARCS Data as of June, 2023",,,"False"
"self-inflicted-injury","Age-adjusted self-inflicted injury hospitalization rate per 10,000","Niagara","6","120","211891","Rate","2021","2021 SPARCS Data as of June, 2023","43.134634","-78.856419","False"
"self-inflicted-injury","Age-adjusted self-inflicted injury hospitalization rate per 10,000","Oneida","7.8","165","229942","Rate","2021","2021 SPARCS Data as of June, 2023","43.149482","-75.361773","False"
"self-inflicted-injury","Age-adjusted self-inflicted injury hospitalization rate per 10,000","Onondaga","8.3","376","472094","Rate","2021","2021 SPARCS Data as of June, 2023","43.065629","-76.168033","False"
"self-inflicted-injury","Age-adjusted self-inflicted injury hospitalization rate per 10,000","Ontario","6","59","112660","Rate","2021","2021 SPARCS Data as of June, 2023","42.894571","-77.252045","False"
"self-inflicted-injury","Age-adjusted self-inflicted injury hospitalization rate per 10,000","Orange","4.1","169","404997","Rate","2021","2021 SPARCS Data as of June, 2023","41.422459","-74.241929","False"
"self-inflicted-injury","Age-adjusted self-inflicted injury hospitalization rate per 10,000","Orleans","5.6","21","39711","Rate","2021","2021 SPARCS Data as of June, 2023","43.248394","-78.218438","False"
"self-inflicted-injury","Age-adjusted self-inflicted injury hospitalization rate per 10,000","Oswego","16.6","185","118124","Rate","2021","2021 SPARCS Data as of June, 2023","43.39123","-76.31133","False"
"self-inflicted-injury","Age-adjusted self-inflicted injury hospitalization rate per 10,000","Otsego","5.8","31","60758","Rate","2021","2021 SPARCS Data as of June, 2023","42.564852","-75.060334","False"
"self-inflicted-injury","Age-adjusted self-inflicted injury hospitalization rate per 10,000","Putnam","4.1","42","98176","Rate","2021","2021 SPARCS Data as of June, 2023","41.41131","-73.717443","False"
"self-inflicted-injury","Age-adjusted self-inflicted injury hospitalization rate per 10,000","Queens","3.4","753","2328141","Rate","2021","2021 SPARCS Data as of June, 2023","40.749338","-73.789673","False"
"self-inflicted-injury","Age-adjusted self-inflicted injury hospitalization rate per 10,000","Rensselaer","7.5","116","160740","Rate","2021","2021 SPARCS Data as of June, 2023","42.70098","-73.628669","False"
"self-inflicted-injury","Age-adjusted self-inflicted injury hospitalization rate per 10,000","Richmond","4","198","493484","Rate","2021","2021 SPARCS Data as of June, 2023","40.566763","-74.148102","False"
"self-inflicted-injury","Age-adjusted self-inflicted injury hospitalization rate per 10,000","Rockland","3.1","101","339256","Rate","2021","2021 SPARCS Data as of June, 2023","41.127287","-74.017033","False"
"self-inflicted-injury","Age-adjusted self-inflicted injury hospitalization rate per 10,000","Saratoga","7.8","173","237962","Rate","2021","2021 SPARCS Data as of June, 2023","43.00894","-73.786779","False"
"self-inflicted-injury","Age-adjusted self-inflicted injury hospitalization rate per 10,000","Schenectady","7.7","123","160214","Rate","2021","2021 SPARCS Data as of June, 2023","42.809233","-73.946838","False"
"self-inflicted-injury","Age-adjusted self-inflicted injury hospitalization rate per 10,000","Schoharie","6.2","17","30152","Rate","2021","2021 SPARCS Data as of June, 2023","42.643426","-74.434606","False"
"self-inflicted-injury","Age-adjusted self-inflicted injury hospitalization rate per 10,000","Schuyler","6.6","9","17800","Rate","2021","2021 SPARCS Data as of June, 2023","42.38593","-76.872032","False"
"self-inflicted-injury","Age-adjusted self-inflicted injury hospitalization rate per 10,000","Seneca","5.6","18","33576","Rate","2021","2021 SPARCS Data as of June, 2023","42.833627","-76.82753","False"
"self-inflicted-injury","Age-adjusted self-inflicted injury hospitalization rate per 10,000","St. Lawrence","5.6","57","108410","Rate","2021","2021 SPARCS Data as of June, 2023","44.689468","-75.242045","False"
"self-inflicted-injury","Age-adjusted self-inflicted injury hospitalization rate per 10,000","Steuben","6.9","55","93105","Rate","2021","2021 SPARCS Data as of June, 2023","42.270053","-77.324618","False"
"self-inflicted-injury","Age-adjusted self-inflicted injury hospitalization rate per 10,000","Suffolk","3.8","555","1533118","Rate","2021","2021 SPARCS Data as of June, 2023","40.820237","-73.119032","False"
"self-inflicted-injury","Age-adjusted self-inflicted injury hospitalization rate per 10,000","Sullivan","5.8","47","79694","Rate","2021","2021 SPARCS Data as of June, 2023","41.705166","-74.711705","False"
"self-inflicted-injury","Age-adjusted self-inflicted injury hospitalization rate per 10,000","Tioga","5.2","21","48087","Rate","2021","2021 SPARCS Data as of June, 2023","42.120252","-76.29595","False"
"self-inflicted-injury","Age-adjusted self-inflicted injury hospitalization rate per 10,000","Tompkins","7.7","84","106044","Rate","2021","2021 SPARCS Data as of June, 2023","42.461024","-76.478784","False"
"self-inflicted-injury","Age-adjusted self-inflicted injury hospitalization rate per 10,000","Ulster","4.9","83","183704","Rate","2021","2021 SPARCS Data as of June, 2023","41.848374","-74.099412","False"
"self-inflicted-injury","Age-adjusted self-inflicted injury hospitalization rate per 10,000","Warren","11.7","66","65773","Rate","2021","2021 SPARCS Data as of June, 2023","43.403024","-73.716044","False"
"self-inflicted-injury","Age-adjusted self-inflicted injury hospitalization rate per 10,000","Washington","10.4","58","60975","Rate","2021","2021 SPARCS Data as of June, 2023","43.289513","-73.454761","False"
"self-inflicted-injury","Age-adjusted self-inflicted injury hospitalization rate per 10,000","Wayne","7.8","61","91201","Rate","2021","2021 SPARCS Data as of June, 2023","43.144336","-77.117995","False"
"self-inflicted-injury","Age-adjusted self-inflicted injury hospitalization rate per 10,000","Westchester","4.1","397","999607","Rate","2021","2021 SPARCS Data as of June, 2023","41.039278","-73.805386","False"
"self-inflicted-injury","Age-adjusted self-inflicted injury hospitalization rate per 10,000","Wyoming","7.5","27","40017","Rate","2021","2021 SPARCS Data as of June, 2023","42.723641","-78.204473","False"
"self-inflicted-injury","Age-adjusted self-inflicted injury hospitalization rate per 10,000","Yates",,,"24634","Rate","2021","2021 SPARCS Data as of June, 2023","42.634338","-77.078311","True"
"social-vulnerability","Social Vulnerability Index","Albany","0",,,"Index","2020","CDC/ATSDR Social Vulnerability Index 2020 Database New York, data as of October 2022","42.678066","-73.814233","False"
"social-vulnerability","Social Vulnerability Index","Allegany","0",,,"Index","2020","CDC/ATSDR Social Vulnerability Index 2020 Database New York, data as of October 2022","42.226801","-78.020567","False"
"social-vulnerability","Social Vulnerability Index","Bronx","1",,,"Index","2020","CDC/ATSDR Social Vulnerability Index 2020 Database New York, data as of October 2022","40.85589","-73.868294","False"
"social-vulnerability","Social Vulnerability Index","Broome","1",,,"Index","2020","CDC/ATSDR Social Vulnerability Index 2020 Database New York, data as of October 2022","42.122015","-75.933191","False"
"social-vulnerability","Social Vulnerability Index","Cattaraugus","1",,,"Index","2020","CDC/ATSDR Social Vulnerability Index 2020 Database New York, data as of October 2022","42.224267","-78.606673","False"
"social-vulnerability","Social Vulnerability Index","Cayuga","1",,,"Index","2020","CDC/ATSDR Social Vulnerability Index 2020 Database New York, data as of October 2022","42.940095","-76.560755","False"
"social-vulnerability","Social Vulnerability Index","Chautauqua","1",,,"Index","2020","CDC/ATSDR Social Vulnerability Index 2020 Database New York, data as of October 2022","42.246904","-79.315313","False"
"social-vulnerability","Social Vulnerability Index","Chemung","1",,,"Index","2020","CDC/ATSDR Social Vulnerability Index 2020 Database New York, data as of October 2022","42.116644","-76.812331","False"
"social-vulnerability","Social Vulnerability Index","Chenango","1",,,"Index","2020","CDC/ATSDR Social Vulnerability Index 2020 Database New York, data as of October 2022","42.481798","-75.570013","False"
"social-vulnerability","Social Vulnerability Index","Clinton","0",,,"Index","2020","CDC/ATSDR Social Vulnerability Index 2020 Database New York, data as of October 2022","44.731944","-73.548883","False"
"social-vulnerability","Social Vulnerability Index","Columbia","0",,,"Index","2020","CDC/ATSDR Social Vulnerability Index 2020 Database New York, data as of October 2022","42.276913","-73.682168","False"
"social-vulnerability","Social Vulnerability Index","Cortland","0",,,"Index","2020","CDC/ATSDR Social Vulnerability Index 2020 Database New York, data as of October 2022","42.597101","-76.143291","False"
"social-vulnerability","Social Vulnerability Index","Delaware","1",,,"Index","2020","CDC/ATSDR Social Vulnerability Index 2020 Database New York, data as of October 2022","42.242972","-74.997944","False"
"social-vulnerability","Social Vulnerability Index","Dutchess","0",,,"Index","2020","CDC/ATSDR Social Vulnerability Index 2020 Database New York, data as of October 2022","41.686216","-73.840468","False"
"social-vulnerability","Social Vulnerability Index","Erie","1",,,"Index","2020","CDC/ATSDR Social Vulnerability Index 2020 Database New York, data as of October 2022","42.888143","-78.795544","False"
"social-vulnerability","Social Vulnerability Index","Essex","0",,,"Index","2020","CDC/ATSDR Social Vulnerability Index 2020 Database New York, data as of October 2022","44.166026","-73.685145","False"
"social-vulnerability","Social Vulnerability Index","Franklin","1",,,"Index","2020","CDC/ATSDR Social Vulnerability Index 2020 Database New York, data as of October 2022","44.705699","-74.340621","False"
"social-vulnerability","Social Vulnerability Index","Fulton","0",,,"Index","2020","CDC/ATSDR Social Vulnerability Index 2020 Database New York, data as of October 2022","43.06014","-74.331296","False"
"social-vulnerability","Social Vulnerability Index","Genesee","0",,,"Index","2020","CDC/ATSDR Social Vulnerability Index 2020 Database New York, data as of October 2022","43.000121","-78.172679","False"
"social-vulnerability","Social Vulnerability Index","Greene","0",,,"Index","2020","CDC/ATSDR Social Vulnerability Index 2020 Database New York, data as of October 2022","42.298326","-73.973376","False"
"social-vulnerability","Social Vulnerability Index","Hamilton","0",,,"Index","2020","CDC/ATSDR Social Vulnerability Index 2020 Database New York, data as of October 2022","43.618468","-74.395268","False"
"social-vulnerability","Social Vulnerability Index","Herkimer","0",,,"Index","2020","CDC/ATSDR Social Vulnerability Index 2020 Database New York, data as of October 2022","43.070026","-74.994246","False"
"social-vulnerability","Social Vulnerability Index","Jefferson","1",,,"Index","2020","CDC/ATSDR Social Vulnerability Index 2020 Database New York, data as of October 2022","44.019295","-75.898971","False"
"social-vulnerability","Social Vulnerability Index","Kings","1",,,"Index","2020","CDC/ATSDR Social Vulnerability Index 2020 Database New York, data as of October 2022","40.65642","-73.950691","False"
"social-vulnerability","Social Vulnerability Index","Lewis","0",,,"Index","2020","CDC/ATSDR Social Vulnerability Index 2020 Database New York, data as of October 2022","43.785537","-75.446296","False"
"social-vulnerability","Social Vulnerability Index","Livingston","0",,,"Index","2020","CDC/ATSDR Social Vulnerability Index 2020 Database New York, data as of October 2022","42.763754","-77.765392","False"
"social-vulnerability","Social Vulnerability Index","Madison","0",,,"Index","2020","CDC/ATSDR Social Vulnerability Index 2020 Database New York, data as of October 2022","42.986917","-75.720031","False"
"social-vulnerability","Social Vulnerability Index","Monroe","1",,,"Index","2020","CDC/ATSDR Social Vulnerability Index 2020 Database New York, data as of October 2022","43.161748","-77.620143","False"
"social-vulnerability","Social Vulnerability Index","Montgomery","1",,,"Index","2020","CDC/ATSDR Social Vulnerability Index 2020 Database New York, data as of October 2022","42.933637","-74.341972","False"
"social-vulnerability","Social Vulnerability Index","Nassau","0",,,"Index","2020","CDC/ATSDR Social Vulnerability Index 2020 Database New York, data as of October 2022","40.715749","-73.601185","False"
"social-vulnerability","Social Vulnerability Index","New York","1",,,"Index","2020","CDC/ATSDR Social Vulnerability Index 2020 Database New York, data as of October 2022","40.726966","-74.005966","False"
"social-vulnerability","Social Vulnerability Index","Niagara","0",,,"Index","2020","CDC/ATSDR Social Vulnerability Index 2020 Database New York, data as of October 2022","43.134634","-78.856419","False"
"social-vulnerability","Social Vulnerability Index","Oneida","1",,,"Index","2020","CDC/ATSDR Social Vulnerability Index 2020 Database New York, data as of October 2022","43.149482","-75.361773","False"
"social-vulnerability","Social Vulnerability Index","Onondaga","1",,,"Index","2020","CDC/ATSDR Social Vulnerability Index 2020 Database New York, data as of October 2022","43.065629","-76.168033","False"
"social-vulnerability","Social Vulnerability Index","Ontario","0",,,"Index","2020","CDC/ATSDR Social Vulnerability Index 2020 Database New York, data as of October 2022","42.894571","-77.252045","False"
"social-vulnerability","Social Vulnerability Index","Orange","1",,,"Index","2020","CDC/ATSDR Social Vulnerability Index 2020 Database New York, data as of October 2022","41.422459","-74.241929","False"
"social-vulnerability","Social Vulnerability Index","Orleans","1",,,"Index","2020","CDC/ATSDR Social Vulnerability Index 2020 Database New York, data as of October 2022","43.248394","-78.218438","False"
"social-vulnerability","Social Vulnerability Index","Oswego","1",,,"Index","2020","CDC/ATSDR Social Vulnerability Index 2020 Database New York, data as of October 2022","43.39123","-76.31133","False"
"social-vulnerability","Social Vulnerability Index","Otsego","0",,,"Index","2020","CDC/ATSDR Social Vulnerability Index 2020 Database New York, data as of October 2022","42.564852","-75.060334","False"
"social-vulnerability","Social Vulnerability Index","Putnam","0",,,"Index","2020","CDC/ATSDR Social Vulnerability Index 2020 Database New York, data as of October 2022","41.41131","-73.717443","False"
"social-vulnerability","Social Vulnerability Index","Queens","1",,,"Index","2020","CDC/ATSDR Social Vulnerability Index 2020 Database New York, data as of October 2022","40.749338","-73.789673","False"
"social-vulnerability","Social Vulnerability Index","Rensselaer","0",,,"Index","2020","CDC/ATSDR Social Vulnerability Index 2020 Database New York, data as of October 2022","42.70098","-73.628669","False"
"social-vulnerability","Social Vulnerability Index","Richmond","1",,,"Index","2020","CDC/ATSDR Social Vulnerability Index 2020 Database New York, data as of October 2022","40.566763","-74.148102","False"
"social-vulnerability","Social Vulnerability Index","Rockland","1",,,"Index","2020","CDC/ATSDR Social Vulnerability Index 2020 Database New York, data as of October 2022","41.127287","-74.017033","False"
"social-vulnerability","Social Vulnerability Index","Saratoga","0",,,"Index","2020","CDC/ATSDR Social Vulnerability Index 2020 Database New York, data as of October 2022","43.00894","-73.786779","False"
"social-vulnerability","Social Vulnerability Index","Schenectady","1",,,"Index","2020","CDC/ATSDR Social Vulnerability Index 2020 Database New York, data as of October 2022","42.809233","-73.946838","False"
"social-vulnerability","Social Vulnerability Index","Schoharie","0",,,"Index","2020","CDC/ATSDR Social Vulnerability Index 2020 Database New York, data as of October 2022","42.643426","-74.434606","False"
"social-vulnerability","Social Vulnerability Index","Schuyler","0",,,"Index","2020","CDC/ATSDR Social Vulnerability Index 2020 Database New York, data as of October 2022","42.38593","-76.872032","False"
"social-vulnerability","Social Vulnerability Index","Seneca","1",,,"Index","2020","CDC/ATSDR Social Vulnerability Index 2020 Database New York, data as of October 2022","42.833627","-76.82753","False"
"social-vulnerability","Social Vulnerability Index","St. Lawrence","1",,,"Index","2020","CDC/ATSDR Social Vulnerability Index 2020 Database New York, data as of October 2022","44.689468","-75.242045","False"
"social-vulnerability","Social Vulnerability Index","Steuben","1",,,"Index","2020","CDC/ATSDR Social Vulnerability Index 2020 Database New York, data as of October 2022","42.270053","-77.324618","False"
"social-vulnerability","Social Vulnerability Index","Suffolk","0",,,"Index","2020","CDC/ATSDR Social Vulnerability Index 2020 Database New York, data as of October 2022","40.820237","-73.119032","False"
"social-vulnerability","Social Vulnerability Index","Sullivan","1",,,"Index","2020","CDC/ATSDR Social Vulnerability Index 2020 Database New York, data as of October 2022","41.705166","-74.711705","False"
"social-vulnerability","Social Vulnerability Index","Tioga","0",,,"Index","2020","CDC/ATSDR Social Vulnerability Index 2020 Database New York, data as of October 2022","42.120252","-76.29595","False"
"social-vulnerability","Social Vulnerability Index","Tompkins","0",,,"Index","2020","CDC/ATSDR Social Vulnerability Index 2020 Database New York, data as of October 2022","42.461024","-76.478784","False"
"social-vulnerability","Social Vulnerability Index","Ulster","1",,,"Index","2020","CDC/ATSDR Social Vulnerability Index 2020 Database New York, data as of October 2022","41.848374","-74.099412","False"
"social-vulnerability","Social Vulnerability Index","Warren","0",,,"Index","2020","CDC/ATSDR Social Vulnerability Index 2020 Database New York, data as of October 2022","43.403024","-73.716044","False"
"social-vulnerability","Social Vulnerability Index","Washington","0",,,"Index","2020","CDC/ATSDR Social Vulnerability Index 2020 Database New York, data as of October 2022","43.289513","-73.454761","False"
"social-vulnerability","Social Vulnerability Index","Wayne","0",,,"Index","2020","CDC/ATSDR Social Vulnerability Index 2020 Database New York, data as of October 2022","43.144336","-77.117995","False"
"social-vulnerability","Social Vulnerability Index","Westchester","1",,,"Index","2020","CDC/ATSDR Social Vulnerability Index 2020 Database New York, data as of October 2022","41.039278","-73.805386","False"
"social-vulnerability","Social Vulnerability Index","Wyoming","0",,,"Index","2020","CDC/ATSDR Social Vulnerability Index 2020 Database New York, data as of October 2022","42.723641","-78.204473","False"
"social-vulnerability","Social Vulnerability Index","Yates","1",,,"Index","2020","CDC/ATSDR Social Vulnerability Index 2020 Database New York, data as of October 2022","42.634338","-77.078311","False"
"stroke-mortality","Age-adjusted cerebrovascular disease (stroke) mortality rate per 100,000","Albany","24.3","304","309894","Rate","2019-2021","2021 Vital Statistics Data as of July, 2023","42.678066","-73.814233","False"
"stroke-mortality","Age-adjusted cerebrovascular disease (stroke) mortality rate per 100,000","Allegany","21.3","41","46498","Rate","2019-2021","2021 Vital Statistics Data as of July, 2023","42.226801","-78.020567","False"
"stroke-mortality","Age-adjusted cerebrovascular disease (stroke) mortality rate per 100,000","Bronx","28.4","1288","1428574","Rate","2019-2021","2021 Vital Statistics Data as of July, 2023","40.85589","-73.868294","False"
"stroke-mortality","Age-adjusted cerebrovascular disease (stroke) mortality rate per 100,000","Broome","29.6","268","194382","Rate","2019-2021","2021 Vital Statistics Data as of July, 2023","42.122015","-75.933191","False"
"stroke-mortality","Age-adjusted cerebrovascular disease (stroke) mortality rate per 100,000","Cattaraugus","24.4","81","76715","Rate","2019-2021","2021 Vital Statistics Data as of July, 2023","42.224267","-78.606673","False"
"stroke-mortality","Age-adjusted cerebrovascular disease (stroke) mortality rate per 100,000","Cayuga","28.1","98","76678","Rate","2019-2021","2021 Vital Statistics Data as of July, 2023","42.940095","-76.560755","False"
"stroke-mortality","Age-adjusted cerebrovascular disease (stroke) mortality rate per 100,000","Chautauqua","29.4","179","127272","Rate","2019-2021","2021 Vital Statistics Data as of July, 2023","42.246904","-79.315313","False"
"stroke-mortality","Age-adjusted cerebrovascular disease (stroke) mortality rate per 100,000","Chemung","33.7","126","83632","Rate","2019-2021","2021 Vital Statistics Data as of July, 2023","42.116644","-76.812331","False"
"stroke-mortality","Age-adjusted cerebrovascular disease (stroke) mortality rate per 100,000","Chenango","33.2","72","47214","Rate","2019-2021","2021 Vital Statistics Data as of July, 2023","42.481798","-75.570013","False"
"stroke-mortality","Age-adjusted cerebrovascular disease (stroke) mortality rate per 100,000","Clinton","33.1","106","80449","Rate","2019-2021","2021 Vital Statistics Data as of July, 2023","44.731944","-73.548883","False"
"stroke-mortality","Age-adjusted cerebrovascular disease (stroke) mortality rate per 100,000","Columbia","20.3","64","60581","Rate","2019-2021","2021 Vital Statistics Data as of July, 2023","42.276913","-73.682168","False"
"stroke-mortality","Age-adjusted cerebrovascular disease (stroke) mortality rate per 100,000","Cortland","30.2","52","47310","Rate","2019-2021","2021 Vital Statistics Data as of July, 2023","42.597101","-76.143291","False"
"stroke-mortality","Age-adjusted cerebrovascular disease (stroke) mortality rate per 100,000","Delaware","33.1","81","44667","Rate","2019-2021","2021 Vital Statistics Data as of July, 2023","42.242972","-74.997944","False"
"stroke-mortality","Age-adjusted cerebrovascular disease (stroke) mortality rate per 100,000","Dutchess","22.4","280","295222","Rate","2019-2021","2021 Vital Statistics Data as of July, 2023","41.686216","-73.840468","False"
"stroke-mortality","Age-adjusted cerebrovascular disease (stroke) mortality rate per 100,000","Erie","35.3","1402","931411","Rate","2019-2021","2021 Vital Statistics Data as of July, 2023","42.888143","-78.795544","False"
"stroke-mortality","Age-adjusted cerebrovascular disease (stroke) mortality rate per 100,000","Essex","31.5","66","37303","Rate","2019-2021","2021 Vital Statistics Data as of July, 2023","44.166026","-73.685145","False"
"stroke-mortality","Age-adjusted cerebrovascular disease (stroke) mortality rate per 100,000","Franklin","26.2","51","49230","Rate","2019-2021","2021 Vital Statistics Data as of July, 2023","44.705699","-74.340621","False"
"stroke-mortality","Age-adjusted cerebrovascular disease (stroke) mortality rate per 100,000","Fulton","29","71","53454","Rate","2019-2021","2021 Vital Statistics Data as of July, 2023","43.06014","-74.331296","False"
"stroke-mortality","Age-adjusted cerebrovascular disease (stroke) mortality rate per 100,000","Genesee","28.5","74","57669","Rate","2019-2021","2021 Vital Statistics Data as of July, 2023","43.000121","-78.172679","False"
"stroke-mortality","Age-adjusted cerebrovascular disease (stroke) mortality rate per 100,000","Greene","23.9","57","47765","Rate","2019-2021","2021 Vital Statistics Data as of July, 2023","42.298326","-73.973376","False"
"stroke-mortality","Age-adjusted cerebrovascular disease (stroke) mortality rate per 100,000","Hamilton","30.1","9","4673","Rate","2019-2021","2021 Vital Statistics Data as of July, 2023","43.618468","-74.395268","False"
"stroke-mortality","Age-adjusted cerebrovascular disease (stroke) mortality rate per 100,000","Herkimer","26.5","76","61201","Rate","2019-2021","2021 Vital Statistics Data as of July, 2023","43.070026","-74.994246","False"
"stroke-mortality","Age-adjusted cerebrovascular disease (stroke) mortality rate per 100,000","Jefferson","37.9","137","114071","Rate","2019-2021","2021 Vital Statistics Data as of July, 2023","44.019295","-75.898971","False"
"stroke-mortality","Age-adjusted cerebrovascular disease (stroke) mortality rate per 100,000","Kings","19.7","1719","2599221","Rate","2019-2021","2021 Vital Statistics Data as of July, 2023","40.65642","-73.950691","False"
"stroke-mortality","Age-adjusted cerebrovascular disease (stroke) mortality rate per 100,000","Lewis","30.7","37","26584","Rate","2019-2021","2021 Vital Statistics Data as of July, 2023","43.785537","-75.446296","False"
"stroke-mortality","Age-adjusted cerebrovascular disease (stroke) mortality rate per 100,000","Livingston","23.4","62","62730","Rate","2019-2021","2021 Vital Statistics Data as of July, 2023","42.763754","-77.765392","False"
"stroke-mortality","Age-adjusted cerebrovascular disease (stroke) mortality rate per 100,000","Madison","24.7","73","69919","Rate","2019-2021","2021 Vital Statistics Data as of July, 2023","42.986917","-75.720031","False"
"stroke-mortality","Age-adjusted cerebrovascular disease (stroke) mortality rate per 100,000","Monroe","28.8","905","748342","Rate","2019-2021","2021 Vital Statistics Data as of July, 2023","43.161748","-77.620143","False"
"stroke-mortality","Age-adjusted cerebrovascular disease (stroke) mortality rate per 100,000","Montgomery","29.9","65","49538","Rate","2019-2021","2021 Vital Statistics Data as of July, 2023","42.933637","-74.341972","False"
"stroke-mortality","Age-adjusted cerebrovascular disease (stroke) mortality rate per 100,000","Nassau","24.3","1497","1368653","Rate","2019-2021","2021 Vital Statistics Data as of July, 2023","40.715749","-73.601185","False"
"stroke-mortality","Age-adjusted cerebrovascular disease (stroke) mortality rate per 100,000","New York","17.5","1184","1614529","Rate","2019-2021","2021 Vital Statistics Data as of July, 2023","40.726966","-74.005966","False"
"stroke-mortality","Age-adjusted cerebrovascular disease (stroke) mortality rate per 100,000","New York State","24.7","19193","19648563","Rate","2019-2021","2021 Vital Statistics Data as of July, 2023",,,"False"
"stroke-mortality","Age-adjusted cerebrovascular disease (stroke) mortality rate per 100,000","Niagara","35.4","328","210830","Rate","2019-2021","2021 Vital Statistics Data as of July, 2023","43.134634","-78.856419","False"
"stroke-mortality","Age-adjusted cerebrovascular disease (stroke) mortality rate per 100,000","Oneida","33.4","350","229601","Rate","2019-2021","2021 Vital Statistics Data as of July, 2023","43.149482","-75.361773","False"
"stroke-mortality","Age-adjusted cerebrovascular disease (stroke) mortality rate per 100,000","Onondaga","30.5","588","465291","Rate","2019-2021","2021 Vital Statistics Data as of July, 2023","43.065629","-76.168033","False"
"stroke-mortality","Age-adjusted cerebrovascular disease (stroke) mortality rate per 100,000","Ontario","28.1","142","110861","Rate","2019-2021","2021 Vital Statistics Data as of July, 2023","42.894571","-77.252045","False"
"stroke-mortality","Age-adjusted cerebrovascular disease (stroke) mortality rate per 100,000","Orange","24.8","308","389940","Rate","2019-2021","2021 Vital Statistics Data as of July, 2023","41.422459","-74.241929","False"
"stroke-mortality","Age-adjusted cerebrovascular disease (stroke) mortality rate per 100,000","Orleans","34.9","57","40376","Rate","2019-2021","2021 Vital Statistics Data as of July, 2023","43.248394","-78.218438","False"
"stroke-mortality","Age-adjusted cerebrovascular disease (stroke) mortality rate per 100,000","Oswego","33.3","140","117721","Rate","2019-2021","2021 Vital Statistics Data as of July, 2023","43.39123","-76.31133","False"
"stroke-mortality","Age-adjusted cerebrovascular disease (stroke) mortality rate per 100,000","Otsego","30.3","85","60138","Rate","2019-2021","2021 Vital Statistics Data as of July, 2023","42.564852","-75.060334","False"
"stroke-mortality","Age-adjusted cerebrovascular disease (stroke) mortality rate per 100,000","Putnam","21","82","98639","Rate","2019-2021","2021 Vital Statistics Data as of July, 2023","41.41131","-73.717443","False"
"stroke-mortality","Age-adjusted cerebrovascular disease (stroke) mortality rate per 100,000","Queens","21","1846","2292904","Rate","2019-2021","2021 Vital Statistics Data as of July, 2023","40.749338","-73.789673","False"
"stroke-mortality","Age-adjusted cerebrovascular disease (stroke) mortality rate per 100,000","Rensselaer","25","156","159881","Rate","2019-2021","2021 Vital Statistics Data as of July, 2023","42.70098","-73.628669","False"
"stroke-mortality","Age-adjusted cerebrovascular disease (stroke) mortality rate per 100,000","Richmond","18","318","482182","Rate","2019-2021","2021 Vital Statistics Data as of July, 2023","40.566763","-74.148102","False"
"stroke-mortality","Age-adjusted cerebrovascular disease (stroke) mortality rate per 100,000","Rockland","24.1","305","330189","Rate","2019-2021","2021 Vital Statistics Data as of July, 2023","41.127287","-74.017033","False"
"stroke-mortality","Age-adjusted cerebrovascular disease (stroke) mortality rate per 100,000","Saratoga","26.8","252","232739","Rate","2019-2021","2021 Vital Statistics Data as of July, 2023","43.00894","-73.786779","False"
"stroke-mortality","Age-adjusted cerebrovascular disease (stroke) mortality rate per 100,000","Schenectady","31.2","199","156961","Rate","2019-2021","2021 Vital Statistics Data as of July, 2023","42.809233","-73.946838","False"
"stroke-mortality","Age-adjusted cerebrovascular disease (stroke) mortality rate per 100,000","Schoharie","16.8","24","30839","Rate","2019-2021","2021 Vital Statistics Data as of July, 2023","42.643426","-74.434606","False"
"stroke-mortality","Age-adjusted cerebrovascular disease (stroke) mortality rate per 100,000","Schuyler","25.2","21","17828","Rate","2019-2021","2021 Vital Statistics Data as of July, 2023","42.38593","-76.872032","False"
"stroke-mortality","Age-adjusted cerebrovascular disease (stroke) mortality rate per 100,000","Seneca","28.4","40","34043","Rate","2019-2021","2021 Vital Statistics Data as of July, 2023","42.833627","-76.82753","False"
"stroke-mortality","Age-adjusted cerebrovascular disease (stroke) mortality rate per 100,000","St. Lawrence","27.8","121","108493","Rate","2019-2021","2021 Vital Statistics Data as of July, 2023","44.689468","-75.242045","False"
"stroke-mortality","Age-adjusted cerebrovascular disease (stroke) mortality rate per 100,000","Steuben","28.3","122","94952","Rate","2019-2021","2021 Vital Statistics Data as of July, 2023","42.270053","-77.324618","False"
"stroke-mortality","Age-adjusted cerebrovascular disease (stroke) mortality rate per 100,000","Suffolk","24.4","1478","1499223","Rate","2019-2021","2021 Vital Statistics Data as of July, 2023","40.820237","-73.119032","False"
"stroke-mortality","Age-adjusted cerebrovascular disease (stroke) mortality rate per 100,000","Sullivan","23.3","69","76819","Rate","2019-2021","2021 Vital Statistics Data as of July, 2023","41.705166","-74.711705","False"
"stroke-mortality","Age-adjusted cerebrovascular disease (stroke) mortality rate per 100,000","Tioga","29.5","69","48372","Rate","2019-2021","2021 Vital Statistics Data as of July, 2023","42.120252","-76.29595","False"
"stroke-mortality","Age-adjusted cerebrovascular disease (stroke) mortality rate per 100,000","Tompkins","30.7","98","103603","Rate","2019-2021","2021 Vital Statistics Data as of July, 2023","42.461024","-76.478784","False"
"stroke-mortality","Age-adjusted cerebrovascular disease (stroke) mortality rate per 100,000","Ulster","24.8","201","180241","Rate","2019-2021","2021 Vital Statistics Data as of July, 2023","41.848374","-74.099412","False"
"stroke-mortality","Age-adjusted cerebrovascular disease (stroke) mortality rate per 100,000","Warren","31.9","101","64770","Rate","2019-2021","2021 Vital Statistics Data as of July, 2023","43.403024","-73.716044","False"
"stroke-mortality","Age-adjusted cerebrovascular disease (stroke) mortality rate per 100,000","Washington","28.5","77","61215","Rate","2019-2021","2021 Vital Statistics Data as of July, 2023","43.289513","-73.454761","False"
"stroke-mortality","Age-adjusted cerebrovascular disease (stroke) mortality rate per 100,000","Wayne","29.6","114","90474","Rate","2019-2021","2021 Vital Statistics Data as of July, 2023","43.144336","-77.117995","False"
"stroke-mortality","Age-adjusted cerebrovascular disease (stroke) mortality rate per 100,000","Westchester","20.6","890","979154","Rate","2019-2021","2021 Vital Statistics Data as of July, 2023","41.039278","-73.805386","False"
"stroke-mortality","Age-adjusted cerebrovascular disease (stroke) mortality rate per 100,000","Wyoming","24.7","38","40051","Rate","2019-2021","2021 Vital Statistics Data as of July, 2023","42.723641","-78.204473","False"
"stroke-mortality","Age-adjusted cerebrovascular disease (stroke) mortality rate per 100,000","Yates","45.8","49","24851","Rate","2019-2021","2021 Vital Statistics Data as of July, 2023","42.634338","-77.078311","False"
"student-obesity","Percentage obese (95th percentile or higher) - Students (with weight status information in SWSCRS) in elementary, middle and high school","Albany","20.2",,,"Percentage","2021-2023","Student Weight Status Category Reporting System (SWSCRS), data as of July 2020","42.678066","-73.814233","False"
"student-obesity","Percentage obese (95th percentile or higher) - Students (with weight status information in SWSCRS) in elementary, middle and high school","Allegany","18.2",,,"Percentage","2021-2023","Student Weight Status Category Reporting System (SWSCRS), data as of July 2020","42.226801","-78.020567","False"
"student-obesity","Percentage obese (95th percentile or higher) - Students (with weight status information in SWSCRS) in elementary, middle and high school","Broome","21.6",,,"Percentage","2021-2023","Student Weight Status Category Reporting System (SWSCRS), data as of July 2020","42.122015","-75.933191","False"
"student-obesity","Percentage obese (95th percentile or higher) - Students (with weight status information in SWSCRS) in elementary, middle and high school","Cattaraugus","24.5",,,"Percentage","2021-2023","Student Weight Status Category Reporting System (SWSCRS), data as of July 2020","42.224267","-78.606673","False"
"student-obesity","Percentage obese (95th percentile or higher) - Students (with weight status information in SWSCRS) in elementary, middle and high school","Cayuga","25.4",,,"Percentage","2021-2023","Student Weight Status Category Reporting System (SWSCRS), data as of July 2020","42.940095","-76.560755","False"
"student-obesity","Percentage obese (95th percentile or higher) - Students (with weight status information in SWSCRS) in elementary, middle and high school","Chautauqua","25.9",,,"Percentage","2021-2023","Student Weight Status Category Reporting System (SWSCRS), data as of July 2020","42.246904","-79.315313","False"
"student-obesity","Percentage obese (95th percentile or higher) - Students (with weight status information in SWSCRS) in elementary, middle and high school","Chemung","25.4",,,"Percentage","2021-2023","Student Weight Status Category Reporting System (SWSCRS), data as of July 2020","42.116644","-76.812331","False"
"student-obesity","Percentage obese (95th percentile or higher) - Students (with weight status information in SWSCRS) in elementary, middle and high school","Chenango","21.5",,,"Percentage","2021-2023","Student Weight Status Category Reporting System (SWSCRS), data as of July 2020","42.481798","-75.570013","False"
"student-obesity","Percentage obese (95th percentile or higher) - Students (with weight status information in SWSCRS) in elementary, middle and high school","Clinton","25.5",,,"Percentage","2021-2023","Student Weight Status Category Reporting System (SWSCRS), data as of July 2020","44.731944","-73.548883","False"
"student-obesity","Percentage obese (95th percentile or higher) - Students (with weight status information in SWSCRS) in elementary, middle and high school","Columbia","23.1",,,"Percentage","2021-2023","Student Weight Status Category Reporting System (SWSCRS), data as of July 2020","42.276913","-73.682168","False"
"student-obesity","Percentage obese (95th percentile or higher) - Students (with weight status information in SWSCRS) in elementary, middle and high school","Cortland","25.6",,,"Percentage","2021-2023","Student Weight Status Category Reporting System (SWSCRS), data as of July 2020","42.597101","-76.143291","False"
"student-obesity","Percentage obese (95th percentile or higher) - Students (with weight status information in SWSCRS) in elementary, middle and high school","Delaware","25.7",,,"Percentage","2021-2023","Student Weight Status Category Reporting System (SWSCRS), data as of July 2020","42.242972","-74.997944","False"
"student-obesity","Percentage obese (95th percentile or higher) - Students (with weight status information in SWSCRS) in elementary, middle and high school","Dutchess","19",,,"Percentage","2021-2023","Student Weight Status Category Reporting System (SWSCRS), data as of July 2020","41.686216","-73.840468","False"
"student-obesity","Percentage obese (95th percentile or higher) - Students (with weight status information in SWSCRS) in elementary, middle and high school","Erie","19.8",,,"Percentage","2021-2023","Student Weight Status Category Reporting System (SWSCRS), data as of July 2020","42.888143","-78.795544","False"
"student-obesity","Percentage obese (95th percentile or higher) - Students (with weight status information in SWSCRS) in elementary, middle and high school","Essex","26.9",,,"Percentage","2021-2023","Student Weight Status Category Reporting System (SWSCRS), data as of July 2020","44.166026","-73.685145","False"
"student-obesity","Percentage obese (95th percentile or higher) - Students (with weight status information in SWSCRS) in elementary, middle and high school","Franklin","23.4",,,"Percentage","2021-2023","Student Weight Status Category Reporting System (SWSCRS), data as of July 2020","44.705699","-74.340621","False"
"student-obesity","Percentage obese (95th percentile or higher) - Students (with weight status information in SWSCRS) in elementary, middle and high school","Fulton","27",,,"Percentage","2021-2023","Student Weight Status Category Reporting System (SWSCRS), data as of July 2020","43.06014","-74.331296","False"
"student-obesity","Percentage obese (95th percentile or higher) - Students (with weight status information in SWSCRS) in elementary, middle and high school","Genesee","23.8",,,"Percentage","2021-2023","Student Weight Status Category Reporting System (SWSCRS), data as of July 2020","43.000121","-78.172679","False"
"student-obesity","Percentage obese (95th percentile or higher) - Students (with weight status information in SWSCRS) in elementary, middle and high school","Greene","23",,,"Percentage","2021-2023","Student Weight Status Category Reporting System (SWSCRS), data as of July 2020","42.298326","-73.973376","False"
"student-obesity","Percentage obese (95th percentile or higher) - Students (with weight status information in SWSCRS) in elementary, middle and high school","Hamilton","23.6",,,"Percentage","2021-2023","Student Weight Status Category Reporting System (SWSCRS), data as of July 2020","43.618468","-74.395268","False"
"student-obesity","Percentage obese (95th percentile or higher) - Students (with weight status information in SWSCRS) in elementary, middle and high school","Herkimer","27",,,"Percentage","2021-2023","Student Weight Status Category Reporting System (SWSCRS), data as of July 2020","43.070026","-74.994246","False"
"student-obesity","Percentage obese (95th percentile or higher) - Students (with weight status information in SWSCRS) in elementary, middle and high school","Jefferson","25",,,"Percentage","2021-2023","Student Weight Status Category Reporting System (SWSCRS), data as of July 2020","44.019295","-75.898971","False"
"student-obesity","Percentage obese (95th percentile or higher) - Students (with weight status information in SWSCRS) in elementary, middle and high school","Lewis","27.6",,,"Percentage","2021-2023","Student Weight Status Category Reporting System (SWSCRS), data as of July 2020","43.785537","-75.446296","False"
"student-obesity","Percentage obese (95th percentile or higher) - Students (with weight status information in SWSCRS) in elementary, middle and high school","Livingston","20.7",,,"Percentage","2021-2023","Student Weight Status Category Reporting System (SWSCRS), data as of July 2020","42.763754","-77.765392","False"
"student-obesity","Percentage obese (95th percentile or higher) - Students (with weight status information in SWSCRS) in elementary, middle and high school","Madison","22.9",,,"Percentage","2021-2023","Student Weight Status Category Reporting System (SWSCRS), data as of July 2020","42.986917","-75.720031","False"
"student-obesity","Percentage obese (95th percentile or higher) - Students (with weight status information in SWSCRS) in elementary, middle and high school","Monroe","17.6",,,"Percentage","2021-2023","Student Weight Status Category Reporting System (SWSCRS), data as of July 2020","43.161748","-77.620143","False"
"student-obesity","Percentage obese (95th percentile or higher) - Students (with weight status information in SWSCRS) in elementary, middle and high school","Montgomery","22.9",,,"Percentage","2021-2023","Student Weight Status Category Reporting System (SWSCRS), data as of July 2020","42.933637","-74.341972","False"
"student-obesity","Percentage obese (95th percentile or higher) - Students (with weight status information in SWSCRS) in elementary, middle and high school","Nassau","18.1",,,"Percentage","2021-2023","Student Weight Status Category Reporting System (SWSCRS), data as of July 2020","40.715749","-73.601185","False"
"student-obesity","Percentage obese (95th percentile or higher) - Students (with weight status information in SWSCRS) in elementary, middle and high school","Niagara","24.6",,,"Percentage","2021-2023","Student Weight Status Category Reporting System (SWSCRS), data as of July 2020","43.134634","-78.856419","False"
"student-obesity","Percentage obese (95th percentile or higher) - Students (with weight status information in SWSCRS) in elementary, middle and high school","Oneida","22.1",,,"Percentage","2021-2023","Student Weight Status Category Reporting System (SWSCRS), data as of July 2020","43.149482","-75.361773","False"
"student-obesity","Percentage obese (95th percentile or higher) - Students (with weight status information in SWSCRS) in elementary, middle and high school","Onondaga","23.3",,,"Percentage","2021-2023","Student Weight Status Category Reporting System (SWSCRS), data as of July 2020","43.065629","-76.168033","False"
"student-obesity","Percentage obese (95th percentile or higher) - Students (with weight status information in SWSCRS) in elementary, middle and high school","Ontario","16.2",,,"Percentage","2021-2023","Student Weight Status Category Reporting System (SWSCRS), data as of July 2020","42.894571","-77.252045","False"
"student-obesity","Percentage obese (95th percentile or higher) - Students (with weight status information in SWSCRS) in elementary, middle and high school","Orange","20.9",,,"Percentage","2021-2023","Student Weight Status Category Reporting System (SWSCRS), data as of July 2020","41.422459","-74.241929","False"
"student-obesity","Percentage obese (95th percentile or higher) - Students (with weight status information in SWSCRS) in elementary, middle and high school","Orleans","26.3",,,"Percentage","2021-2023","Student Weight Status Category Reporting System (SWSCRS), data as of July 2020","43.248394","-78.218438","False"
"student-obesity","Percentage obese (95th percentile or higher) - Students (with weight status information in SWSCRS) in elementary, middle and high school","Oswego","28.7",,,"Percentage","2021-2023","Student Weight Status Category Reporting System (SWSCRS), data as of July 2020","43.39123","-76.31133","False"
"student-obesity","Percentage obese (95th percentile or higher) - Students (with weight status information in SWSCRS) in elementary, middle and high school","Otsego","22.8",,,"Percentage","2021-2023","Student Weight Status Category Reporting System (SWSCRS), data as of July 2020","42.564852","-75.060334","False"
"student-obesity","Percentage obese (95th percentile or higher) - Students (with weight status information in SWSCRS) in elementary, middle and high school","Putnam","17.2",,,"Percentage","2021-2023","Student Weight Status Category Reporting System (SWSCRS), data as of July 2020","41.41131","-73.717443","False"
"student-obesity","Percentage obese (95th percentile or higher) - Students (with weight status information in SWSCRS) in elementary, middle and high school","Rensselaer","23.8",,,"Percentage","2021-2023","Student Weight Status Category Reporting System (SWSCRS), data as of July 2020","42.70098","-73.628669","False"
"student-obesity","Percentage obese (95th percentile or higher) - Students (with weight status information in SWSCRS) in elementary, middle and high school","Rockland","17.1",,,"Percentage","2021-2023","Student Weight Status Category Reporting System (SWSCRS), data as of July 2020","41.127287","-74.017033","False"
"student-obesity","Percentage obese (95th percentile or higher) - Students (with weight status information in SWSCRS) in elementary, middle and high school","Saratoga","17.1",,,"Percentage","2021-2023","Student Weight Status Category Reporting System (SWSCRS), data as of July 2020","43.00894","-73.786779","False"
"student-obesity","Percentage obese (95th percentile or higher) - Students (with weight status information in SWSCRS) in elementary, middle and high school","Schenectady","22.7",,,"Percentage","2021-2023","Student Weight Status Category Reporting System (SWSCRS), data as of July 2020","42.809233","-73.946838","False"
"student-obesity","Percentage obese (95th percentile or higher) - Students (with weight status information in SWSCRS) in elementary, middle and high school","Schoharie","23.6",,,"Percentage","2021-2023","Student Weight Status Category Reporting System (SWSCRS), data as of July 2020","42.643426","-74.434606","False"
"student-obesity","Percentage obese (95th percentile or higher) - Students (with weight status information in SWSCRS) in elementary, middle and high school","Schuyler","21.2",,,"Percentage","2021-2023","Student Weight Status Category Reporting System (SWSCRS), data as of July 2020","42.38593","-76.872032","False"
"student-obesity","Percentage obese (95th percentile or higher) - Students (with weight status information in SWSCRS) in elementary, middle and high school","Seneca","33.6",,,"Percentage","2021-2023","Student Weight Status Category Reporting System (SWSCRS), data as of July 2020","42.833627","-76.82753","False"
"student-obesity","Percentage obese (95th percentile or higher) - Students (with weight status information in SWSCRS) in elementary, middle and high school","St. Lawrence","29",,,"Percentage","2021-2023","Student Weight Status Category Reporting System (SWSCRS), data as of July 2020","44.689468","-75.242045","False"
"student-obesity","Percentage obese (95th percentile or higher) - Students (with weight status information in SWSCRS) in elementary, middle and high school","Steuben","24.6",,,"Percentage","2021-2023","Student Weight Status Category Reporting System (SWSCRS), data as of July 2020","42.270053","-77.324618","False"
"student-obesity","Percentage obese (95th percentile or higher) - Students (with weight status information in SWSCRS) in elementary, middle and high school","Suffolk","21",,,"Percentage","2021-2023","Student Weight Status Category Reporting System (SWSCRS), data as of July 2020","40.820237","-73.119032","False"
"student-obesity","Percentage obese (95th percentile or higher) - Students (with weight status information in SWSCRS) in elementary, middle and high school","Sullivan","22.1",,,"Percentage","2021-2023","Student Weight Status Category Reporting System (SWSCRS), data as of July 2020","41.705166","-74.711705","False"
"student-obesity","Percentage obese (95th percentile or higher) - Students (with weight status information in SWSCRS) in elementary, middle and high school","Tioga","23.3",,,"Percentage","2021-2023","Student Weight Status Category Reporting System (SWSCRS), data as of July 2020","42.120252","-76.29595","False"
"student-obesity","Percentage obese (95th percentile or higher) - Students (with weight status information in SWSCRS) in elementary, middle and high school","Tompkins","18.5",,,"Percentage","2021-2023","Student Weight Status Category Reporting System (SWSCRS), data as of July 2020","42.461024","-76.478784","False"
"student-obesity","Percentage obese (95th percentile or higher) - Students (with weight status information in SWSCRS) in elementary, middle and high school","Ulster","24.2",,,"Percentage","2021-2023","Student Weight Status Category Reporting System (SWSCRS), data as of July 2020","41.848374","-74.099412","False"
"student-obesity","Percentage obese (95th percentile or higher) - Students (with weight status information in SWSCRS) in elementary, middle and high school","Warren","22.4",,,"Percentage","2021-2023","Student Weight Status Category Reporting System (SWSCRS), data as of July 2020","43.403024","-73.716044","False"
"student-obesity","Percentage obese (95th percentile or higher) - Students (with weight status information in SWSCRS) in elementary, middle and high school","Washington","27.2",,,"Percentage","2021-2023","Student Weight Status Category Reporting System (SWSCRS), data as of July 2020","43.289513","-73.454761","False"
"student-obesity","Percentage obese (95th percentile or higher) - Students (with weight status information in SWSCRS) in elementary, middle and high school","Wayne","22.5",,,"Percentage","2021-2023","Student Weight Status Category Reporting System (SWSCRS), data as of July 2020","43.144336","-77.117995","False"
"student-obesity","Percentage obese (95th percentile or higher) - Students (with weight status information in SWSCRS) in elementary, middle and high school","Westchester","14.8",,,"Percentage","2021-2023","Student Weight Status Category Reporting System (SWSCRS), data as of July 2020","41.039278","-73.805386","False"
"student-obesity","Percentage obese (95th percentile or higher) - Students (with weight status information in SWSCRS) in elementary, middle and high school","Wyoming","21.6",,,"Percentage","2021-2023","Student Weight Status Category Reporting System (SWSCRS), data as of July 2020","42.723641","-78.204473","False"
"student-obesity","Percentage obese (95th percentile or higher) - Students (with weight status information in SWSCRS) in elementary, middle and high school","Yates","27.9",,,"Percentage","2021-2023","Student Weight Status Category Reporting System (SWSCRS), data as of July 2020","42.634338","-77.078311","False"
"suicide-mortality","Age-adjusted suicide mortality rate per 100,000","Albany","9","88","309894","Rate","2019-2021","2021 Vital Statistics Data as of July, 2023","42.678066","-73.814233","False"
"suicide-mortality","Age-adjusted suicide mortality rate per 100,000","Allegany","19","24","46498","Rate","2019-2021","2021 Vital Statistics Data as of July, 2023","42.226801","-78.020567","False"
"suicide-mortality","Age-adjusted suicide mortality rate per 100,000","Bronx","5.1","223","1428574","Rate","2019-2021","2021 Vital Statistics Data as of July, 2023","40.85589","-73.868294","False"
"suicide-mortality","Age-adjusted suicide mortality rate per 100,000","Broome","11.5","65","194382","Rate","2019-2021","2021 Vital Statistics Data as of July, 2023","42.122015","-75.933191","False"
"suicide-mortality","Age-adjusted suicide mortality rate per 100,000","Cattaraugus","13.3","30","76715","Rate","2019-2021","2021 Vital Statistics Data as of July, 2023","42.224267","-78.606673","False"
"suicide-mortality","Age-adjusted suicide mortality rate per 100,000","Cayuga","16.5","39","76678","Rate","2019-2021","2021 Vital Statistics Data as of July, 2023","42.940095","-76.560755","False"
"suicide-mortality","Age-adjusted suicide mortality rate per 100,000","Chautauqua","10.8","47","127272","Rate","2019-2021","2021 Vital Statistics Data as of July, 2023","42.246904","-79.315313","False"
"suicide-mortality","Age-adjusted suicide mortality rate per 100,000","Chemung","14","38","83632","Rate","2019-2021","2021 Vital Statistics Data as of July, 2023","42.116644","-76.812331","False"
"suicide-mortality","Age-adjusted suicide mortality rate per 100,000","Chenango","16","22","47214","Rate","2019-2021","2021 Vital Statistics Data as of July, 2023","42.481798","-75.570013","False"
"suicide-mortality","Age-adjusted suicide mortality rate per 100,000","Clinton","11.5","29","80449","Rate","2019-2021","2021 Vital Statistics Data as of July, 2023","44.731944","-73.548883","False"
"suicide-mortality","Age-adjusted suicide mortality rate per 100,000","Columbia","14.2","27","60581","Rate","2019-2021","2021 Vital Statistics Data as of July, 2023","42.276913","-73.682168","False"
"suicide-mortality","Age-adjusted suicide mortality rate per 100,000","Cortland","7.2","11","47310","Rate","2019-2021","2021 Vital Statistics Data as of July, 2023","42.597101","-76.143291","False"
"suicide-mortality","Age-adjusted suicide mortality rate per 100,000","Delaware","18.7","26","44667","Rate","2019-2021","2021 Vital Statistics Data as of July, 2023","42.242972","-74.997944","False"
"suicide-mortality","Age-adjusted suicide mortality rate per 100,000","Dutchess","12.6","120","295222","Rate","2019-2021","2021 Vital Statistics Data as of July, 2023","41.686216","-73.840468","False"
"suicide-mortality","Age-adjusted suicide mortality rate per 100,000","Erie","9.5","275","931411","Rate","2019-2021","2021 Vital Statistics Data as of July, 2023","42.888143","-78.795544","False"
"suicide-mortality","Age-adjusted suicide mortality rate per 100,000","Essex","10.7","12","37303","Rate","2019-2021","2021 Vital Statistics Data as of July, 2023","44.166026","-73.685145","False"
"suicide-mortality","Age-adjusted suicide mortality rate per 100,000","Franklin","11.2","18","49230","Rate","2019-2021","2021 Vital Statistics Data as of July, 2023","44.705699","-74.340621","False"
"suicide-mortality","Age-adjusted suicide mortality rate per 100,000","Fulton","16.2","27","53454","Rate","2019-2021","2021 Vital Statistics Data as of July, 2023","43.06014","-74.331296","False"
"suicide-mortality","Age-adjusted suicide mortality rate per 100,000","Genesee","12.8","20","57669","Rate","2019-2021","2021 Vital Statistics Data as of July, 2023","43.000121","-78.172679","False"
"suicide-mortality","Age-adjusted suicide mortality rate per 100,000","Greene","14.2","24","47765","Rate","2019-2021","2021 Vital Statistics Data as of July, 2023","42.298326","-73.973376","False"
"suicide-mortality","Age-adjusted suicide mortality rate per 100,000","Hamilton","0","0","4673","Rate","2019-2021","2021 Vital Statistics Data as of July, 2023","43.618468","-74.395268","False"
"suicide-mortality","Age-adjusted suicide mortality rate per 100,000","Herkimer","12.5","23","61201","Rate","2019-2021","2021 Vital Statistics Data as of July, 2023","43.070026","-74.994246","False"
"suicide-mortality","Age-adjusted suicide mortality rate per 100,000","Jefferson","15.3","55","114071","Rate","2019-2021","2021 Vital Statistics Data as of July, 2023","44.019295","-75.898971","False"
"suicide-mortality","Age-adjusted suicide mortality rate per 100,000","Kings","5.3","428","2599221","Rate","2019-2021","2021 Vital Statistics Data as of July, 2023","40.65642","-73.950691","False"
"suicide-mortality","Age-adjusted suicide mortality rate per 100,000","Lewis","21.6","15","26584","Rate","2019-2021","2021 Vital Statistics Data as of July, 2023","43.785537","-75.446296","False"
"suicide-mortality","Age-adjusted suicide mortality rate per 100,000","Livingston","13.5","27","62730","Rate","2019-2021","2021 Vital Statistics Data as of July, 2023","42.763754","-77.765392","False"
"suicide-mortality","Age-adjusted suicide mortality rate per 100,000","Madison","13.2","29","69919","Rate","2019-2021","2021 Vital Statistics Data as of July, 2023","42.986917","-75.720031","False"
"suicide-mortality","Age-adjusted suicide mortality rate per 100,000","Monroe","10.4","241","748342","Rate","2019-2021","2021 Vital Statistics Data as of July, 2023","43.161748","-77.620143","False"
"suicide-mortality","Age-adjusted suicide mortality rate per 100,000","Montgomery","12.5","20","49538","Rate","2019-2021","2021 Vital Statistics Data as of July, 2023","42.933637","-74.341972","False"
"suicide-mortality","Age-adjusted suicide mortality rate per 100,000","Nassau","5.4","235","1368653","Rate","2019-2021","2021 Vital Statistics Data as of July, 2023","40.715749","-73.601185","False"
"suicide-mortality","Age-adjusted suicide mortality rate per 100,000","New York","7","383","1614529","Rate","2019-2021","2021 Vital Statistics Data as of July, 2023","40.726966","-74.005966","False"
"suicide-mortality","Age-adjusted suicide mortality rate per 100,000","New York State","8","4964","19648563","Rate","2019-2021","2021 Vital Statistics Data as of July, 2023",,,"False"
"suicide-mortality","Age-adjusted suicide mortality rate per 100,000","Niagara","11.5","79","210830","Rate","2019-2021","2021 Vital Statistics Data as of July, 2023","43.134634","-78.856419","False"
"suicide-mortality","Age-adjusted suicide mortality rate per 100,000","Oneida","13.4","93","229601","Rate","2019-2021","2021 Vital Statistics Data as of July, 2023","43.149482","-75.361773","False"
"suicide-mortality","Age-adjusted suicide mortality rate per 100,000","Onondaga","10.8","150","465291","Rate","2019-2021","2021 Vital Statistics Data as of July, 2023","43.065629","-76.168033","False"
"suicide-mortality","Age-adjusted suicide mortality rate per 100,000","Ontario","14.3","48","110861","Rate","2019-2021","2021 Vital Statistics Data as of July, 2023","42.894571","-77.252045","False"
"suicide-mortality","Age-adjusted suicide mortality rate per 100,000","Orange","9.3","112","389940","Rate","2019-2021","2021 Vital Statistics Data as of July, 2023","41.422459","-74.241929","False"
"suicide-mortality","Age-adjusted suicide mortality rate per 100,000","Orleans","10.7","17","40376","Rate","2019-2021","2021 Vital Statistics Data as of July, 2023","43.248394","-78.218438","False"
"suicide-mortality","Age-adjusted suicide mortality rate per 100,000","Oswego","13.5","45","117721","Rate","2019-2021","2021 Vital Statistics Data as of July, 2023","43.39123","-76.31133","False"
"suicide-mortality","Age-adjusted suicide mortality rate per 100,000","Otsego","15.3","24","60138","Rate","2019-2021","2021 Vital Statistics Data as of July, 2023","42.564852","-75.060334","False"
"suicide-mortality","Age-adjusted suicide mortality rate per 100,000","Putnam","4.6","15","98639","Rate","2019-2021","2021 Vital Statistics Data as of July, 2023","41.41131","-73.717443","False"
"suicide-mortality","Age-adjusted suicide mortality rate per 100,000","Queens","5.8","431","2292904","Rate","2019-2021","2021 Vital Statistics Data as of July, 2023","40.749338","-73.789673","False"
"suicide-mortality","Age-adjusted suicide mortality rate per 100,000","Rensselaer","10.4","49","159881","Rate","2019-2021","2021 Vital Statistics Data as of July, 2023","42.70098","-73.628669","False"
"suicide-mortality","Age-adjusted suicide mortality rate per 100,000","Richmond","6.5","99","482182","Rate","2019-2021","2021 Vital Statistics Data as of July, 2023","40.566763","-74.148102","False"
"suicide-mortality","Age-adjusted suicide mortality rate per 100,000","Rockland","5.6","55","330189","Rate","2019-2021","2021 Vital Statistics Data as of July, 2023","41.127287","-74.017033","False"
"suicide-mortality","Age-adjusted suicide mortality rate per 100,000","Saratoga","9.6","71","232739","Rate","2019-2021","2021 Vital Statistics Data as of July, 2023","43.00894","-73.786779","False"
"suicide-mortality","Age-adjusted suicide mortality rate per 100,000","Schenectady","9.8","47","156961","Rate","2019-2021","2021 Vital Statistics Data as of July, 2023","42.809233","-73.946838","False"
"suicide-mortality","Age-adjusted suicide mortality rate per 100,000","Schoharie","9.7","10","30839","Rate","2019-2021","2021 Vital Statistics Data as of July, 2023","42.643426","-74.434606","False"
"suicide-mortality","Age-adjusted suicide mortality rate per 100,000","Schuyler","14.7","9","17828","Rate","2019-2021","2021 Vital Statistics Data as of July, 2023","42.38593","-76.872032","False"
"suicide-mortality","Age-adjusted suicide mortality rate per 100,000","Seneca","15","16","34043","Rate","2019-2021","2021 Vital Statistics Data as of July, 2023","42.833627","-76.82753","False"
"suicide-mortality","Age-adjusted suicide mortality rate per 100,000","St. Lawrence","14.6","48","108493","Rate","2019-2021","2021 Vital Statistics Data as of July, 2023","44.689468","-75.242045","False"
"suicide-mortality","Age-adjusted suicide mortality rate per 100,000","Steuben","14.3","44","94952","Rate","2019-2021","2021 Vital Statistics Data as of July, 2023","42.270053","-77.324618","False"
"suicide-mortality","Age-adjusted suicide mortality rate per 100,000","Suffolk","7.9","383","1499223","Rate","2019-2021","2021 Vital Statistics Data as of July, 2023","40.820237","-73.119032","False"
"suicide-mortality","Age-adjusted suicide mortality rate per 100,000","Sullivan","14.3","39","76819","Rate","2019-2021","2021 Vital Statistics Data as of July, 2023","41.705166","-74.711705","False"
"suicide-mortality","Age-adjusted suicide mortality rate per 100,000","Tioga","8.9","14","48372","Rate","2019-2021","2021 Vital Statistics Data as of July, 2023","42.120252","-76.29595","False"
"suicide-mortality","Age-adjusted suicide mortality rate per 100,000","Tompkins","11.2","36","103603","Rate","2019-2021","2021 Vital Statistics Data as of July, 2023","42.461024","-76.478784","False"
"suicide-mortality","Age-adjusted suicide mortality rate per 100,000","Ulster","13","80","180241","Rate","2019-2021","2021 Vital Statistics Data as of July, 2023","41.848374","-74.099412","False"
"suicide-mortality","Age-adjusted suicide mortality rate per 100,000","Warren","12.3","23","64770","Rate","2019-2021","2021 Vital Statistics Data as of July, 2023","43.403024","-73.716044","False"
"suicide-mortality","Age-adjusted suicide mortality rate per 100,000","Washington","13.8","27","61215","Rate","2019-2021","2021 Vital Statistics Data as of July, 2023","43.289513","-73.454761","False"
"suicide-mortality","Age-adjusted suicide mortality rate per 100,000","Wayne","18.6","47","90474","Rate","2019-2021","2021 Vital Statistics Data as of July, 2023","43.144336","-77.117995","False"
"suicide-mortality","Age-adjusted suicide mortality rate per 100,000","Westchester","6.5","201","979154","Rate","2019-2021","2021 Vital Statistics Data as of July, 2023","41.039278","-73.805386","False"
"suicide-mortality","Age-adjusted suicide mortality rate per 100,000","Wyoming","14.9","20","40051","Rate","2019-2021","2021 Vital Statistics Data as of July, 2023","42.723641","-78.204473","False"
"suicide-mortality","Age-adjusted suicide mortality rate per 100,000","Yates","14.2","11","24851","Rate","2019-2021","2021 Vital Statistics Data as of July, 2023","42.634338","-77.078311","False"
"total-mortality","Age-adjusted total mortality rate per 100,000","Albany","752.7","9129","309894","Rate","2019-2021","2021 Vital Statistics Data as of July, 2023","42.678066","-73.814233","False"
"total-mortality","Age-adjusted total mortality rate per 100,000","Allegany","832","1580","46498","Rate","2019-2021","2021 Vital Statistics Data as of July, 2023","42.226801","-78.020567","False"
"total-mortality","Age-adjusted total mortality rate per 100,000","Bronx","830.8","37575","1428574","Rate","2019-2021","2021 Vital Statistics Data as of July, 2023","40.85589","-73.868294","False"
"total-mortality","Age-adjusted total mortality rate per 100,000","Broome","824.1","7064","194382","Rate","2019-2021","2021 Vital Statistics Data as of July, 2023","42.122015","-75.933191","False"
"total-mortality","Age-adjusted total mortality rate per 100,000","Cattaraugus","933.2","2958","76715","Rate","2019-2021","2021 Vital Statistics Data as of July, 2023","42.224267","-78.606673","False"
"total-mortality","Age-adjusted total mortality rate per 100,000","Cayuga","774.9","2581","76678","Rate","2019-2021","2021 Vital Statistics Data as of July, 2023","42.940095","-76.560755","False"
"total-mortality","Age-adjusted total mortality rate per 100,000","Chautauqua","865.6","4923","127272","Rate","2019-2021","2021 Vital Statistics Data as of July, 2023","42.246904","-79.315313","False"
"total-mortality","Age-adjusted total mortality rate per 100,000","Chemung","938.1","3341","83632","Rate","2019-2021","2021 Vital Statistics Data as of July, 2023","42.116644","-76.812331","False"
"total-mortality","Age-adjusted total mortality rate per 100,000","Chenango","936.5","1928","47214","Rate","2019-2021","2021 Vital Statistics Data as of July, 2023","42.481798","-75.570013","False"
"total-mortality","Age-adjusted total mortality rate per 100,000","Clinton","782.5","2452","80449","Rate","2019-2021","2021 Vital Statistics Data as of July, 2023","44.731944","-73.548883","False"
"total-mortality","Age-adjusted total mortality rate per 100,000","Columbia","709.4","2144","60581","Rate","2019-2021","2021 Vital Statistics Data as of July, 2023","42.276913","-73.682168","False"
"total-mortality","Age-adjusted total mortality rate per 100,000","Cortland","878.3","1516","47310","Rate","2019-2021","2021 Vital Statistics Data as of July, 2023","42.597101","-76.143291","False"
"total-mortality","Age-adjusted total mortality rate per 100,000","Delaware","787.3","1796","44667","Rate","2019-2021","2021 Vital Statistics Data as of July, 2023","42.242972","-74.997944","False"
"total-mortality","Age-adjusted total mortality rate per 100,000","Dutchess","714.2","8653","295222","Rate","2019-2021","2021 Vital Statistics Data as of July, 2023","41.686216","-73.840468","False"
"total-mortality","Age-adjusted total mortality rate per 100,000","Erie","827.7","31714","931411","Rate","2019-2021","2021 Vital Statistics Data as of July, 2023","42.888143","-78.795544","False"
"total-mortality","Age-adjusted total mortality rate per 100,000","Essex","767","1445","37303","Rate","2019-2021","2021 Vital Statistics Data as of July, 2023","44.166026","-73.685145","False"
"total-mortality","Age-adjusted total mortality rate per 100,000","Franklin","804.7","1516","49230","Rate","2019-2021","2021 Vital Statistics Data as of July, 2023","44.705699","-74.340621","False"
"total-mortality","Age-adjusted total mortality rate per 100,000","Fulton","945.3","2154","53454","Rate","2019-2021","2021 Vital Statistics Data as of July, 2023","43.06014","-74.331296","False"
"total-mortality","Age-adjusted total mortality rate per 100,000","Genesee","848.7","2131","57669","Rate","2019-2021","2021 Vital Statistics Data as of July, 2023","43.000121","-78.172679","False"
"total-mortality","Age-adjusted total mortality rate per 100,000","Greene","770.5","1715","47765","Rate","2019-2021","2021 Vital Statistics Data as of July, 2023","42.298326","-73.973376","False"
"total-mortality","Age-adjusted total mortality rate per 100,000","Hamilton","737.4","213","4673","Rate","2019-2021","2021 Vital Statistics Data as of July, 2023","43.618468","-74.395268","False"
"total-mortality","Age-adjusted total mortality rate per 100,000","Herkimer","806.7","2242","61201","Rate","2019-2021","2021 Vital Statistics Data as of July, 2023","43.070026","-74.994246","False"
"total-mortality","Age-adjusted total mortality rate per 100,000","Jefferson","834.2","3001","114071","Rate","2019-2021","2021 Vital Statistics Data as of July, 2023","44.019295","-75.898971","False"
"total-mortality","Age-adjusted total mortality rate per 100,000","Kings","687.7","59925","2599221","Rate","2019-2021","2021 Vital Statistics Data as of July, 2023","40.65642","-73.950691","False"
"total-mortality","Age-adjusted total mortality rate per 100,000","Lewis","762.1","837","26584","Rate","2019-2021","2021 Vital Statistics Data as of July, 2023","43.785537","-75.446296","False"
"total-mortality","Age-adjusted total mortality rate per 100,000","Livingston","748","1893","62730","Rate","2019-2021","2021 Vital Statistics Data as of July, 2023","42.763754","-77.765392","False"
"total-mortality","Age-adjusted total mortality rate per 100,000","Madison","732.2","2057","69919","Rate","2019-2021","2021 Vital Statistics Data as of July, 2023","42.986917","-75.720031","False"
"total-mortality","Age-adjusted total mortality rate per 100,000","Monroe","766.2","22859","748342","Rate","2019-2021","2021 Vital Statistics Data as of July, 2023","43.161748","-77.620143","False"
"total-mortality","Age-adjusted total mortality rate per 100,000","Montgomery","914","1930","49538","Rate","2019-2021","2021 Vital Statistics Data as of July, 2023","42.933637","-74.341972","False"
"total-mortality","Age-adjusted total mortality rate per 100,000","Nassau","640.3","37608","1368653","Rate","2019-2021","2021 Vital Statistics Data as of July, 2023","40.715749","-73.601185","False"
"total-mortality","Age-adjusted total mortality rate per 100,000","New York","542.3","34992","1614529","Rate","2019-2021","2021 Vital Statistics Data as of July, 2023","40.726966","-74.005966","False"
"total-mortality","Age-adjusted total mortality rate per 100,000","New York State","712.3","541219","19648563","Rate","2019-2021","2021 Vital Statistics Data as of July, 2023",,,"False"
"total-mortality","Age-adjusted total mortality rate per 100,000","Niagara","913.1","8186","210830","Rate","2019-2021","2021 Vital Statistics Data as of July, 2023","43.134634","-78.856419","False"
"total-mortality","Age-adjusted total mortality rate per 100,000","Oneida","865.5","8556","229601","Rate","2019-2021","2021 Vital Statistics Data as of July, 2023","43.149482","-75.361773","False"
"total-mortality","Age-adjusted total mortality rate per 100,000","Onondaga","795.5","14749","465291","Rate","2019-2021","2021 Vital Statistics Data as of July, 2023","43.065629","-76.168033","False"
"total-mortality","Age-adjusted total mortality rate per 100,000","Ontario","705.2","3404","110861","Rate","2019-2021","2021 Vital Statistics Data as of July, 2023","42.894571","-77.252045","False"
"total-mortality","Age-adjusted total mortality rate per 100,000","Orange","752.9","9448","389940","Rate","2019-2021","2021 Vital Statistics Data as of July, 2023","41.422459","-74.241929","False"
"total-mortality","Age-adjusted total mortality rate per 100,000","Orleans","871.7","1417","40376","Rate","2019-2021","2021 Vital Statistics Data as of July, 2023","43.248394","-78.218438","False"
"total-mortality","Age-adjusted total mortality rate per 100,000","Oswego","870.5","3672","117721","Rate","2019-2021","2021 Vital Statistics Data as of July, 2023","43.39123","-76.31133","False"
"total-mortality","Age-adjusted total mortality rate per 100,000","Otsego","776.1","2061","60138","Rate","2019-2021","2021 Vital Statistics Data as of July, 2023","42.564852","-75.060334","False"
"total-mortality","Age-adjusted total mortality rate per 100,000","Putnam","624.5","2402","98639","Rate","2019-2021","2021 Vital Statistics Data as of July, 2023","41.41131","-73.717443","False"
"total-mortality","Age-adjusted total mortality rate per 100,000","Queens","630.9","54800","2292904","Rate","2019-2021","2021 Vital Statistics Data as of July, 2023","40.749338","-73.789673","False"
"total-mortality","Age-adjusted total mortality rate per 100,000","Rensselaer","797.8","4916","159881","Rate","2019-2021","2021 Vital Statistics Data as of July, 2023","42.70098","-73.628669","False"
"total-mortality","Age-adjusted total mortality rate per 100,000","Richmond","750.9","13317","482182","Rate","2019-2021","2021 Vital Statistics Data as of July, 2023","40.566763","-74.148102","False"
"total-mortality","Age-adjusted total mortality rate per 100,000","Rockland","648.2","8002","330189","Rate","2019-2021","2021 Vital Statistics Data as of July, 2023","41.127287","-74.017033","False"
"total-mortality","Age-adjusted total mortality rate per 100,000","Saratoga","679.5","6321","232739","Rate","2019-2021","2021 Vital Statistics Data as of July, 2023","43.00894","-73.786779","False"
"total-mortality","Age-adjusted total mortality rate per 100,000","Schenectady","796","5031","156961","Rate","2019-2021","2021 Vital Statistics Data as of July, 2023","42.809233","-73.946838","False"
"total-mortality","Age-adjusted total mortality rate per 100,000","Schoharie","702.5","985","30839","Rate","2019-2021","2021 Vital Statistics Data as of July, 2023","42.643426","-74.434606","False"
"total-mortality","Age-adjusted total mortality rate per 100,000","Schuyler","870.3","687","17828","Rate","2019-2021","2021 Vital Statistics Data as of July, 2023","42.38593","-76.872032","False"
"total-mortality","Age-adjusted total mortality rate per 100,000","Seneca","819.9","1149","34043","Rate","2019-2021","2021 Vital Statistics Data as of July, 2023","42.833627","-76.82753","False"
"total-mortality","Age-adjusted total mortality rate per 100,000","St. Lawrence","818.8","3471","108493","Rate","2019-2021","2021 Vital Statistics Data as of July, 2023","44.689468","-75.242045","False"
"total-mortality","Age-adjusted total mortality rate per 100,000","Steuben","857.1","3509","94952","Rate","2019-2021","2021 Vital Statistics Data as of July, 2023","42.270053","-77.324618","False"
"total-mortality","Age-adjusted total mortality rate per 100,000","Suffolk","714.6","42303","1499223","Rate","2019-2021","2021 Vital Statistics Data as of July, 2023","40.820237","-73.119032","False"
"total-mortality","Age-adjusted total mortality rate per 100,000","Sullivan","867.7","2570","76819","Rate","2019-2021","2021 Vital Statistics Data as of July, 2023","41.705166","-74.711705","False"
"total-mortality","Age-adjusted total mortality rate per 100,000","Tioga","742.2","1642","48372","Rate","2019-2021","2021 Vital Statistics Data as of July, 2023","42.120252","-76.29595","False"
"total-mortality","Age-adjusted total mortality rate per 100,000","Tompkins","656.8","2180","103603","Rate","2019-2021","2021 Vital Statistics Data as of July, 2023","42.461024","-76.478784","False"
"total-mortality","Age-adjusted total mortality rate per 100,000","Ulster","743.8","5813","180241","Rate","2019-2021","2021 Vital Statistics Data as of July, 2023","41.848374","-74.099412","False"
"total-mortality","Age-adjusted total mortality rate per 100,000","Warren","802.5","2430","64770","Rate","2019-2021","2021 Vital Statistics Data as of July, 2023","43.403024","-73.716044","False"
"total-mortality","Age-adjusted total mortality rate per 100,000","Washington","849","2257","61215","Rate","2019-2021","2021 Vital Statistics Data as of July, 2023","43.289513","-73.454761","False"
"total-mortality","Age-adjusted total mortality rate per 100,000","Wayne","787.7","2921","90474","Rate","2019-2021","2021 Vital Statistics Data as of July, 2023","43.144336","-77.117995","False"
"total-mortality","Age-adjusted total mortality rate per 100,000","Westchester","600.7","24971","979154","Rate","2019-2021","2021 Vital Statistics Data as of July, 2023","41.039278","-73.805386","False"
"total-mortality","Age-adjusted total mortality rate per 100,000","Wyoming","812.6","1275","40051","Rate","2019-2021","2021 Vital Statistics Data as of July, 2023","42.723641","-78.204473","False"
"total-mortality","Age-adjusted total mortality rate per 100,000","Yates","835.9","902","24851","Rate","2019-2021","2021 Vital Statistics Data as of July, 2023","42.634338","-77.078311","False"
"total-population","Total population","Albany","316301",,,"Population","2018","National Center for Health Statistics Population, data as of September 2021","42.678066","-73.814233","False"
"total-population","Total population","Allegany","46921",,,"Population","2018","National Center for Health Statistics Population, data as of September 2021","42.226801","-78.020567","False"
"total-population","Total population","Bronx","1421089",,,"Population","2018","National Center for Health Statistics Population, data as of September 2021","40.85589","-73.868294","False"
"total-population","Total population","Broome","198703",,,"Population","2018","National Center for Health Statistics Population, data as of September 2021","42.122015","-75.933191","False"
"total-population","Total population","Cattaraugus","76650",,,"Population","2018","National Center for Health Statistics Population, data as of September 2021","42.224267","-78.606673","False"
"total-population","Total population","Cayuga","75791",,,"Population","2018","National Center for Health Statistics Population, data as of September 2021","42.940095","-76.560755","False"
"total-population","Total population","Chautauqua","126785",,,"Population","2018","National Center for Health Statistics Population, data as of September 2021","42.246904","-79.315313","False"
"total-population","Total population","Chemung","82830",,,"Population","2018","National Center for Health Statistics Population, data as of September 2021","42.116644","-76.812331","False"
"total-population","Total population","Chenango","46637",,,"Population","2018","National Center for Health Statistics Population, data as of September 2021","42.481798","-75.570013","False"
"total-population","Total population","Clinton","79996",,,"Population","2018","National Center for Health Statistics Population, data as of September 2021","44.731944","-73.548883","False"
"total-population","Total population","Columbia","62039",,,"Population","2018","National Center for Health Statistics Population, data as of September 2021","42.276913","-73.682168","False"
"total-population","Total population","Cortland","46489",,,"Population","2018","National Center for Health Statistics Population, data as of September 2021","42.597101","-76.143291","False"
"total-population","Total population","Delaware","44753",,,"Population","2018","National Center for Health Statistics Population, data as of September 2021","42.242972","-74.997944","False"
"total-population","Total population","Dutchess","298039",,,"Population","2018","National Center for Health Statistics Population, data as of September 2021","41.686216","-73.840468","False"
"total-population","Total population","Erie","954350",,,"Population","2018","National Center for Health Statistics Population, data as of September 2021","42.888143","-78.795544","False"
"total-population","Total population","Essex","37292",,,"Population","2018","National Center for Health Statistics Population, data as of September 2021","44.166026","-73.685145","False"
"total-population","Total population","Franklin","47040",,,"Population","2018","National Center for Health Statistics Population, data as of September 2021","44.705699","-74.340621","False"
"total-population","Total population","Fulton","53055",,,"Population","2018","National Center for Health Statistics Population, data as of September 2021","43.06014","-74.331296","False"
"total-population","Total population","Genesee","57988",,,"Population","2018","National Center for Health Statistics Population, data as of September 2021","43.000121","-78.172679","False"
"total-population","Total population","Greene","48493",,,"Population","2018","National Center for Health Statistics Population, data as of September 2021","42.298326","-73.973376","False"
"total-population","Total population","Hamilton","5114",,,"Population","2018","National Center for Health Statistics Population, data as of September 2021","43.618468","-74.395268","False"
"total-population","Total population","Herkimer","60082",,,"Population","2018","National Center for Health Statistics Population, data as of September 2021","43.070026","-74.994246","False"
"total-population","Total population","Jefferson","117680",,,"Population","2018","National Center for Health Statistics Population, data as of September 2021","44.019295","-75.898971","False"
"total-population","Total population","Kings","2637486",,,"Population","2018","National Center for Health Statistics Population, data as of September 2021","40.65642","-73.950691","False"
"total-population","Total population","Lewis","26745",,,"Population","2018","National Center for Health Statistics Population, data as of September 2021","43.785537","-75.446296","False"
"total-population","Total population","Livingston","61629",,,"Population","2018","National Center for Health Statistics Population, data as of September 2021","42.763754","-77.765392","False"
"total-population","Total population","Madison","67397",,,"Population","2018","National Center for Health Statistics Population, data as of September 2021","42.986917","-75.720031","False"
"total-population","Total population","Monroe","756547",,,"Population","2018","National Center for Health Statistics Population, data as of September 2021","43.161748","-77.620143","False"
"total-population","Total population","Montgomery","49611",,,"Population","2018","National Center for Health Statistics Population, data as of September 2021","42.933637","-74.341972","False"
"total-population","Total population","Nassau","1391112",,,"Population","2018","National Center for Health Statistics Population, data as of September 2021","40.715749","-73.601185","False"
"total-population","Total population","New York","1578801",,,"Population","2018","National Center for Health Statistics Population, data as of September 2021","40.726966","-74.005966","False"
"total-population","Total population","New York State","19857492",,,"Population","2018","National Center for Health Statistics Population, data as of September 2021",,,"False"
"total-population","Total population","Niagara","211891",,,"Population","2018","National Center for Health Statistics Population, data as of September 2021","43.134634","-78.856419","False"
"total-population","Total population","Oneida","229942",,,"Population","2018","National Center for Health Statistics Population, data as of September 2021","43.149482","-75.361773","False"
"total-population","Total population","Onondaga","472094",,,"Population","2018","National Center for Health Statistics Population, data as of September 2021","43.065629","-76.168033","False"
"total-population","Total population","Ontario","112660",,,"Population","2018","National Center for Health Statistics Population, data as of September 2021","42.894571","-77.252045","False"
"total-population","Total population","Orange","404997",,,"Population","2018","National Center for Health Statistics Population, data as of September 2021","41.422459","-74.241929","False"
"total-population","Total population","Orleans","39711",,,"Population","2018","National Center for Health Statistics Population, data as of September 2021","43.248394","-78.218438","False"
"total-population","Total population","Oswego","118124",,,"Population","2018","National Center for Health Statistics Population, data as of September 2021","43.39123","-76.31133","False"
"total-population","Total population","Otsego","60758",,,"Population","2018","National Center for Health Statistics Population, data as of September 2021","42.564852","-75.060334","False"
"total-population","Total population","Putnam","98176",,,"Population","2018","National Center for Health Statistics Population, data as of September 2021","41.41131","-73.717443","False"
"total-population","Total population","Queens","2328141",,,"Population","2018","National Center for Health Statistics Population, data as of September 2021","40.749338","-73.789673","False"
"total-population","Total population","Rensselaer","160740",,,"Population","2018","National Center for Health Statistics Population, data as of September 2021","42.70098","-73.628669","False"
"total-population","Total population","Richmond","493484",,,"Population","2018","National Center for Health Statistics Population, data as of September 2021","40.566763","-74.148102","False"
"total-population","Total population","Rockland","339256",,,"Population","2018","National Center for Health Statistics Population, data as of September 2021","41.127287","-74.017033","False"
"total-population","Total population","Saratoga","237962",,,"Population","2018","National Center for Health Statistics Population, data as of September 2021","43.00894","-73.786779","False"
"total-population","Total population","Schenectady","160214",,,"Population","2018","National Center for Health Statistics Population, data as of September 2021","42.809233","-73.946838","False"
"total-population","Total population","Schoharie","30152",,,"Population","2018","National Center for Health Statistics Population, data as of September 2021","42.643426","-74.434606","False"
"total-population","Total population","Schuyler","17800",,,"Population","2018","National Center for Health Statistics Population, data as of September 2021","42.38593","-76.872032","False"
"total-population","Total population","Seneca","33576",,,"Population","2018","National Center for Health Statistics Population, data as of September 2021","42.833627","-76.82753","False"
"total-population","Total population","St. Lawrence","108410",,,"Population","2018","National Center for Health Statistics Population, data as of September 2021","44.689468","-75.242045","False"
"total-population","Total population","Steuben","93105",,,"Population","2018","National Center for Health Statistics Population, data as of September 2021","42.270053","-77.324618","False"
"total-population","Total population","Suffolk","1533118",,,"Population","2018","National Center for Health Statistics Population, data as of September 2021","40.820237","-73.119032","False"
"total-population","Total population","Sullivan","79694",,,"Population","2018","National Center for Health Statistics Population, data as of September 2021","41.705166","-74.711705","False"
"total-population","Total population","Tioga","48087",,,"Population","2018","National Center for Health Statistics Population, data as of September 2021","42.120252","-76.29595","False"
"total-population","Total population","Tompkins","106044",,,"Population","2018","National Center for Health Statistics Population, data as of September 2021","42.461024","-76.478784","False"
"total-population","Total population","Ulster","183704",,,"Population","2018","National Center for Health Statistics Population, data as of September 2021","41.848374","-74.099412","False"
"total-population","Total population","Warren","65773",,,"Population","2018","National Center for Health Statistics Population, data as of September 2021","43.403024","-73.716044","False"
"total-population","Total population","Washington","60975",,,"Population","2018","National Center for Health Statistics Population, data as of September 2021","43.289513","-73.454761","False"
"total-population","Total population","Wayne","91201",,,"Population","2018","National Center for Health Statistics Population, data as of September 2021","43.144336","-77.117995","False"
"total-population","Total population","Westchester","999607",,,"Population","2018","National Center for Health Statistics Population, data as of September 2021","41.039278","-73.805386","False"
"total-population","Total population","Wyoming","40017",,,"Population","2018","National Center for Health Statistics Population, data as of September 2021","42.723641","-78.204473","False"
"total-population","Total population","Yates","24634",,,"Population","2018","National Center for Health Statistics Population, data as of September 2021","42.634338","-77.078311","False"
"very-low-birthweight","Percentage very low birthweight (<1.5 kg) births","Albany","1.8","156","2919","Percentage","2019-2021","2021 Vital Statistics Data as of July, 2023","42.678066","-73.814233","False"
"very-low-birthweight","Percentage very low birthweight (<1.5 kg) births","Allegany","1","14","462","Percentage","2019-2021","2021 Vital Statistics Data as of July, 2023","42.226801","-78.020567","False"
"very-low-birthweight","Percentage very low birthweight (<1.5 kg) births","Bronx","2.1","1096","17746","Percentage","2019-2021","2021 Vital Statistics Data as of July, 2023","40.85589","-73.868294","False"
"very-low-birthweight","Percentage very low birthweight (<1.5 kg) births","Broome","1.5","83","1857","Percentage","2019-2021","2021 Vital Statistics Data as of July, 2023","42.122015","-75.933191","False"
"very-low-birthweight","Percentage very low birthweight (<1.5 kg) births","Cattaraugus","1","22","731","Percentage","2019-2021","2021 Vital Statistics Data as of July, 2023","42.224267","-78.606673","False"
"very-low-birthweight","Percentage very low birthweight (<1.5 kg) births","Cayuga","1.8","38","699","Percentage","2019-2021","2021 Vital Statistics Data as of July, 2023","42.940095","-76.560755","False"
"very-low-birthweight","Percentage very low birthweight (<1.5 kg) births","Chautauqua","1.3","50","1241","Percentage","2019-2021","2021 Vital Statistics Data as of July, 2023","42.246904","-79.315313","False"
"very-low-birthweight","Percentage very low birthweight (<1.5 kg) births","Chemung","1.6","41","840","Percentage","2019-2021","2021 Vital Statistics Data as of July, 2023","42.116644","-76.812331","False"
"very-low-birthweight","Percentage very low birthweight (<1.5 kg) births","Chenango","1.4","19","453","Percentage","2019-2021","2021 Vital Statistics Data as of July, 2023","42.481798","-75.570013","False"
"very-low-birthweight","Percentage very low birthweight (<1.5 kg) births","Clinton","1","20","673","Percentage","2019-2021","2021 Vital Statistics Data as of July, 2023","44.731944","-73.548883","False"
"very-low-birthweight","Percentage very low birthweight (<1.5 kg) births","Columbia","0.6","9","469","Percentage","2019-2021","2021 Vital Statistics Data as of July, 2023","42.276913","-73.682168","False"
"very-low-birthweight","Percentage very low birthweight (<1.5 kg) births","Cortland","1.5","20","435","Percentage","2019-2021","2021 Vital Statistics Data as of July, 2023","42.597101","-76.143291","False"
"very-low-birthweight","Percentage very low birthweight (<1.5 kg) births","Delaware","1.3","14","360","Percentage","2019-2021","2021 Vital Statistics Data as of July, 2023","42.242972","-74.997944","False"
"very-low-birthweight","Percentage very low birthweight (<1.5 kg) births","Dutchess","1.2","96","2631","Percentage","2019-2021","2021 Vital Statistics Data as of July, 2023","41.686216","-73.840468","False"
"very-low-birthweight","Percentage very low birthweight (<1.5 kg) births","Erie","1.7","489","9542","Percentage","2019-2021","2021 Vital Statistics Data as of July, 2023","42.888143","-78.795544","False"
"very-low-birthweight","Percentage very low birthweight (<1.5 kg) births","Essex","0.8","7","283","Percentage","2019-2021","2021 Vital Statistics Data as of July, 2023","44.166026","-73.685145","False"
"very-low-birthweight","Percentage very low birthweight (<1.5 kg) births","Franklin","1","13","431","Percentage","2019-2021","2021 Vital Statistics Data as of July, 2023","44.705699","-74.340621","False"
"very-low-birthweight","Percentage very low birthweight (<1.5 kg) births","Fulton","0.8","12","481","Percentage","2019-2021","2021 Vital Statistics Data as of July, 2023","43.06014","-74.331296","False"
"very-low-birthweight","Percentage very low birthweight (<1.5 kg) births","Genesee","1.2","20","547","Percentage","2019-2021","2021 Vital Statistics Data as of July, 2023","43.000121","-78.172679","False"
"very-low-birthweight","Percentage very low birthweight (<1.5 kg) births","Greene","1.1","13","381","Percentage","2019-2021","2021 Vital Statistics Data as of July, 2023","42.298326","-73.973376","False"
"very-low-birthweight","Percentage very low birthweight (<1.5 kg) births","Hamilton",,,"28","Percentage","2019-2021","2021 Vital Statistics Data as of July, 2023","43.618468","-74.395268","True"
"very-low-birthweight","Percentage very low birthweight (<1.5 kg) births","Herkimer","1.4","25","599","Percentage","2019-2021","2021 Vital Statistics Data as of July, 2023","43.070026","-74.994246","False"
"very-low-birthweight","Percentage very low birthweight (<1.5 kg) births","Jefferson","1.4","74","1791","Percentage","2019-2021","2021 Vital Statistics Data as of July, 2023","44.019295","-75.898971","False"
"very-low-birthweight","Percentage very low birthweight (<1.5 kg) births","Kings","1.2","1262","34831","Percentage","2019-2021","2021 Vital Statistics Data as of July, 2023","40.65642","-73.950691","False"
"very-low-birthweight","Percentage very low birthweight (<1.5 kg) births","Lewis","0.6","5","288","Percentage","2019-2021","2021 Vital Statistics Data as of July, 2023","43.785537","-75.446296","False"
"very-low-birthweight","Percentage very low birthweight (<1.5 kg) births","Livingston","1","16","523","Percentage","2019-2021","2021 Vital Statistics Data as of July, 2023","42.763754","-77.765392","False"
"very-low-birthweight","Percentage very low birthweight (<1.5 kg) births","Madison","1","17","558","Percentage","2019-2021","2021 Vital Statistics Data as of July, 2023","42.986917","-75.720031","False"
"very-low-birthweight","Percentage very low birthweight (<1.5 kg) births","Monroe","1.9","429","7716","Percentage","2019-2021","2021 Vital Statistics Data as of July, 2023","43.161748","-77.620143","False"
"very-low-birthweight","Percentage very low birthweight (<1.5 kg) births","Montgomery","1.7","29","561","Percentage","2019-2021","2021 Vital Statistics Data as of July, 2023","42.933637","-74.341972","False"
"very-low-birthweight","Percentage very low birthweight (<1.5 kg) births","Nassau","1.1","465","13794","Percentage","2019-2021","2021 Vital Statistics Data as of July, 2023","40.715749","-73.601185","False"
"very-low-birthweight","Percentage very low birthweight (<1.5 kg) births","New York","1.1","505","14665","Percentage","2019-2021","2021 Vital Statistics Data as of July, 2023","40.726966","-74.005966","False"
"very-low-birthweight","Percentage very low birthweight (<1.5 kg) births","New York State","1.3","8588","212066","Percentage","2019-2021","2021 Vital Statistics Data as of July, 2023",,,"False"
"very-low-birthweight","Percentage very low birthweight (<1.5 kg) births","Niagara","1.6","95","2010","Percentage","2019-2021","2021 Vital Statistics Data as of July, 2023","43.134634","-78.856419","False"
"very-low-birthweight","Percentage very low birthweight (<1.5 kg) births","Oneida","1.4","103","2437","Percentage","2019-2021","2021 Vital Statistics Data as of July, 2023","43.149482","-75.361773","False"
"very-low-birthweight","Percentage very low birthweight (<1.5 kg) births","Onondaga","1.5","222","4933","Percentage","2019-2021","2021 Vital Statistics Data as of July, 2023","43.065629","-76.168033","False"
"very-low-birthweight","Percentage very low birthweight (<1.5 kg) births","Ontario","1.1","31","965","Percentage","2019-2021","2021 Vital Statistics Data as of July, 2023","42.894571","-77.252045","False"
"very-low-birthweight","Percentage very low birthweight (<1.5 kg) births","Orange","1.2","188","5290","Percentage","2019-2021","2021 Vital Statistics Data as of July, 2023","41.422459","-74.241929","False"
"very-low-birthweight","Percentage very low birthweight (<1.5 kg) births","Orleans","2","24","403","Percentage","2019-2021","2021 Vital Statistics Data as of July, 2023","43.248394","-78.218438","False"
"very-low-birthweight","Percentage very low birthweight (<1.5 kg) births","Oswego","1.1","40","1169","Percentage","2019-2021","2021 Vital Statistics Data as of July, 2023","43.39123","-76.31133","False"
"very-low-birthweight","Percentage very low birthweight (<1.5 kg) births","Otsego","1.2","16","451","Percentage","2019-2021","2021 Vital Statistics Data as of July, 2023","42.564852","-75.060334","False"
"very-low-birthweight","Percentage very low birthweight (<1.5 kg) births","Putnam","1.1","28","847","Percentage","2019-2021","2021 Vital Statistics Data as of July, 2023","41.41131","-73.717443","False"
"very-low-birthweight","Percentage very low birthweight (<1.5 kg) births","Queens","1.4","1016","24951","Percentage","2019-2021","2021 Vital Statistics Data as of July, 2023","40.749338","-73.789673","False"
"very-low-birthweight","Percentage very low birthweight (<1.5 kg) births","Rensselaer","1.4","66","1554","Percentage","2019-2021","2021 Vital Statistics Data as of July, 2023","42.70098","-73.628669","False"
"very-low-birthweight","Percentage very low birthweight (<1.5 kg) births","Richmond","1.3","195","5018","Percentage","2019-2021","2021 Vital Statistics Data as of July, 2023","40.566763","-74.148102","False"
"very-low-birthweight","Percentage very low birthweight (<1.5 kg) births","Rockland","0.9","155","5762","Percentage","2019-2021","2021 Vital Statistics Data as of July, 2023","41.127287","-74.017033","False"
"very-low-birthweight","Percentage very low birthweight (<1.5 kg) births","Saratoga","1.2","73","2045","Percentage","2019-2021","2021 Vital Statistics Data as of July, 2023","43.00894","-73.786779","False"
"very-low-birthweight","Percentage very low birthweight (<1.5 kg) births","Schenectady","1.7","89","1739","Percentage","2019-2021","2021 Vital Statistics Data as of July, 2023","42.809233","-73.946838","False"
"very-low-birthweight","Percentage very low birthweight (<1.5 kg) births","Schoharie","0.8","6","249","Percentage","2019-2021","2021 Vital Statistics Data as of July, 2023","42.643426","-74.434606","False"
"very-low-birthweight","Percentage very low birthweight (<1.5 kg) births","Schuyler","0.8","4","166","Percentage","2019-2021","2021 Vital Statistics Data as of July, 2023","42.38593","-76.872032","False"
"very-low-birthweight","Percentage very low birthweight (<1.5 kg) births","Seneca","1.3","14","353","Percentage","2019-2021","2021 Vital Statistics Data as of July, 2023","42.833627","-76.82753","False"
"very-low-birthweight","Percentage very low birthweight (<1.5 kg) births","St. Lawrence","1.4","40","973","Percentage","2019-2021","2021 Vital Statistics Data as of July, 2023","44.689468","-75.242045","False"
"very-low-birthweight","Percentage very low birthweight (<1.5 kg) births","Steuben","1","30","975","Percentage","2019-2021","2021 Vital Statistics Data as of July, 2023","42.270053","-77.324618","False"
"very-low-birthweight","Percentage very low birthweight (<1.5 kg) births","Suffolk","1.1","518","15188","Percentage","2019-2021","2021 Vital Statistics Data as of July, 2023","40.820237","-73.119032","False"
"very-low-birthweight","Percentage very low birthweight (<1.5 kg) births","Sullivan","1.2","32","905","Percentage","2019-2021","2021 Vital Statistics Data as of July, 2023","41.705166","-74.711705","False"
"very-low-birthweight","Percentage very low birthweight (<1.5 kg) births","Tioga","1","14","454","Percentage","2019-2021","2021 Vital Statistics Data as of July, 2023","42.120252","-76.29595","False"
"very-low-birthweight","Percentage very low birthweight (<1.5 kg) births","Tompkins","0.6","12","687","Percentage","2019-2021","2021 Vital Statistics Data as of July, 2023","42.461024","-76.478784","False"
"very-low-birthweight","Percentage very low birthweight (<1.5 kg) births","Ulster","1.3","57","1519","Percentage","2019-2021","2021 Vital Statistics Data as of July, 2023","41.848374","-74.099412","False"
"very-low-birthweight","Percentage very low birthweight (<1.5 kg) births","Warren","1.1","17","517","Percentage","2019-2021","2021 Vital Statistics Data as of July, 2023","43.403024","-73.716044","False"
"very-low-birthweight","Percentage very low birthweight (<1.5 kg) births","Washington","1","16","549","Percentage","2019-2021","2021 Vital Statistics Data as of July, 2023","43.289513","-73.454761","False"
"very-low-birthweight","Percentage very low birthweight (<1.5 kg) births","Wayne","1.1","28","887","Percentage","2019-2021","2021 Vital Statistics Data as of July, 2023","43.144336","-77.117995","False"
"very-low-birthweight","Percentage very low birthweight (<1.5 kg) births","Westchester","1.3","382","9856","Percentage","2019-2021","2021 Vital Statistics Data as of July, 2023","41.039278","-73.805386","False"
"very-low-birthweight","Percentage very low birthweight (<1.5 kg) births","Wyoming","1.1","12","355","Percentage","2019-2021","2021 Vital Statistics Data as of July, 2023","42.723641","-78.204473","False"
"very-low-birthweight","Percentage very low birthweight (<1.5 kg) births","Yates","0.6","6","320","Percentage","2019-2021","2021 Vital Statistics Data as of July, 2023","42.634338","-77.078311","False"
"work-related-hospitalization","Work-related hospitalizations per 100,000 employed persons aged 16 years and older","Albany","72.7","328","150317","Rate","2019-2021","SPARCS, data as of November 2022","42.678066","-73.814233","False"
"work-related-hospitalization","Work-related hospitalizations per 100,000 employed persons aged 16 years and older","Allegany","173","94","18113","Rate","2019-2021","SPARCS, data as of November 2022","42.226801","-78.020567","False"
"work-related-hospitalization","Work-related hospitalizations per 100,000 employed persons aged 16 years and older","Bronx","139.6","2250","537362","Rate","2019-2021","SPARCS, data as of November 2022","40.85589","-73.868294","False"
"work-related-hospitalization","Work-related hospitalizations per 100,000 employed persons aged 16 years and older","Broome","159","372","77981","Rate","2019-2021","SPARCS, data as of November 2022","42.122015","-75.933191","False"
"work-related-hospitalization","Work-related hospitalizations per 100,000 employed persons aged 16 years and older","Cattaraugus","210.6","198","31343","Rate","2019-2021","SPARCS, data as of November 2022","42.224267","-78.606673","False"
"work-related-hospitalization","Work-related hospitalizations per 100,000 employed persons aged 16 years and older","Cayuga","178.3","181","33838","Rate","2019-2021","SPARCS, data as of November 2022","42.940095","-76.560755","False"
"work-related-hospitalization","Work-related hospitalizations per 100,000 employed persons aged 16 years and older","Chautauqua","169.7","257","50476","Rate","2019-2021","SPARCS, data as of November 2022","42.246904","-79.315313","False"
"work-related-hospitalization","Work-related hospitalizations per 100,000 employed persons aged 16 years and older","Chemung","107.3","107","33234","Rate","2019-2021","SPARCS, data as of November 2022","42.116644","-76.812331","False"
"work-related-hospitalization","Work-related hospitalizations per 100,000 employed persons aged 16 years and older","Chenango","158.1","99","20875","Rate","2019-2021","SPARCS, data as of November 2022","42.481798","-75.570013","False"
"work-related-hospitalization","Work-related hospitalizations per 100,000 employed persons aged 16 years and older","Clinton","71.7","73","33955","Rate","2019-2021","SPARCS, data as of November 2022","44.731944","-73.548883","False"
"work-related-hospitalization","Work-related hospitalizations per 100,000 employed persons aged 16 years and older","Columbia","98.3","87","29513","Rate","2019-2021","SPARCS, data as of November 2022","42.276913","-73.682168","False"
"work-related-hospitalization","Work-related hospitalizations per 100,000 employed persons aged 16 years and older","Cortland","101.2","65","21404","Rate","2019-2021","SPARCS, data as of November 2022","42.597101","-76.143291","False"
"work-related-hospitalization","Work-related hospitalizations per 100,000 employed persons aged 16 years and older","Delaware","119.3","64","17885","Rate","2019-2021","SPARCS, data as of November 2022","42.242972","-74.997944","False"
"work-related-hospitalization","Work-related hospitalizations per 100,000 employed persons aged 16 years and older","Dutchess","124.5","512","137063","Rate","2019-2021","SPARCS, data as of November 2022","41.686216","-73.840468","False"
"work-related-hospitalization","Work-related hospitalizations per 100,000 employed persons aged 16 years and older","Erie","194.6","2425","415298","Rate","2019-2021","SPARCS, data as of November 2022","42.888143","-78.795544","False"
"work-related-hospitalization","Work-related hospitalizations per 100,000 employed persons aged 16 years and older","Essex","75.4","36","15917","Rate","2019-2021","SPARCS, data as of November 2022","44.166026","-73.685145","False"
"work-related-hospitalization","Work-related hospitalizations per 100,000 employed persons aged 16 years and older","Franklin","98.5","54","18267","Rate","2019-2021","SPARCS, data as of November 2022","44.705699","-74.340621","False"
"work-related-hospitalization","Work-related hospitalizations per 100,000 employed persons aged 16 years and older","Fulton","164.9","105","21229","Rate","2019-2021","SPARCS, data as of November 2022","43.06014","-74.331296","False"
"work-related-hospitalization","Work-related hospitalizations per 100,000 employed persons aged 16 years and older","Genesee","175.6","148","28089","Rate","2019-2021","SPARCS, data as of November 2022","43.000121","-78.172679","False"
"work-related-hospitalization","Work-related hospitalizations per 100,000 employed persons aged 16 years and older","Greene","156.1","90","19220","Rate","2019-2021","SPARCS, data as of November 2022","42.298326","-73.973376","False"
"work-related-hospitalization","Work-related hospitalizations per 100,000 employed persons aged 16 years and older","Hamilton","128.5","8","2075","Rate","2019-2021","SPARCS, data as of November 2022","43.618468","-74.395268","False"
"work-related-hospitalization","Work-related hospitalizations per 100,000 employed persons aged 16 years and older","Herkimer","126.3","99","26121","Rate","2019-2021","SPARCS, data as of November 2022","43.070026","-74.994246","False"
"work-related-hospitalization","Work-related hospitalizations per 100,000 employed persons aged 16 years and older","Jefferson","123.8","153","41209","Rate","2019-2021","SPARCS, data as of November 2022","44.019295","-75.898971","False"
"work-related-hospitalization","Work-related hospitalizations per 100,000 employed persons aged 16 years and older","Kings","67.2","2212","1096646","Rate","2019-2021","SPARCS, data as of November 2022","40.65642","-73.950691","False"
"work-related-hospitalization","Work-related hospitalizations per 100,000 employed persons aged 16 years and older","Lewis","128.4","42","10903","Rate","2019-2021","SPARCS, data as of November 2022","43.785537","-75.446296","False"
"work-related-hospitalization","Work-related hospitalizations per 100,000 employed persons aged 16 years and older","Livingston","120.4","104","28781","Rate","2019-2021","SPARCS, data as of November 2022","42.763754","-77.765392","False"
"work-related-hospitalization","Work-related hospitalizations per 100,000 employed persons aged 16 years and older","Madison","191.6","178","30967","Rate","2019-2021","SPARCS, data as of November 2022","42.986917","-75.720031","False"
"work-related-hospitalization","Work-related hospitalizations per 100,000 employed persons aged 16 years and older","Monroe","89.1","915","342500","Rate","2019-2021","SPARCS, data as of November 2022","43.161748","-77.620143","False"
"work-related-hospitalization","Work-related hospitalizations per 100,000 employed persons aged 16 years and older","Montgomery","147.1","92","20854","Rate","2019-2021","SPARCS, data as of November 2022","42.933637","-74.341972","False"
"work-related-hospitalization","Work-related hospitalizations per 100,000 employed persons aged 16 years and older","Nassau","131.4","2657","674178","Rate","2019-2021","SPARCS, data as of November 2022","40.715749","-73.601185","False"
"work-related-hospitalization","Work-related hospitalizations per 100,000 employed persons aged 16 years and older","New York","38.3","973","845795","Rate","2019-2021","SPARCS, data as of November 2022","40.726966","-74.005966","False"
"work-related-hospitalization","Work-related hospitalizations per 100,000 employed persons aged 16 years and older","New York State","114.1","30431","8886908","Rate","2019-2021","SPARCS, data as of November 2022",,,"False"
"work-related-hospitalization","Work-related hospitalizations per 100,000 employed persons aged 16 years and older","Niagara","256","704","91676","Rate","2019-2021","SPARCS, data as of November 2022","43.134634","-78.856419","False"
"work-related-hospitalization","Work-related hospitalizations per 100,000 employed persons aged 16 years and older","Oneida","128.5","369","95741","Rate","2019-2021","SPARCS, data as of November 2022","43.149482","-75.361773","False"
"work-related-hospitalization","Work-related hospitalizations per 100,000 employed persons aged 16 years and older","Onondaga","166.5","1047","209619","Rate","2019-2021","SPARCS, data as of November 2022","43.065629","-76.168033","False"
"work-related-hospitalization","Work-related hospitalizations per 100,000 employed persons aged 16 years and older","Ontario","111.2","176","52748","Rate","2019-2021","SPARCS, data as of November 2022","42.894571","-77.252045","False"
"work-related-hospitalization","Work-related hospitalizations per 100,000 employed persons aged 16 years and older","Orange","126.2","668","176507","Rate","2019-2021","SPARCS, data as of November 2022","41.422459","-74.241929","False"
"work-related-hospitalization","Work-related hospitalizations per 100,000 employed persons aged 16 years and older","Orleans","194.3","95","16294","Rate","2019-2021","SPARCS, data as of November 2022","43.248394","-78.218438","False"
"work-related-hospitalization","Work-related hospitalizations per 100,000 employed persons aged 16 years and older","Oswego","172.7","255","49218","Rate","2019-2021","SPARCS, data as of November 2022","43.39123","-76.31133","False"
"work-related-hospitalization","Work-related hospitalizations per 100,000 employed persons aged 16 years and older","Otsego","124.8","97","25918","Rate","2019-2021","SPARCS, data as of November 2022","42.564852","-75.060334","False"
"work-related-hospitalization","Work-related hospitalizations per 100,000 employed persons aged 16 years and older","Putnam","86.5","126","48543","Rate","2019-2021","SPARCS, data as of November 2022","41.41131","-73.717443","False"
"work-related-hospitalization","Work-related hospitalizations per 100,000 employed persons aged 16 years and older","Queens","108.7","3405","1043989","Rate","2019-2021","SPARCS, data as of November 2022","40.749338","-73.789673","False"
"work-related-hospitalization","Work-related hospitalizations per 100,000 employed persons aged 16 years and older","Rensselaer","83.4","194","77496","Rate","2019-2021","SPARCS, data as of November 2022","42.70098","-73.628669","False"
"work-related-hospitalization","Work-related hospitalizations per 100,000 employed persons aged 16 years and older","Richmond","118.5","733","206270","Rate","2019-2021","SPARCS, data as of November 2022","40.566763","-74.148102","False"
"work-related-hospitalization","Work-related hospitalizations per 100,000 employed persons aged 16 years and older","Rockland","99.5","441","147810","Rate","2019-2021","SPARCS, data as of November 2022","41.127287","-74.017033","False"
"work-related-hospitalization","Work-related hospitalizations per 100,000 employed persons aged 16 years and older","Saratoga","83.2","287","114953","Rate","2019-2021","SPARCS, data as of November 2022","43.00894","-73.786779","False"
"work-related-hospitalization","Work-related hospitalizations per 100,000 employed persons aged 16 years and older","Schenectady","84.8","186","73122","Rate","2019-2021","SPARCS, data as of November 2022","42.809233","-73.946838","False"
"work-related-hospitalization","Work-related hospitalizations per 100,000 employed persons aged 16 years and older","Schoharie","93.4","39","13917","Rate","2019-2021","SPARCS, data as of November 2022","42.643426","-74.434606","False"
"work-related-hospitalization","Work-related hospitalizations per 100,000 employed persons aged 16 years and older","Schuyler","152.6","35","7643","Rate","2019-2021","SPARCS, data as of November 2022","42.38593","-76.872032","False"
"work-related-hospitalization","Work-related hospitalizations per 100,000 employed persons aged 16 years and older","Seneca","172.3","76","14699","Rate","2019-2021","SPARCS, data as of November 2022","42.833627","-76.82753","False"
"work-related-hospitalization","Work-related hospitalizations per 100,000 employed persons aged 16 years and older","St. Lawrence","140","171","40706","Rate","2019-2021","SPARCS, data as of November 2022","44.689468","-75.242045","False"
"work-related-hospitalization","Work-related hospitalizations per 100,000 employed persons aged 16 years and older","Steuben","95.3","114","39873","Rate","2019-2021","SPARCS, data as of November 2022","42.270053","-77.324618","False"
"work-related-hospitalization","Work-related hospitalizations per 100,000 employed persons aged 16 years and older","Suffolk","175.3","3882","738118","Rate","2019-2021","SPARCS, data as of November 2022","40.820237","-73.119032","False"
"work-related-hospitalization","Work-related hospitalizations per 100,000 employed persons aged 16 years and older","Sullivan","157.8","163","34435","Rate","2019-2021","SPARCS, data as of November 2022","41.705166","-74.711705","False"
"work-related-hospitalization","Work-related hospitalizations per 100,000 employed persons aged 16 years and older","Tioga","120.7","77","21267","Rate","2019-2021","SPARCS, data as of November 2022","42.120252","-76.29595","False"
"work-related-hospitalization","Work-related hospitalizations per 100,000 employed persons aged 16 years and older","Tompkins","35.9","51","47316","Rate","2019-2021","SPARCS, data as of November 2022","42.461024","-76.478784","False"
"work-related-hospitalization","Work-related hospitalizations per 100,000 employed persons aged 16 years and older","Ulster","122","303","82767","Rate","2019-2021","SPARCS, data as of November 2022","41.848374","-74.099412","False"
"work-related-hospitalization","Work-related hospitalizations per 100,000 employed persons aged 16 years and older","Warren","98.5","87","29433","Rate","2019-2021","SPARCS, data as of November 2022","43.403024","-73.716044","False"
"work-related-hospitalization","Work-related hospitalizations per 100,000 employed persons aged 16 years and older","Washington","125.8","99","26242","Rate","2019-2021","SPARCS, data as of November 2022","43.289513","-73.454761","False"
"work-related-hospitalization","Work-related hospitalizations per 100,000 employed persons aged 16 years and older","Wayne","128.3","159","41296","Rate","2019-2021","SPARCS, data as of November 2022","43.144336","-77.117995","False"
"work-related-hospitalization","Work-related hospitalizations per 100,000 employed persons aged 16 years and older","Westchester","93.1","1283","459519","Rate","2019-2021","SPARCS, data as of November 2022","41.039278","-73.805386","False"
"work-related-hospitalization","Work-related hospitalizations per 100,000 employed persons aged 16 years and older","Wyoming","186.8","96","17128","Rate","2019-2021","SPARCS, data as of November 2022","42.723641","-78.204473","False"
"work-related-hospitalization","Work-related hospitalizations per 100,000 employed persons aged 16 years and older","Yates","103.8","35","11235","Rate","2019-2021","SPARCS, data as of November 2022","42.634338","-77.078311","False"
